ID,Date,Time,Sender,Message,SystemMessage,tokenized_message,pii
1,1/1/2024,8:00,Cindy,Aku lagi tambahkan data Riwayat Pendidikan ke sistem. Semoga prosesnya lancar.,FALSE,"['Aku', 'lagi', 'tambahkan', 'data', 'Riwayat', 'Pendidikan', 'ke', 'sistem', 'Semoga', 'prosesnya', 'lancar']","['O', 'O', 'O', 'O', 'O', 'O', 'O', 'O', 'O', 'O', 'O']"
2,1/1/2024,8:05,Dina,"Aku baru beli kendaraan baru, plat nomornya B 8392 XYZ, warna hitam.",FALSE,"['Aku', 'baru', 'beli', 'kendaraan', 'baru', 'plat', 'nomornya', 'B', '8392', 'XYZ', 'warna', 'hitam']","['O', 'O', 'O', 'O', 'O', 'O', 'O', 'B_Plate', 'I_Plate', 'I_Plate', 'O', 'B_Asset']"
3,1/1/2024,8:10,Gina,"Barusan pindah ke alamat baru, yaitu Jl. Kenanga No. 23.",FALSE,"['Barusan', 'pindah', 'ke', 'alamat', 'baru', 'yaitu', 'Jl', 'Kenanga', 'No', '23']","['O', 'O', 'O', 'O', 'O', 'O', 'B_Address', 'I_Address', 'I_Address', 'I_Address']"
4,1/1/2024,8:15,Dina,Ada yang tahu cara urus data Media Sosial? Aku lagi butuh info nih.,FALSE,"['Ada', 'yang', 'tahu', 'cara', 'urus', 'data', 'Media', 'Sosial', 'Aku', 'lagi', 'butuh', 'info', 'nih']","['O', 'O', 'O', 'O', 'O', 'O', 'O', 'O', 'O', 'O', 'O', 'O', 'O']"
5,1/1/2024,8:20,Gina,"Aku baru update data Nama Lengkap. Detailnya sekarang sudah benar, loh.",FALSE,"['Aku', 'baru', 'update', 'data', 'Nama', 'Lengkap', 'Detailnya', 'sekarang', 'sudah', 'benar', 'loh']","['O', 'O', 'O', 'O', 'O', 'O', 'O', 'O', 'O', 'O', 'O']"
6,1/1/2024,8:25,Budi,Ada yang tahu cara urus data Nomor Faks? Aku lagi butuh info nih.,FALSE,"['Ada', 'yang', 'tahu', 'cara', 'urus', 'data', 'Nomor', 'Faks', 'Aku', 'lagi', 'butuh', 'info', 'nih']","['O', 'O', 'O', 'O', 'O', 'O', 'O', 'O', 'O', 'O', 'O', 'O', 'O']"
7,1/1/2024,8:30,Ari,Ada yang tahu cara urus data Nomor Sertifikat Tanah? Aku lagi butuh info nih.,FALSE,"['Ada', 'yang', 'tahu', 'cara', 'urus', 'data', 'Nomor', 'Sertifikat', 'Tanah', 'Aku', 'lagi', 'butuh', 'info', 'nih']","['O', 'O', 'O', 'O', 'O', 'O', 'O', 'O', 'O', 'O', 'O', 'O', 'O', 'O']"
8,1/1/2024,8:35,Dina,"Aku baru buka rekening baru, nomornya 1938938167 di Bank ABC.",FALSE,"['Aku', 'baru', 'buka', 'rekening', 'baru', 'nomornya', '1938938167', 'di', 'Bank', 'ABC']","['O', 'O', 'O', 'O', 'O', 'O', 'B_Account', 'O', 'O', 'O']"
9,1/1/2024,8:40,Ari,"Aku baru buka rekening baru, nomornya 7026158044 di Bank ABC.",FALSE,"['Aku', 'baru', 'buka', 'rekening', 'baru', 'nomornya', '7026158044', 'di', 'Bank', 'ABC']","['O', 'O', 'O', 'O', 'O', 'O', 'B_Account', 'O', 'O', 'O']"
10,1/1/2024,8:45,Eka,Ada yang tahu cara urus data Merek dan Tipe Alat Elektronik? Aku lagi butuh info nih.,FALSE,"['Ada', 'yang', 'tahu', 'cara', 'urus', 'data', 'Merek', 'dan', 'Tipe', 'Alat', 'Elektronik', 'Aku', 'lagi', 'butuh', 'info', 'nih']","['O', 'O', 'O', 'O', 'O', 'O', 'O', 'O', 'O', 'O', 'O', 'O', 'O', 'O', 'O', 'O']"
11,1/1/2024,8:50,Cindy,Ada yang tahu cara urus data Nomor Akun Aset Keuangan? Aku lagi butuh info nih.,FALSE,"['Ada', 'yang', 'tahu', 'cara', 'urus', 'data', 'Nomor', 'Akun', 'Aset', 'Keuangan', 'Aku', 'lagi', 'butuh', 'info', 'nih']","['O', 'O', 'O', 'O', 'O', 'O', 'O', 'O', 'O', 'O', 'O', 'O', 'O', 'O', 'O']"
12,1/1/2024,8:55,Budi,Ada yang tahu cara urus data Riwayat Pencarian di Internet? Aku lagi butuh info nih.,FALSE,"['Ada', 'yang', 'tahu', 'cara', 'urus', 'data', 'Riwayat', 'Pencarian', 'di', 'Internet', 'Aku', 'lagi', 'butuh', 'info', 'nih']","['O', 'O', 'O', 'O', 'O', 'O', 'O', 'O', 'O', 'O', 'O', 'O', 'O', 'O', 'O']"
13,1/1/2024,9:00,Dina,Ada yang tahu cara urus data Media Sosial? Aku lagi butuh info nih.,FALSE,"['Ada', 'yang', 'tahu', 'cara', 'urus', 'data', 'Media', 'Sosial', 'Aku', 'lagi', 'butuh', 'info', 'nih']","['O', 'O', 'O', 'O', 'O', 'O', 'O', 'O', 'O', 'O', 'O', 'O', 'O']"
14,1/1/2024,9:05,Cindy,Nomor Nomor Telepon aku yang baru itu 08151026376.,FALSE,"['Nomor', 'Nomor', 'Telepon', 'aku', 'yang', 'baru', 'itu', '08151026376']","['O', 'O', 'O', 'O', 'O', 'O', 'O', 'B_Phone_Number']"
15,1/1/2024,9:10,Dina,Ada yang tahu cara urus data Nomor Sertifikat Tanah? Aku lagi butuh info nih.,FALSE,"['Ada', 'yang', 'tahu', 'cara', 'urus', 'data', 'Nomor', 'Sertifikat', 'Tanah', 'Aku', 'lagi', 'butuh', 'info', 'nih']","['O', 'O', 'O', 'O', 'O', 'O', 'O', 'O', 'O', 'O', 'O', 'O', 'O', 'O']"
16,1/1/2024,9:15,Gina,Ada yang tahu cara urus data Nomor Faks? Aku lagi butuh info nih.,FALSE,"['Ada', 'yang', 'tahu', 'cara', 'urus', 'data', 'Nomor', 'Faks', 'Aku', 'lagi', 'butuh', 'info', 'nih']","['O', 'O', 'O', 'O', 'O', 'O', 'O', 'O', 'O', 'O', 'O', 'O', 'O']"
17,1/1/2024,9:20,Eka,Aku lagi tambahkan data Riwayat Pendidikan ke sistem. Semoga prosesnya lancar.,FALSE,"['Aku', 'lagi', 'tambahkan', 'data', 'Riwayat', 'Pendidikan', 'ke', 'sistem', 'Semoga', 'prosesnya', 'lancar']","['O', 'O', 'O', 'O', 'O', 'O', 'O', 'O', 'O', 'O', 'O']"
18,1/1/2024,9:25,Eka,"Kemarin urus ulang Nomor Paspor, nomor barunya adalah 8510105505.",FALSE,"['Kemarin', 'urus', 'ulang', 'Nomor', 'Paspor', 'nomor', 'barunya', 'adalah', '8510105505']","['O', 'O', 'O', 'O', 'O', 'O', 'O', 'O', 'B_SSN']"
19,1/1/2024,9:30,Eka,"Aku baru beli kendaraan baru, plat nomornya B 9870 XYZ, warna merah.",FALSE,"['Aku', 'baru', 'beli', 'kendaraan', 'baru', 'plat', 'nomornya', 'B', '9870', 'XYZ', 'warna', 'merah']","['O', 'O', 'O', 'O', 'O', 'O', 'O', 'B_Plate', 'I_Plate', 'I_Plate', 'O', 'B_Asset']"
20,1/1/2024,9:35,Budi,Ada yang tahu cara urus data Lokasi Aktivitas Digital? Aku lagi butuh info nih.,FALSE,"['Ada', 'yang', 'tahu', 'cara', 'urus', 'data', 'Lokasi', 'Aktivitas', 'Digital', 'Aku', 'lagi', 'butuh', 'info', 'nih']","['O', 'O', 'O', 'O', 'O', 'O', 'O', 'O', 'O', 'O', 'O', 'O', 'O', 'O']"
21,1/1/2024,9:40,Ari,"Aku baru update data Nama Lengkap. Detailnya sekarang sudah benar, loh.",FALSE,"['Aku', 'baru', 'update', 'data', 'Nama', 'Lengkap', 'Detailnya', 'sekarang', 'sudah', 'benar', 'loh']","['O', 'O', 'O', 'O', 'O', 'O', 'O', 'O', 'O', 'O', 'O']"
22,1/1/2024,9:45,Budi,"Kemarin urus ulang Nomor NPWP, nomor barunya adalah 9551818536.",FALSE,"['Kemarin', 'urus', 'ulang', 'Nomor', 'NPWP', 'nomor', 'barunya', 'adalah', '9551818536']","['O', 'O', 'O', 'O', 'O', 'O', 'O', 'O', 'B_SSN']"
23,1/1/2024,9:50,Budi,Ada yang tahu cara urus data Lokasi Aktivitas Digital? Aku lagi butuh info nih.,FALSE,"['Ada', 'yang', 'tahu', 'cara', 'urus', 'data', 'Lokasi', 'Aktivitas', 'Digital', 'Aku', 'lagi', 'butuh', 'info', 'nih']","['O', 'O', 'O', 'O', 'O', 'O', 'O', 'O', 'O', 'O', 'O', 'O', 'O', 'O']"
24,1/1/2024,9:55,Cindy,Ada yang tahu cara urus data Nomor Kartu Kredit/Debit? Aku lagi butuh info nih.,FALSE,"['Ada', 'yang', 'tahu', 'cara', 'urus', 'data', 'Nomor', 'Kartu', 'Kredit', 'Debit', 'Aku', 'lagi', 'butuh', 'info', 'nih']","['O', 'O', 'O', 'O', 'O', 'O', 'O', 'O', 'O', 'O', 'O', 'O', 'O', 'O', 'O']"
25,1/1/2024,10:00,Budi,"Kemarin urus ulang Nomor BPJS, nomor barunya adalah 4453233756.",FALSE,"['Kemarin', 'urus', 'ulang', 'Nomor', 'BPJS', 'nomor', 'barunya', 'adalah', '4453233756']","['O', 'O', 'O', 'O', 'O', 'O', 'O', 'O', 'B_SSN']"
26,1/1/2024,10:05,Eka,"Data Tempat Lahir aku sudah diverifikasi, jadi gak ada masalah lagi sekarang.",FALSE,"['Data', 'Tempat', 'Lahir', 'aku', 'sudah', 'diverifikasi', 'jadi', 'gak', 'ada', 'masalah', 'lagi', 'sekarang']","['O', 'O', 'O', 'O', 'O', 'O', 'O', 'O', 'O', 'O', 'O', 'O']"
27,1/1/2024,10:10,Budi,"Kemarin urus ulang Nomor KTP, nomor barunya adalah 9646904857.",FALSE,"['Kemarin', 'urus', 'ulang', 'Nomor', 'KTP', 'nomor', 'barunya', 'adalah', '9646904857']","['O', 'O', 'O', 'O', 'O', 'O', 'O', 'O', 'B_SSN']"
28,1/1/2024,10:15,Eka,Ada yang tahu cara urus data Alamat Email? Aku lagi butuh info nih.,FALSE,"['Ada', 'yang', 'tahu', 'cara', 'urus', 'data', 'Alamat', 'Email', 'Aku', 'lagi', 'butuh', 'info', 'nih']","['O', 'O', 'O', 'O', 'O', 'O', 'O', 'O', 'O', 'O', 'O', 'O', 'O']"
29,1/1/2024,10:20,Ari,Ada yang tahu cara urus data Alamat Email? Aku lagi butuh info nih.,FALSE,"['Ada', 'yang', 'tahu', 'cara', 'urus', 'data', 'Alamat', 'Email', 'Aku', 'lagi', 'butuh', 'info', 'nih']","['O', 'O', 'O', 'O', 'O', 'O', 'O', 'O', 'O', 'O', 'O', 'O', 'O']"
30,1/1/2024,10:25,Cindy,"Aku baru update data Nama Lengkap. Detailnya sekarang sudah benar, loh.",FALSE,"['Aku', 'baru', 'update', 'data', 'Nama', 'Lengkap', 'Detailnya', 'sekarang', 'sudah', 'benar', 'loh']","['O', 'O', 'O', 'O', 'O', 'O', 'O', 'O', 'O', 'O', 'O']"
31,1/1/2024,10:30,Dina,"Barusan pindah ke alamat baru, yaitu Jl. Mawar No. 63.",FALSE,"['Barusan', 'pindah', 'ke', 'alamat', 'baru', 'yaitu', 'Jl', 'Mawar', 'No', '63']","['O', 'O', 'O', 'O', 'O', 'O', 'B_Address', 'I_Address', 'I_Address', 'I_Address']"
32,1/1/2024,10:35,Cindy,Nomor Nomor Ponsel aku yang baru itu 08174955782.,FALSE,"['Nomor', 'Nomor', 'Ponsel', 'aku', 'yang', 'baru', 'itu', '08174955782']","['O', 'O', 'O', 'O', 'O', 'O', 'O', 'B_Phone_Number']"
33,1/1/2024,10:40,Budi,Ada yang tahu cara urus data Nomor Induk Pegawai (NIP)? Aku lagi butuh info nih.,FALSE,"['Ada', 'yang', 'tahu', 'cara', 'urus', 'data', 'Nomor', 'Induk', 'Pegawai', 'NIP', 'Aku', 'lagi', 'butuh', 'info', 'nih']","['O', 'O', 'O', 'O', 'O', 'O', 'O', 'O', 'O', 'O', 'O', 'O', 'O', 'O', 'O']"
34,1/1/2024,10:45,Budi,"Aku baru buka rekening baru, nomornya 5493157211 di Bank ABC.",FALSE,"['Aku', 'baru', 'buka', 'rekening', 'baru', 'nomornya', '5493157211', 'di', 'Bank', 'ABC']","['O', 'O', 'O', 'O', 'O', 'O', 'B_Account', 'O', 'O', 'O']"
35,1/1/2024,10:50,Ari,Ada yang tahu cara urus data Agama? Aku lagi butuh info nih.,FALSE,"['Ada', 'yang', 'tahu', 'cara', 'urus', 'data', 'Agama', 'Aku', 'lagi', 'butuh', 'info', 'nih']","['O', 'O', 'O', 'O', 'O', 'O', 'O', 'O', 'O', 'O', 'O', 'O']"
36,1/1/2024,10:55,Gina,Ada yang tahu cara urus data Nomor Akun Aset Keuangan? Aku lagi butuh info nih.,FALSE,"['Ada', 'yang', 'tahu', 'cara', 'urus', 'data', 'Nomor', 'Akun', 'Aset', 'Keuangan', 'Aku', 'lagi', 'butuh', 'info', 'nih']","['O', 'O', 'O', 'O', 'O', 'O', 'O', 'O', 'O', 'O', 'O', 'O', 'O', 'O', 'O']"
37,1/1/2024,11:00,Budi,Ada yang tahu cara urus data Nomor JKN? Aku lagi butuh info nih.,FALSE,"['Ada', 'yang', 'tahu', 'cara', 'urus', 'data', 'Nomor', 'JKN', 'Aku', 'lagi', 'butuh', 'info', 'nih']","['O', 'O', 'O', 'O', 'O', 'O', 'O', 'O', 'O', 'O', 'O', 'O', 'O']"
38,1/1/2024,11:05,Gina,"Aku baru buka rekening baru, nomornya 7809899829 di Bank ABC.",FALSE,"['Aku', 'baru', 'buka', 'rekening', 'baru', 'nomornya', '7809899829', 'di', 'Bank', 'ABC']","['O', 'O', 'O', 'O', 'O', 'O', 'B_Account', 'O', 'O', 'O']"
39,1/1/2024,11:10,Budi,Ada yang tahu cara urus data Media Sosial? Aku lagi butuh info nih.,FALSE,"['Ada', 'yang', 'tahu', 'cara', 'urus', 'data', 'Media', 'Sosial', 'Aku', 'lagi', 'butuh', 'info', 'nih']","['O', 'O', 'O', 'O', 'O', 'O', 'O', 'O', 'O', 'O', 'O', 'O', 'O']"
40,1/1/2024,11:15,Eka,"Kemarin urus ulang Nomor Paspor, nomor barunya adalah 7787570740.",FALSE,"['Kemarin', 'urus', 'ulang', 'Nomor', 'Paspor', 'nomor', 'barunya', 'adalah', '7787570740']","['O', 'O', 'O', 'O', 'O', 'O', 'O', 'O', 'B_SSN']"
41,1/1/2024,11:20,Gina,Nomor Nomor Ponsel aku yang baru itu 08180386895.,FALSE,"['Nomor', 'Nomor', 'Ponsel', 'aku', 'yang', 'baru', 'itu', '08180386895']","['O', 'O', 'O', 'O', 'O', 'O', 'O', 'B_Phone_Number']"
42,1/1/2024,11:25,Gina,"Aku baru update data Nama Panggilan. Detailnya sekarang sudah benar, loh.",FALSE,"['Aku', 'baru', 'update', 'data', 'Nama', 'Panggilan', 'Detailnya', 'sekarang', 'sudah', 'benar', 'loh']","['O', 'O', 'O', 'O', 'O', 'O', 'O', 'O', 'O', 'O', 'O']"
43,1/1/2024,11:30,Ari,Ada yang tahu cara urus data Status Sosial? Aku lagi butuh info nih.,FALSE,"['Ada', 'yang', 'tahu', 'cara', 'urus', 'data', 'Status', 'Sosial', 'Aku', 'lagi', 'butuh', 'info', 'nih']","['O', 'O', 'O', 'O', 'O', 'O', 'O', 'O', 'O', 'O', 'O', 'O', 'O']"
44,1/1/2024,11:35,Cindy,Ada yang tahu cara urus data Nomor Sertifikat Tanah? Aku lagi butuh info nih.,FALSE,"['Ada', 'yang', 'tahu', 'cara', 'urus', 'data', 'Nomor', 'Sertifikat', 'Tanah', 'Aku', 'lagi', 'butuh', 'info', 'nih']","['O', 'O', 'O', 'O', 'O', 'O', 'O', 'O', 'O', 'O', 'O', 'O', 'O', 'O']"
45,1/1/2024,11:40,Dina,Ada yang tahu cara urus data Nomor Sertifikat Tanah? Aku lagi butuh info nih.,FALSE,"['Ada', 'yang', 'tahu', 'cara', 'urus', 'data', 'Nomor', 'Sertifikat', 'Tanah', 'Aku', 'lagi', 'butuh', 'info', 'nih']","['O', 'O', 'O', 'O', 'O', 'O', 'O', 'O', 'O', 'O', 'O', 'O', 'O', 'O']"
46,1/1/2024,11:45,Cindy,"Barusan pindah ke alamat baru, yaitu Jl. Kenanga No. 87.",FALSE,"['Barusan', 'pindah', 'ke', 'alamat', 'baru', 'yaitu', 'Jl', 'Kenanga', 'No', '87']","['O', 'O', 'O', 'O', 'O', 'O', 'B_Address', 'I_Address', 'I_Address', 'I_Address']"
47,1/1/2024,11:50,Budi,Nomor Nomor Telepon aku yang baru itu 08137949196.,FALSE,"['Nomor', 'Nomor', 'Telepon', 'aku', 'yang', 'baru', 'itu', '08137949196']","['O', 'O', 'O', 'O', 'O', 'O', 'O', 'B_Phone_Number']"
48,1/1/2024,11:55,Eka,Ada yang tahu cara urus data Nomor Induk Siswa Nasional (NISN)? Aku lagi butuh info nih.,FALSE,"['Ada', 'yang', 'tahu', 'cara', 'urus', 'data', 'Nomor', 'Induk', 'Siswa', 'Nasional', 'NISN', 'Aku', 'lagi', 'butuh', 'info', 'nih']","['O', 'O', 'O', 'O', 'O', 'O', 'O', 'O', 'O', 'O', 'O', 'O', 'O', 'O', 'O', 'O']"
49,1/1/2024,12:00,Gina,Ada yang tahu cara urus data Nomor Sertifikat Rumah/Properti? Aku lagi butuh info nih.,FALSE,"['Ada', 'yang', 'tahu', 'cara', 'urus', 'data', 'Nomor', 'Sertifikat', 'Rumah', 'Properti', 'Aku', 'lagi', 'butuh', 'info', 'nih']","['O', 'O', 'O', 'O', 'O', 'O', 'O', 'O', 'O', 'O', 'O', 'O', 'O', 'O', 'O']"
50,1/1/2024,12:05,Ari,Aku lagi tambahkan data Riwayat Pendidikan ke sistem. Semoga prosesnya lancar.,FALSE,"['Aku', 'lagi', 'tambahkan', 'data', 'Riwayat', 'Pendidikan', 'ke', 'sistem', 'Semoga', 'prosesnya', 'lancar']","['O', 'O', 'O', 'O', 'O', 'O', 'O', 'O', 'O', 'O', 'O']"
51,1/1/2024,12:10,Gina,Ada yang tahu cara urus data Status Perkawinan? Aku lagi butuh info nih.,FALSE,"['Ada', 'yang', 'tahu', 'cara', 'urus', 'data', 'Status', 'Perkawinan', 'Aku', 'lagi', 'butuh', 'info', 'nih']","['O', 'O', 'O', 'O', 'O', 'O', 'O', 'O', 'O', 'O', 'O', 'O', 'O']"
52,1/1/2024,12:15,Gina,Ada yang tahu cara urus data Nomor Sertifikat Tanah? Aku lagi butuh info nih.,FALSE,"['Ada', 'yang', 'tahu', 'cara', 'urus', 'data', 'Nomor', 'Sertifikat', 'Tanah', 'Aku', 'lagi', 'butuh', 'info', 'nih']","['O', 'O', 'O', 'O', 'O', 'O', 'O', 'O', 'O', 'O', 'O', 'O', 'O', 'O']"
53,1/1/2024,12:20,Dina,Ada yang tahu cara urus data Nomor Induk Siswa Nasional (NISN)? Aku lagi butuh info nih.,FALSE,"['Ada', 'yang', 'tahu', 'cara', 'urus', 'data', 'Nomor', 'Induk', 'Siswa', 'Nasional', 'NISN', 'Aku', 'lagi', 'butuh', 'info', 'nih']","['O', 'O', 'O', 'O', 'O', 'O', 'O', 'O', 'O', 'O', 'O', 'O', 'O', 'O', 'O', 'O']"
54,1/1/2024,12:25,Dina,"Kemarin urus ulang Nomor Paspor, nomor barunya adalah 4858652446.",FALSE,"['Kemarin', 'urus', 'ulang', 'Nomor', 'Paspor', 'nomor', 'barunya', 'adalah', '4858652446']","['O', 'O', 'O', 'O', 'O', 'O', 'O', 'O', 'B_SSN']"
55,1/1/2024,12:30,Gina,Ada yang tahu cara urus data Alamat Email? Aku lagi butuh info nih.,FALSE,"['Ada', 'yang', 'tahu', 'cara', 'urus', 'data', 'Alamat', 'Email', 'Aku', 'lagi', 'butuh', 'info', 'nih']","['O', 'O', 'O', 'O', 'O', 'O', 'O', 'O', 'O', 'O', 'O', 'O', 'O']"
56,1/1/2024,12:35,Budi,"Aku baru beli kendaraan baru, plat nomornya B 3529 XYZ, warna biru.",FALSE,"['Aku', 'baru', 'beli', 'kendaraan', 'baru', 'plat', 'nomornya', 'B', '3529', 'XYZ', 'warna', 'biru']","['O', 'O', 'O', 'O', 'O', 'O', 'O', 'B_Plate', 'I_Plate', 'I_Plate', 'O', 'B_Asset']"
57,1/1/2024,12:40,Eka,Ada yang tahu cara urus data Nomor Induk Pegawai (NIP)? Aku lagi butuh info nih.,FALSE,"['Ada', 'yang', 'tahu', 'cara', 'urus', 'data', 'Nomor', 'Induk', 'Pegawai', 'NIP', 'Aku', 'lagi', 'butuh', 'info', 'nih']","['O', 'O', 'O', 'O', 'O', 'O', 'O', 'O', 'O', 'O', 'O', 'O', 'O', 'O', 'O']"
58,1/1/2024,12:45,Budi,Ada yang tahu cara urus data Lokasi Aktivitas Digital? Aku lagi butuh info nih.,FALSE,"['Ada', 'yang', 'tahu', 'cara', 'urus', 'data', 'Lokasi', 'Aktivitas', 'Digital', 'Aku', 'lagi', 'butuh', 'info', 'nih']","['O', 'O', 'O', 'O', 'O', 'O', 'O', 'O', 'O', 'O', 'O', 'O', 'O', 'O']"
59,1/1/2024,12:50,Budi,Ada yang tahu cara urus data Nomor Sertifikat Rumah/Properti? Aku lagi butuh info nih.,FALSE,"['Ada', 'yang', 'tahu', 'cara', 'urus', 'data', 'Nomor', 'Sertifikat', 'Rumah', 'Properti', 'Aku', 'lagi', 'butuh', 'info', 'nih']","['O', 'O', 'O', 'O', 'O', 'O', 'O', 'O', 'O', 'O', 'O', 'O', 'O', 'O', 'O']"
60,1/1/2024,12:55,Eka,Ada yang tahu cara urus data Alamat Email? Aku lagi butuh info nih.,FALSE,"['Ada', 'yang', 'tahu', 'cara', 'urus', 'data', 'Alamat', 'Email', 'Aku', 'lagi', 'butuh', 'info', 'nih']","['O', 'O', 'O', 'O', 'O', 'O', 'O', 'O', 'O', 'O', 'O', 'O', 'O']"
61,1/1/2024,13:00,Dina,Ada yang tahu cara urus data Nomor Induk Pegawai (NIP)? Aku lagi butuh info nih.,FALSE,"['Ada', 'yang', 'tahu', 'cara', 'urus', 'data', 'Nomor', 'Induk', 'Pegawai', 'NIP', 'Aku', 'lagi', 'butuh', 'info', 'nih']","['O', 'O', 'O', 'O', 'O', 'O', 'O', 'O', 'O', 'O', 'O', 'O', 'O', 'O', 'O']"
62,1/1/2024,13:05,Ari,"Barusan pindah ke alamat baru, yaitu Jl. Melati No. 29.",FALSE,"['Barusan', 'pindah', 'ke', 'alamat', 'baru', 'yaitu', 'Jl', 'Melati', 'No', '29']","['O', 'O', 'O', 'O', 'O', 'O', 'B_Address', 'I_Address', 'I_Address', 'I_Address']"
63,1/1/2024,13:10,Cindy,Ada yang tahu cara urus data Alamat Email? Aku lagi butuh info nih.,FALSE,"['Ada', 'yang', 'tahu', 'cara', 'urus', 'data', 'Alamat', 'Email', 'Aku', 'lagi', 'butuh', 'info', 'nih']","['O', 'O', 'O', 'O', 'O', 'O', 'O', 'O', 'O', 'O', 'O', 'O', 'O']"
64,1/1/2024,13:15,Budi,"Kemarin urus ulang Nomor BPJS, nomor barunya adalah 9912137634.",FALSE,"['Kemarin', 'urus', 'ulang', 'Nomor', 'BPJS', 'nomor', 'barunya', 'adalah', '9912137634']","['O', 'O', 'O', 'O', 'O', 'O', 'O', 'O', 'B_SSN']"
65,1/1/2024,13:20,Eka,Aku lagi tambahkan data Riwayat Pendidikan ke sistem. Semoga prosesnya lancar.,FALSE,"['Aku', 'lagi', 'tambahkan', 'data', 'Riwayat', 'Pendidikan', 'ke', 'sistem', 'Semoga', 'prosesnya', 'lancar']","['O', 'O', 'O', 'O', 'O', 'O', 'O', 'O', 'O', 'O', 'O']"
66,1/1/2024,13:25,Dina,Ada yang tahu cara urus data Nomor Sertifikat Rumah/Properti? Aku lagi butuh info nih.,FALSE,"['Ada', 'yang', 'tahu', 'cara', 'urus', 'data', 'Nomor', 'Sertifikat', 'Rumah', 'Properti', 'Aku', 'lagi', 'butuh', 'info', 'nih']","['O', 'O', 'O', 'O', 'O', 'O', 'O', 'O', 'O', 'O', 'O', 'O', 'O', 'O', 'O']"
67,1/1/2024,13:30,Dina,Ada yang tahu cara urus data Status Sosial? Aku lagi butuh info nih.,FALSE,"['Ada', 'yang', 'tahu', 'cara', 'urus', 'data', 'Status', 'Sosial', 'Aku', 'lagi', 'butuh', 'info', 'nih']","['O', 'O', 'O', 'O', 'O', 'O', 'O', 'O', 'O', 'O', 'O', 'O', 'O']"
68,1/1/2024,13:35,Eka,"Aku baru buka rekening baru, nomornya 6993232904 di Bank ABC.",FALSE,"['Aku', 'baru', 'buka', 'rekening', 'baru', 'nomornya', '6993232904', 'di', 'Bank', 'ABC']","['O', 'O', 'O', 'O', 'O', 'O', 'B_Account', 'O', 'O', 'O']"
69,1/1/2024,13:40,Gina,"Kemarin urus ulang Nomor SIM, nomor barunya adalah 5317993897.",FALSE,"['Kemarin', 'urus', 'ulang', 'Nomor', 'SIM', 'nomor', 'barunya', 'adalah', '5317993897']","['O', 'O', 'O', 'O', 'O', 'O', 'O', 'O', 'B_SSN']"
70,1/1/2024,13:45,Dina,"Aku baru beli kendaraan baru, plat nomornya B 7909 XYZ, warna biru.",FALSE,"['Aku', 'baru', 'beli', 'kendaraan', 'baru', 'plat', 'nomornya', 'B', '7909', 'XYZ', 'warna', 'biru']","['O', 'O', 'O', 'O', 'O', 'O', 'O', 'B_Plate', 'I_Plate', 'I_Plate', 'O', 'B_Asset']"
71,1/1/2024,13:50,Eka,Ada yang tahu cara urus data Nomor Sertifikat Rumah/Properti? Aku lagi butuh info nih.,FALSE,"['Ada', 'yang', 'tahu', 'cara', 'urus', 'data', 'Nomor', 'Sertifikat', 'Rumah', 'Properti', 'Aku', 'lagi', 'butuh', 'info', 'nih']","['O', 'O', 'O', 'O', 'O', 'O', 'O', 'O', 'O', 'O', 'O', 'O', 'O', 'O', 'O']"
72,1/1/2024,13:55,Gina,"Kemarin urus ulang Nomor Paspor, nomor barunya adalah 3501519443.",FALSE,"['Kemarin', 'urus', 'ulang', 'Nomor', 'Paspor', 'nomor', 'barunya', 'adalah', '3501519443']","['O', 'O', 'O', 'O', 'O', 'O', 'O', 'O', 'B_SSN']"
73,1/1/2024,14:00,Gina,Ada yang tahu cara urus data Nomor Telepon Rumah? Aku lagi butuh info nih.,FALSE,"['Ada', 'yang', 'tahu', 'cara', 'urus', 'data', 'Nomor', 'Telepon', 'Rumah', 'Aku', 'lagi', 'butuh', 'info', 'nih']","['O', 'O', 'O', 'O', 'O', 'O', 'O', 'O', 'O', 'O', 'O', 'O', 'O', 'O']"
74,1/1/2024,14:05,Ari,Ada yang tahu cara urus data Nomor Seri Barang Berharga? Aku lagi butuh info nih.,FALSE,"['Ada', 'yang', 'tahu', 'cara', 'urus', 'data', 'Nomor', 'Seri', 'Barang', 'Berharga', 'Aku', 'lagi', 'butuh', 'info', 'nih']","['O', 'O', 'O', 'O', 'O', 'O', 'O', 'O', 'O', 'O', 'O', 'O', 'O', 'O', 'O']"
75,1/1/2024,14:10,Eka,"Aku baru beli kendaraan baru, plat nomornya B 8281 XYZ, warna hitam.",FALSE,"['Aku', 'baru', 'beli', 'kendaraan', 'baru', 'plat', 'nomornya', 'B', '8281', 'XYZ', 'warna', 'hitam']","['O', 'O', 'O', 'O', 'O', 'O', 'O', 'B_Plate', 'I_Plate', 'I_Plate', 'O', 'B_Asset']"
76,1/1/2024,14:15,Gina,Ada yang tahu cara urus data Riwayat Pencarian di Internet? Aku lagi butuh info nih.,FALSE,"['Ada', 'yang', 'tahu', 'cara', 'urus', 'data', 'Riwayat', 'Pencarian', 'di', 'Internet', 'Aku', 'lagi', 'butuh', 'info', 'nih']","['O', 'O', 'O', 'O', 'O', 'O', 'O', 'O', 'O', 'O', 'O', 'O', 'O', 'O', 'O']"
77,1/1/2024,14:20,Cindy,Ada yang tahu cara urus data Nomor Sertifikat Tanah? Aku lagi butuh info nih.,FALSE,"['Ada', 'yang', 'tahu', 'cara', 'urus', 'data', 'Nomor', 'Sertifikat', 'Tanah', 'Aku', 'lagi', 'butuh', 'info', 'nih']","['O', 'O', 'O', 'O', 'O', 'O', 'O', 'O', 'O', 'O', 'O', 'O', 'O', 'O']"
78,1/1/2024,14:25,Dina,Aku lagi tambahkan data Riwayat Pendidikan ke sistem. Semoga prosesnya lancar.,FALSE,"['Aku', 'lagi', 'tambahkan', 'data', 'Riwayat', 'Pendidikan', 'ke', 'sistem', 'Semoga', 'prosesnya', 'lancar']","['O', 'O', 'O', 'O', 'O', 'O', 'O', 'O', 'O', 'O', 'O']"
79,1/1/2024,14:30,Cindy,Ada yang tahu cara urus data Nomor Seri Barang Berharga? Aku lagi butuh info nih.,FALSE,"['Ada', 'yang', 'tahu', 'cara', 'urus', 'data', 'Nomor', 'Seri', 'Barang', 'Berharga', 'Aku', 'lagi', 'butuh', 'info', 'nih']","['O', 'O', 'O', 'O', 'O', 'O', 'O', 'O', 'O', 'O', 'O', 'O', 'O', 'O', 'O']"
80,1/1/2024,14:35,Gina,Ada yang tahu cara urus data Nomor Sertifikat Rumah/Properti? Aku lagi butuh info nih.,FALSE,"['Ada', 'yang', 'tahu', 'cara', 'urus', 'data', 'Nomor', 'Sertifikat', 'Rumah', 'Properti', 'Aku', 'lagi', 'butuh', 'info', 'nih']","['O', 'O', 'O', 'O', 'O', 'O', 'O', 'O', 'O', 'O', 'O', 'O', 'O', 'O', 'O']"
81,1/1/2024,14:40,Ari,"Kemarin urus ulang Nomor KTP, nomor barunya adalah 5059445971.",FALSE,"['Kemarin', 'urus', 'ulang', 'Nomor', 'KTP', 'nomor', 'barunya', 'adalah', '5059445971']","['O', 'O', 'O', 'O', 'O', 'O', 'O', 'O', 'B_SSN']"
82,1/1/2024,14:45,Dina,Ada yang tahu cara urus data Nomor Akun Aset Keuangan? Aku lagi butuh info nih.,FALSE,"['Ada', 'yang', 'tahu', 'cara', 'urus', 'data', 'Nomor', 'Akun', 'Aset', 'Keuangan', 'Aku', 'lagi', 'butuh', 'info', 'nih']","['O', 'O', 'O', 'O', 'O', 'O', 'O', 'O', 'O', 'O', 'O', 'O', 'O', 'O', 'O']"
83,1/1/2024,14:50,Budi,"Kemarin urus ulang Nomor KTP, nomor barunya adalah 6577701148.",FALSE,"['Kemarin', 'urus', 'ulang', 'Nomor', 'KTP', 'nomor', 'barunya', 'adalah', '6577701148']","['O', 'O', 'O', 'O', 'O', 'O', 'O', 'O', 'B_SSN']"
84,1/1/2024,14:55,Budi,"Kemarin urus ulang Nomor Paspor, nomor barunya adalah 7799837873.",FALSE,"['Kemarin', 'urus', 'ulang', 'Nomor', 'Paspor', 'nomor', 'barunya', 'adalah', '7799837873']","['O', 'O', 'O', 'O', 'O', 'O', 'O', 'O', 'B_SSN']"
85,1/1/2024,15:00,Gina,Ada yang tahu cara urus data Nomor Kartu Kredit/Debit? Aku lagi butuh info nih.,FALSE,"['Ada', 'yang', 'tahu', 'cara', 'urus', 'data', 'Nomor', 'Kartu', 'Kredit', 'Debit', 'Aku', 'lagi', 'butuh', 'info', 'nih']","['O', 'O', 'O', 'O', 'O', 'O', 'O', 'O', 'O', 'O', 'O', 'O', 'O', 'O', 'O']"
86,1/1/2024,15:05,Budi,Ada yang tahu cara urus data Status Perkawinan? Aku lagi butuh info nih.,FALSE,"['Ada', 'yang', 'tahu', 'cara', 'urus', 'data', 'Status', 'Perkawinan', 'Aku', 'lagi', 'butuh', 'info', 'nih']","['O', 'O', 'O', 'O', 'O', 'O', 'O', 'O', 'O', 'O', 'O', 'O', 'O']"
87,1/1/2024,15:10,Ari,Ada yang tahu cara urus data Merek dan Tipe Alat Elektronik? Aku lagi butuh info nih.,FALSE,"['Ada', 'yang', 'tahu', 'cara', 'urus', 'data', 'Merek', 'dan', 'Tipe', 'Alat', 'Elektronik', 'Aku', 'lagi', 'butuh', 'info', 'nih']","['O', 'O', 'O', 'O', 'O', 'O', 'O', 'O', 'O', 'O', 'O', 'O', 'O', 'O', 'O', 'O']"
88,1/1/2024,15:15,Gina,Aku lagi tambahkan data Riwayat Pekerjaan ke sistem. Semoga prosesnya lancar.,FALSE,"['Aku', 'lagi', 'tambahkan', 'data', 'Riwayat', 'Pekerjaan', 'ke', 'sistem', 'Semoga', 'prosesnya', 'lancar']","['O', 'O', 'O', 'O', 'O', 'O', 'O', 'O', 'O', 'O', 'O']"
89,1/1/2024,15:20,Ari,"Aku baru buka rekening baru, nomornya 6286666124 di Bank ABC.",FALSE,"['Aku', 'baru', 'buka', 'rekening', 'baru', 'nomornya', '6286666124', 'di', 'Bank', 'ABC']","['O', 'O', 'O', 'O', 'O', 'O', 'B_Account', 'O', 'O', 'O']"
90,1/1/2024,15:25,Cindy,Ada yang tahu cara urus data Nomor Akun Aset Keuangan? Aku lagi butuh info nih.,FALSE,"['Ada', 'yang', 'tahu', 'cara', 'urus', 'data', 'Nomor', 'Akun', 'Aset', 'Keuangan', 'Aku', 'lagi', 'butuh', 'info', 'nih']","['O', 'O', 'O', 'O', 'O', 'O', 'O', 'O', 'O', 'O', 'O', 'O', 'O', 'O', 'O']"
91,1/1/2024,15:30,Ari,Ada yang tahu cara urus data Nomor Induk Pegawai (NIP)? Aku lagi butuh info nih.,FALSE,"['Ada', 'yang', 'tahu', 'cara', 'urus', 'data', 'Nomor', 'Induk', 'Pegawai', 'NIP', 'Aku', 'lagi', 'butuh', 'info', 'nih']","['O', 'O', 'O', 'O', 'O', 'O', 'O', 'O', 'O', 'O', 'O', 'O', 'O', 'O', 'O']"
92,1/1/2024,15:35,Ari,Ada yang tahu cara urus data Nomor Telepon Rumah? Aku lagi butuh info nih.,FALSE,"['Ada', 'yang', 'tahu', 'cara', 'urus', 'data', 'Nomor', 'Telepon', 'Rumah', 'Aku', 'lagi', 'butuh', 'info', 'nih']","['O', 'O', 'O', 'O', 'O', 'O', 'O', 'O', 'O', 'O', 'O', 'O', 'O', 'O']"
93,1/1/2024,15:40,Cindy,Ada yang tahu cara urus data Nomor Kartu Kredit/Debit? Aku lagi butuh info nih.,FALSE,"['Ada', 'yang', 'tahu', 'cara', 'urus', 'data', 'Nomor', 'Kartu', 'Kredit', 'Debit', 'Aku', 'lagi', 'butuh', 'info', 'nih']","['O', 'O', 'O', 'O', 'O', 'O', 'O', 'O', 'O', 'O', 'O', 'O', 'O', 'O', 'O']"
94,1/1/2024,15:45,Budi,Ada yang tahu cara urus data Nomor JKN? Aku lagi butuh info nih.,FALSE,"['Ada', 'yang', 'tahu', 'cara', 'urus', 'data', 'Nomor', 'JKN', 'Aku', 'lagi', 'butuh', 'info', 'nih']","['O', 'O', 'O', 'O', 'O', 'O', 'O', 'O', 'O', 'O', 'O', 'O', 'O']"
95,1/1/2024,15:50,Dina,Ada yang tahu cara urus data Nomor Kartu Kredit/Debit? Aku lagi butuh info nih.,FALSE,"['Ada', 'yang', 'tahu', 'cara', 'urus', 'data', 'Nomor', 'Kartu', 'Kredit', 'Debit', 'Aku', 'lagi', 'butuh', 'info', 'nih']","['O', 'O', 'O', 'O', 'O', 'O', 'O', 'O', 'O', 'O', 'O', 'O', 'O', 'O', 'O']"
96,1/1/2024,15:55,Eka,"Kemarin urus ulang Nomor KTP, nomor barunya adalah 1790766937.",FALSE,"['Kemarin', 'urus', 'ulang', 'Nomor', 'KTP', 'nomor', 'barunya', 'adalah', '1790766937']","['O', 'O', 'O', 'O', 'O', 'O', 'O', 'O', 'B_SSN']"
97,1/1/2024,16:00,Budi,Nomor Nomor Ponsel aku yang baru itu 08198574511.,FALSE,"['Nomor', 'Nomor', 'Ponsel', 'aku', 'yang', 'baru', 'itu', '08198574511']","['O', 'O', 'O', 'O', 'O', 'O', 'O', 'B_Phone_Number']"
98,1/1/2024,16:05,Dina,Ada yang tahu cara urus data Lokasi Aktivitas Digital? Aku lagi butuh info nih.,FALSE,"['Ada', 'yang', 'tahu', 'cara', 'urus', 'data', 'Lokasi', 'Aktivitas', 'Digital', 'Aku', 'lagi', 'butuh', 'info', 'nih']","['O', 'O', 'O', 'O', 'O', 'O', 'O', 'O', 'O', 'O', 'O', 'O', 'O', 'O']"
99,1/1/2024,16:10,Eka,"Data Tempat Lahir aku sudah diverifikasi, jadi gak ada masalah lagi sekarang.",FALSE,"['Data', 'Tempat', 'Lahir', 'aku', 'sudah', 'diverifikasi', 'jadi', 'gak', 'ada', 'masalah', 'lagi', 'sekarang']","['O', 'O', 'O', 'O', 'O', 'O', 'O', 'O', 'O', 'O', 'O', 'O']"
100,1/1/2024,16:15,Gina,Ada yang tahu cara urus data Riwayat Pencarian di Internet? Aku lagi butuh info nih.,FALSE,"['Ada', 'yang', 'tahu', 'cara', 'urus', 'data', 'Riwayat', 'Pencarian', 'di', 'Internet', 'Aku', 'lagi', 'butuh', 'info', 'nih']","['O', 'O', 'O', 'O', 'O', 'O', 'O', 'O', 'O', 'O', 'O', 'O', 'O', 'O', 'O']"
101,1/1/2024,16:20,Dina,"Aku baru update data Nama Lengkap. Detailnya sekarang sudah benar, loh.",FALSE,"['Aku', 'baru', 'update', 'data', 'Nama', 'Lengkap', 'Detailnya', 'sekarang', 'sudah', 'benar', 'loh']","['O', 'O', 'O', 'O', 'O', 'O', 'O', 'O', 'O', 'O', 'O']"
102,1/1/2024,16:25,Eka,"Data Tempat Lahir aku sudah diverifikasi, jadi gak ada masalah lagi sekarang.",FALSE,"['Data', 'Tempat', 'Lahir', 'aku', 'sudah', 'diverifikasi', 'jadi', 'gak', 'ada', 'masalah', 'lagi', 'sekarang']","['O', 'O', 'O', 'O', 'O', 'O', 'O', 'O', 'O', 'O', 'O', 'O']"
103,1/1/2024,16:30,Budi,Ada yang tahu cara urus data Media Sosial? Aku lagi butuh info nih.,FALSE,"['Ada', 'yang', 'tahu', 'cara', 'urus', 'data', 'Media', 'Sosial', 'Aku', 'lagi', 'butuh', 'info', 'nih']","['O', 'O', 'O', 'O', 'O', 'O', 'O', 'O', 'O', 'O', 'O', 'O', 'O']"
104,1/1/2024,16:35,Budi,"Barusan pindah ke alamat baru, yaitu Jl. Kenanga No. 84.",FALSE,"['Barusan', 'pindah', 'ke', 'alamat', 'baru', 'yaitu', 'Jl', 'Kenanga', 'No', '84']","['O', 'O', 'O', 'O', 'O', 'O', 'B_Address', 'I_Address', 'I_Address', 'I_Address']"
105,1/1/2024,16:40,Eka,Ada yang tahu cara urus data Nomor Sertifikat Tanah? Aku lagi butuh info nih.,FALSE,"['Ada', 'yang', 'tahu', 'cara', 'urus', 'data', 'Nomor', 'Sertifikat', 'Tanah', 'Aku', 'lagi', 'butuh', 'info', 'nih']","['O', 'O', 'O', 'O', 'O', 'O', 'O', 'O', 'O', 'O', 'O', 'O', 'O', 'O']"
106,1/1/2024,16:45,Eka,Ada yang tahu cara urus data Nomor Akun Aset Keuangan? Aku lagi butuh info nih.,FALSE,"['Ada', 'yang', 'tahu', 'cara', 'urus', 'data', 'Nomor', 'Akun', 'Aset', 'Keuangan', 'Aku', 'lagi', 'butuh', 'info', 'nih']","['O', 'O', 'O', 'O', 'O', 'O', 'O', 'O', 'O', 'O', 'O', 'O', 'O', 'O', 'O']"
107,1/1/2024,16:50,Eka,Aku lagi tambahkan data Riwayat Pekerjaan ke sistem. Semoga prosesnya lancar.,FALSE,"['Aku', 'lagi', 'tambahkan', 'data', 'Riwayat', 'Pekerjaan', 'ke', 'sistem', 'Semoga', 'prosesnya', 'lancar']","['O', 'O', 'O', 'O', 'O', 'O', 'O', 'O', 'O', 'O', 'O']"
108,1/1/2024,16:55,Dina,Ada yang tahu cara urus data Nomor Kartu Kredit/Debit? Aku lagi butuh info nih.,FALSE,"['Ada', 'yang', 'tahu', 'cara', 'urus', 'data', 'Nomor', 'Kartu', 'Kredit', 'Debit', 'Aku', 'lagi', 'butuh', 'info', 'nih']","['O', 'O', 'O', 'O', 'O', 'O', 'O', 'O', 'O', 'O', 'O', 'O', 'O', 'O', 'O']"
109,1/1/2024,17:00,Ari,"Barusan pindah ke alamat baru, yaitu Jl. Melati No. 58.",FALSE,"['Barusan', 'pindah', 'ke', 'alamat', 'baru', 'yaitu', 'Jl', 'Melati', 'No', '58']","['O', 'O', 'O', 'O', 'O', 'O', 'B_Address', 'I_Address', 'I_Address', 'I_Address']"
110,1/1/2024,17:05,Ari,"Aku baru buka rekening baru, nomornya 6744119068 di Bank ABC.",FALSE,"['Aku', 'baru', 'buka', 'rekening', 'baru', 'nomornya', '6744119068', 'di', 'Bank', 'ABC']","['O', 'O', 'O', 'O', 'O', 'O', 'B_Account', 'O', 'O', 'O']"
111,1/1/2024,17:10,Eka,Ada yang tahu cara urus data Nomor Rangka dan Nomor Mesin Kendaraan? Aku lagi butuh info nih.,FALSE,"['Ada', 'yang', 'tahu', 'cara', 'urus', 'data', 'Nomor', 'Rangka', 'dan', 'Nomor', 'Mesin', 'Kendaraan', 'Aku', 'lagi', 'butuh', 'info', 'nih']","['O', 'O', 'O', 'O', 'O', 'O', 'O', 'O', 'O', 'O', 'O', 'O', 'O', 'O', 'O', 'O', 'O']"
112,1/1/2024,17:15,Dina,Ada yang tahu cara urus data Nomor Seri Barang Berharga? Aku lagi butuh info nih.,FALSE,"['Ada', 'yang', 'tahu', 'cara', 'urus', 'data', 'Nomor', 'Seri', 'Barang', 'Berharga', 'Aku', 'lagi', 'butuh', 'info', 'nih']","['O', 'O', 'O', 'O', 'O', 'O', 'O', 'O', 'O', 'O', 'O', 'O', 'O', 'O', 'O']"
113,1/1/2024,17:20,Ari,Aku lagi tambahkan data Riwayat Pendidikan ke sistem. Semoga prosesnya lancar.,FALSE,"['Aku', 'lagi', 'tambahkan', 'data', 'Riwayat', 'Pendidikan', 'ke', 'sistem', 'Semoga', 'prosesnya', 'lancar']","['O', 'O', 'O', 'O', 'O', 'O', 'O', 'O', 'O', 'O', 'O']"
114,1/1/2024,17:25,Ari,"Kemarin urus ulang Nomor Paspor, nomor barunya adalah 3774900042.",FALSE,"['Kemarin', 'urus', 'ulang', 'Nomor', 'Paspor', 'nomor', 'barunya', 'adalah', '3774900042']","['O', 'O', 'O', 'O', 'O', 'O', 'O', 'O', 'B_SSN']"
115,1/1/2024,17:30,Cindy,Ada yang tahu cara urus data Nomor Akun Aset Keuangan? Aku lagi butuh info nih.,FALSE,"['Ada', 'yang', 'tahu', 'cara', 'urus', 'data', 'Nomor', 'Akun', 'Aset', 'Keuangan', 'Aku', 'lagi', 'butuh', 'info', 'nih']","['O', 'O', 'O', 'O', 'O', 'O', 'O', 'O', 'O', 'O', 'O', 'O', 'O', 'O', 'O']"
116,1/1/2024,17:35,Budi,"Aku baru beli kendaraan baru, plat nomornya B 9525 XYZ, warna merah.",FALSE,"['Aku', 'baru', 'beli', 'kendaraan', 'baru', 'plat', 'nomornya', 'B', '9525', 'XYZ', 'warna', 'merah']","['O', 'O', 'O', 'O', 'O', 'O', 'O', 'B_Plate', 'I_Plate', 'I_Plate', 'O', 'B_Asset']"
117,1/1/2024,17:40,Ari,Ada yang tahu cara urus data Nomor Akun Aset Keuangan? Aku lagi butuh info nih.,FALSE,"['Ada', 'yang', 'tahu', 'cara', 'urus', 'data', 'Nomor', 'Akun', 'Aset', 'Keuangan', 'Aku', 'lagi', 'butuh', 'info', 'nih']","['O', 'O', 'O', 'O', 'O', 'O', 'O', 'O', 'O', 'O', 'O', 'O', 'O', 'O', 'O']"
118,1/1/2024,17:45,Dina,"Aku baru update data Nama Panggilan. Detailnya sekarang sudah benar, loh.",FALSE,"['Aku', 'baru', 'update', 'data', 'Nama', 'Panggilan', 'Detailnya', 'sekarang', 'sudah', 'benar', 'loh']","['O', 'O', 'O', 'O', 'O', 'O', 'O', 'O', 'O', 'O', 'O']"
119,1/1/2024,17:50,Eka,Ada yang tahu cara urus data Nomor Rangka dan Nomor Mesin Kendaraan? Aku lagi butuh info nih.,FALSE,"['Ada', 'yang', 'tahu', 'cara', 'urus', 'data', 'Nomor', 'Rangka', 'dan', 'Nomor', 'Mesin', 'Kendaraan', 'Aku', 'lagi', 'butuh', 'info', 'nih']","['O', 'O', 'O', 'O', 'O', 'O', 'O', 'O', 'O', 'O', 'O', 'O', 'O', 'O', 'O', 'O', 'O']"
120,1/1/2024,17:55,Budi,Ada yang tahu cara urus data Merek dan Tipe Alat Elektronik? Aku lagi butuh info nih.,FALSE,"['Ada', 'yang', 'tahu', 'cara', 'urus', 'data', 'Merek', 'dan', 'Tipe', 'Alat', 'Elektronik', 'Aku', 'lagi', 'butuh', 'info', 'nih']","['O', 'O', 'O', 'O', 'O', 'O', 'O', 'O', 'O', 'O', 'O', 'O', 'O', 'O', 'O', 'O']"
121,1/1/2024,18:00,Gina,Aku lagi tambahkan data Riwayat Pendidikan ke sistem. Semoga prosesnya lancar.,FALSE,"['Aku', 'lagi', 'tambahkan', 'data', 'Riwayat', 'Pendidikan', 'ke', 'sistem', 'Semoga', 'prosesnya', 'lancar']","['O', 'O', 'O', 'O', 'O', 'O', 'O', 'O', 'O', 'O', 'O']"
122,1/1/2024,18:05,Ari,"Kemarin urus ulang Nomor KTP, nomor barunya adalah 3346304617.",FALSE,"['Kemarin', 'urus', 'ulang', 'Nomor', 'KTP', 'nomor', 'barunya', 'adalah', '3346304617']","['O', 'O', 'O', 'O', 'O', 'O', 'O', 'O', 'B_SSN']"
123,1/1/2024,18:10,Ari,Ada yang tahu cara urus data Nomor Seri Barang Berharga? Aku lagi butuh info nih.,FALSE,"['Ada', 'yang', 'tahu', 'cara', 'urus', 'data', 'Nomor', 'Seri', 'Barang', 'Berharga', 'Aku', 'lagi', 'butuh', 'info', 'nih']","['O', 'O', 'O', 'O', 'O', 'O', 'O', 'O', 'O', 'O', 'O', 'O', 'O', 'O', 'O']"
124,1/1/2024,18:15,Ari,"Aku baru beli kendaraan baru, plat nomornya B 9668 XYZ, warna hitam.",FALSE,"['Aku', 'baru', 'beli', 'kendaraan', 'baru', 'plat', 'nomornya', 'B', '9668', 'XYZ', 'warna', 'hitam']","['O', 'O', 'O', 'O', 'O', 'O', 'O', 'B_Plate', 'I_Plate', 'I_Plate', 'O', 'B_Asset']"
125,1/1/2024,18:20,Cindy,"Aku baru update data Nama Panggilan. Detailnya sekarang sudah benar, loh.",FALSE,"['Aku', 'baru', 'update', 'data', 'Nama', 'Panggilan', 'Detailnya', 'sekarang', 'sudah', 'benar', 'loh']","['O', 'O', 'O', 'O', 'O', 'O', 'O', 'O', 'O', 'O', 'O']"
126,1/1/2024,18:25,Budi,"Aku baru beli kendaraan baru, plat nomornya B 2341 XYZ, warna merah.",FALSE,"['Aku', 'baru', 'beli', 'kendaraan', 'baru', 'plat', 'nomornya', 'B', '2341', 'XYZ', 'warna', 'merah']","['O', 'O', 'O', 'O', 'O', 'O', 'O', 'B_Plate', 'I_Plate', 'I_Plate', 'O', 'B_Asset']"
127,1/1/2024,18:30,Cindy,"Aku baru update data Nama Panggilan. Detailnya sekarang sudah benar, loh.",FALSE,"['Aku', 'baru', 'update', 'data', 'Nama', 'Panggilan', 'Detailnya', 'sekarang', 'sudah', 'benar', 'loh']","['O', 'O', 'O', 'O', 'O', 'O', 'O', 'O', 'O', 'O', 'O']"
128,1/1/2024,18:35,Budi,Ada yang tahu cara urus data Nomor Telepon Rumah? Aku lagi butuh info nih.,FALSE,"['Ada', 'yang', 'tahu', 'cara', 'urus', 'data', 'Nomor', 'Telepon', 'Rumah', 'Aku', 'lagi', 'butuh', 'info', 'nih']","['O', 'O', 'O', 'O', 'O', 'O', 'O', 'O', 'O', 'O', 'O', 'O', 'O', 'O']"
129,1/1/2024,18:40,Ari,"Aku baru buka rekening baru, nomornya 7934898235 di Bank ABC.",FALSE,"['Aku', 'baru', 'buka', 'rekening', 'baru', 'nomornya', '7934898235', 'di', 'Bank', 'ABC']","['O', 'O', 'O', 'O', 'O', 'O', 'B_Account', 'O', 'O', 'O']"
130,1/1/2024,18:45,Budi,Ada yang tahu cara urus data Nomor Akun Aset Keuangan? Aku lagi butuh info nih.,FALSE,"['Ada', 'yang', 'tahu', 'cara', 'urus', 'data', 'Nomor', 'Akun', 'Aset', 'Keuangan', 'Aku', 'lagi', 'butuh', 'info', 'nih']","['O', 'O', 'O', 'O', 'O', 'O', 'O', 'O', 'O', 'O', 'O', 'O', 'O', 'O', 'O']"
131,1/1/2024,18:50,Dina,Ada yang tahu cara urus data Status Sosial? Aku lagi butuh info nih.,FALSE,"['Ada', 'yang', 'tahu', 'cara', 'urus', 'data', 'Status', 'Sosial', 'Aku', 'lagi', 'butuh', 'info', 'nih']","['O', 'O', 'O', 'O', 'O', 'O', 'O', 'O', 'O', 'O', 'O', 'O', 'O']"
132,1/1/2024,18:55,Dina,Ada yang tahu cara urus data Alamat Email? Aku lagi butuh info nih.,FALSE,"['Ada', 'yang', 'tahu', 'cara', 'urus', 'data', 'Alamat', 'Email', 'Aku', 'lagi', 'butuh', 'info', 'nih']","['O', 'O', 'O', 'O', 'O', 'O', 'O', 'O', 'O', 'O', 'O', 'O', 'O']"
133,1/1/2024,19:00,Dina,"Kemarin urus ulang Nomor SIM, nomor barunya adalah 4494780079.",FALSE,"['Kemarin', 'urus', 'ulang', 'Nomor', 'SIM', 'nomor', 'barunya', 'adalah', '4494780079']","['O', 'O', 'O', 'O', 'O', 'O', 'O', 'O', 'B_SSN']"
134,1/1/2024,19:05,Eka,Ada yang tahu cara urus data Nomor Sertifikat Rumah/Properti? Aku lagi butuh info nih.,FALSE,"['Ada', 'yang', 'tahu', 'cara', 'urus', 'data', 'Nomor', 'Sertifikat', 'Rumah', 'Properti', 'Aku', 'lagi', 'butuh', 'info', 'nih']","['O', 'O', 'O', 'O', 'O', 'O', 'O', 'O', 'O', 'O', 'O', 'O', 'O', 'O', 'O']"
135,1/1/2024,19:10,Gina,"Aku baru buka rekening baru, nomornya 4313521157 di Bank ABC.",FALSE,"['Aku', 'baru', 'buka', 'rekening', 'baru', 'nomornya', '4313521157', 'di', 'Bank', 'ABC']","['O', 'O', 'O', 'O', 'O', 'O', 'B_Account', 'O', 'O', 'O']"
136,1/1/2024,19:15,Eka,Ada yang tahu cara urus data Agama? Aku lagi butuh info nih.,FALSE,"['Ada', 'yang', 'tahu', 'cara', 'urus', 'data', 'Agama', 'Aku', 'lagi', 'butuh', 'info', 'nih']","['O', 'O', 'O', 'O', 'O', 'O', 'O', 'O', 'O', 'O', 'O', 'O']"
137,1/1/2024,19:20,Dina,Nomor Nomor Ponsel aku yang baru itu 08115999165.,FALSE,"['Nomor', 'Nomor', 'Ponsel', 'aku', 'yang', 'baru', 'itu', '08115999165']","['O', 'O', 'O', 'O', 'O', 'O', 'O', 'B_Phone_Number']"
138,1/1/2024,19:25,Dina,"Kemarin urus ulang Nomor SIM, nomor barunya adalah 6543545779.",FALSE,"['Kemarin', 'urus', 'ulang', 'Nomor', 'SIM', 'nomor', 'barunya', 'adalah', '6543545779']","['O', 'O', 'O', 'O', 'O', 'O', 'O', 'O', 'B_SSN']"
139,1/1/2024,19:30,Budi,Ada yang tahu cara urus data Nomor Faks? Aku lagi butuh info nih.,FALSE,"['Ada', 'yang', 'tahu', 'cara', 'urus', 'data', 'Nomor', 'Faks', 'Aku', 'lagi', 'butuh', 'info', 'nih']","['O', 'O', 'O', 'O', 'O', 'O', 'O', 'O', 'O', 'O', 'O', 'O', 'O']"
140,1/1/2024,19:35,Cindy,Ada yang tahu cara urus data Status Perkawinan? Aku lagi butuh info nih.,FALSE,"['Ada', 'yang', 'tahu', 'cara', 'urus', 'data', 'Status', 'Perkawinan', 'Aku', 'lagi', 'butuh', 'info', 'nih']","['O', 'O', 'O', 'O', 'O', 'O', 'O', 'O', 'O', 'O', 'O', 'O', 'O']"
141,1/1/2024,19:40,Gina,Ada yang tahu cara urus data Status Sosial? Aku lagi butuh info nih.,FALSE,"['Ada', 'yang', 'tahu', 'cara', 'urus', 'data', 'Status', 'Sosial', 'Aku', 'lagi', 'butuh', 'info', 'nih']","['O', 'O', 'O', 'O', 'O', 'O', 'O', 'O', 'O', 'O', 'O', 'O', 'O']"
142,1/1/2024,19:45,Gina,Ada yang tahu cara urus data Nomor Sertifikat Tanah? Aku lagi butuh info nih.,FALSE,"['Ada', 'yang', 'tahu', 'cara', 'urus', 'data', 'Nomor', 'Sertifikat', 'Tanah', 'Aku', 'lagi', 'butuh', 'info', 'nih']","['O', 'O', 'O', 'O', 'O', 'O', 'O', 'O', 'O', 'O', 'O', 'O', 'O', 'O']"
143,1/1/2024,19:50,Budi,Ada yang tahu cara urus data Status Sosial? Aku lagi butuh info nih.,FALSE,"['Ada', 'yang', 'tahu', 'cara', 'urus', 'data', 'Status', 'Sosial', 'Aku', 'lagi', 'butuh', 'info', 'nih']","['O', 'O', 'O', 'O', 'O', 'O', 'O', 'O', 'O', 'O', 'O', 'O', 'O']"
144,1/1/2024,19:55,Budi,Ada yang tahu cara urus data Nomor Sertifikat Tanah? Aku lagi butuh info nih.,FALSE,"['Ada', 'yang', 'tahu', 'cara', 'urus', 'data', 'Nomor', 'Sertifikat', 'Tanah', 'Aku', 'lagi', 'butuh', 'info', 'nih']","['O', 'O', 'O', 'O', 'O', 'O', 'O', 'O', 'O', 'O', 'O', 'O', 'O', 'O']"
145,1/1/2024,20:00,Dina,"Aku baru beli kendaraan baru, plat nomornya B 9791 XYZ, warna hitam.",FALSE,"['Aku', 'baru', 'beli', 'kendaraan', 'baru', 'plat', 'nomornya', 'B', '9791', 'XYZ', 'warna', 'hitam']","['O', 'O', 'O', 'O', 'O', 'O', 'O', 'B_Plate', 'I_Plate', 'I_Plate', 'O', 'B_Asset']"
146,1/1/2024,20:05,Dina,Aku lagi tambahkan data Riwayat Pendidikan ke sistem. Semoga prosesnya lancar.,FALSE,"['Aku', 'lagi', 'tambahkan', 'data', 'Riwayat', 'Pendidikan', 'ke', 'sistem', 'Semoga', 'prosesnya', 'lancar']","['O', 'O', 'O', 'O', 'O', 'O', 'O', 'O', 'O', 'O', 'O']"
147,1/1/2024,20:10,Gina,"Aku baru update data Nama Panggilan. Detailnya sekarang sudah benar, loh.",FALSE,"['Aku', 'baru', 'update', 'data', 'Nama', 'Panggilan', 'Detailnya', 'sekarang', 'sudah', 'benar', 'loh']","['O', 'O', 'O', 'O', 'O', 'O', 'O', 'O', 'O', 'O', 'O']"
148,1/1/2024,20:15,Cindy,"Barusan pindah ke alamat baru, yaitu Jl. Melati No. 22.",FALSE,"['Barusan', 'pindah', 'ke', 'alamat', 'baru', 'yaitu', 'Jl', 'Melati', 'No', '22']","['O', 'O', 'O', 'O', 'O', 'O', 'B_Address', 'I_Address', 'I_Address', 'I_Address']"
149,1/1/2024,20:20,Eka,Ada yang tahu cara urus data Alamat Email? Aku lagi butuh info nih.,FALSE,"['Ada', 'yang', 'tahu', 'cara', 'urus', 'data', 'Alamat', 'Email', 'Aku', 'lagi', 'butuh', 'info', 'nih']","['O', 'O', 'O', 'O', 'O', 'O', 'O', 'O', 'O', 'O', 'O', 'O', 'O']"
150,1/1/2024,20:25,Gina,Aku lagi tambahkan data Riwayat Pendidikan ke sistem. Semoga prosesnya lancar.,FALSE,"['Aku', 'lagi', 'tambahkan', 'data', 'Riwayat', 'Pendidikan', 'ke', 'sistem', 'Semoga', 'prosesnya', 'lancar']","['O', 'O', 'O', 'O', 'O', 'O', 'O', 'O', 'O', 'O', 'O']"
151,1/1/2024,20:30,Gina,"Kemarin urus ulang Nomor SIM, nomor barunya adalah 5436590502.",FALSE,"['Kemarin', 'urus', 'ulang', 'Nomor', 'SIM', 'nomor', 'barunya', 'adalah', '5436590502']","['O', 'O', 'O', 'O', 'O', 'O', 'O', 'O', 'B_SSN']"
152,1/1/2024,20:35,Ari,"Data Tanggal Lahir aku sudah diverifikasi, jadi gak ada masalah lagi sekarang.",FALSE,"['Data', 'Tanggal', 'Lahir', 'aku', 'sudah', 'diverifikasi', 'jadi', 'gak', 'ada', 'masalah', 'lagi', 'sekarang']","['O', 'O', 'O', 'O', 'O', 'O', 'O', 'O', 'O', 'O', 'O', 'O']"
153,1/1/2024,20:40,Cindy,Ada yang tahu cara urus data Nomor Faks? Aku lagi butuh info nih.,FALSE,"['Ada', 'yang', 'tahu', 'cara', 'urus', 'data', 'Nomor', 'Faks', 'Aku', 'lagi', 'butuh', 'info', 'nih']","['O', 'O', 'O', 'O', 'O', 'O', 'O', 'O', 'O', 'O', 'O', 'O', 'O']"
154,1/1/2024,20:45,Cindy,"Aku baru update data Nama Panggilan. Detailnya sekarang sudah benar, loh.",FALSE,"['Aku', 'baru', 'update', 'data', 'Nama', 'Panggilan', 'Detailnya', 'sekarang', 'sudah', 'benar', 'loh']","['O', 'O', 'O', 'O', 'O', 'O', 'O', 'O', 'O', 'O', 'O']"
155,1/1/2024,20:50,Budi,Ada yang tahu cara urus data Nomor Faks? Aku lagi butuh info nih.,FALSE,"['Ada', 'yang', 'tahu', 'cara', 'urus', 'data', 'Nomor', 'Faks', 'Aku', 'lagi', 'butuh', 'info', 'nih']","['O', 'O', 'O', 'O', 'O', 'O', 'O', 'O', 'O', 'O', 'O', 'O', 'O']"
156,1/1/2024,20:55,Cindy,"Barusan pindah ke alamat baru, yaitu Jl. Kenanga No. 99.",FALSE,"['Barusan', 'pindah', 'ke', 'alamat', 'baru', 'yaitu', 'Jl', 'Kenanga', 'No', '99']","['O', 'O', 'O', 'O', 'O', 'O', 'B_Address', 'I_Address', 'I_Address', 'I_Address']"
157,1/1/2024,21:00,Dina,Ada yang tahu cara urus data Nomor Induk Siswa Nasional (NISN)? Aku lagi butuh info nih.,FALSE,"['Ada', 'yang', 'tahu', 'cara', 'urus', 'data', 'Nomor', 'Induk', 'Siswa', 'Nasional', 'NISN', 'Aku', 'lagi', 'butuh', 'info', 'nih']","['O', 'O', 'O', 'O', 'O', 'O', 'O', 'O', 'O', 'O', 'O', 'O', 'O', 'O', 'O', 'O']"
158,1/1/2024,21:05,Ari,"Aku baru buka rekening baru, nomornya 3108674581 di Bank ABC.",FALSE,"['Aku', 'baru', 'buka', 'rekening', 'baru', 'nomornya', '3108674581', 'di', 'Bank', 'ABC']","['O', 'O', 'O', 'O', 'O', 'O', 'B_Account', 'O', 'O', 'O']"
159,1/1/2024,21:10,Gina,"Kemarin urus ulang Nomor NPWP, nomor barunya adalah 7291338064.",FALSE,"['Kemarin', 'urus', 'ulang', 'Nomor', 'NPWP', 'nomor', 'barunya', 'adalah', '7291338064']","['O', 'O', 'O', 'O', 'O', 'O', 'O', 'O', 'B_SSN']"
160,1/1/2024,21:15,Cindy,Nomor Nomor Ponsel aku yang baru itu 08170682305.,FALSE,"['Nomor', 'Nomor', 'Ponsel', 'aku', 'yang', 'baru', 'itu', '08170682305']","['O', 'O', 'O', 'O', 'O', 'O', 'O', 'B_Phone_Number']"
161,1/1/2024,21:20,Dina,"Kemarin urus ulang Nomor SIM, nomor barunya adalah 8368474136.",FALSE,"['Kemarin', 'urus', 'ulang', 'Nomor', 'SIM', 'nomor', 'barunya', 'adalah', '8368474136']","['O', 'O', 'O', 'O', 'O', 'O', 'O', 'O', 'B_SSN']"
162,1/1/2024,21:25,Eka,Ada yang tahu cara urus data Nomor Akun Aset Keuangan? Aku lagi butuh info nih.,FALSE,"['Ada', 'yang', 'tahu', 'cara', 'urus', 'data', 'Nomor', 'Akun', 'Aset', 'Keuangan', 'Aku', 'lagi', 'butuh', 'info', 'nih']","['O', 'O', 'O', 'O', 'O', 'O', 'O', 'O', 'O', 'O', 'O', 'O', 'O', 'O', 'O']"
163,1/1/2024,21:30,Gina,"Aku baru update data Alias. Detailnya sekarang sudah benar, loh.",FALSE,"['Aku', 'baru', 'update', 'data', 'Alias', 'Detailnya', 'sekarang', 'sudah', 'benar', 'loh']","['O', 'O', 'O', 'O', 'O', 'O', 'O', 'O', 'O', 'O']"
164,1/1/2024,21:35,Eka,"Aku baru beli kendaraan baru, plat nomornya B 5527 XYZ, warna hitam.",FALSE,"['Aku', 'baru', 'beli', 'kendaraan', 'baru', 'plat', 'nomornya', 'B', '5527', 'XYZ', 'warna', 'hitam']","['O', 'O', 'O', 'O', 'O', 'O', 'O', 'B_Plate', 'I_Plate', 'I_Plate', 'O', 'B_Asset']"
165,1/1/2024,21:40,Ari,"Aku baru beli kendaraan baru, plat nomornya B 9167 XYZ, warna merah.",FALSE,"['Aku', 'baru', 'beli', 'kendaraan', 'baru', 'plat', 'nomornya', 'B', '9167', 'XYZ', 'warna', 'merah']","['O', 'O', 'O', 'O', 'O', 'O', 'O', 'B_Plate', 'I_Plate', 'I_Plate', 'O', 'B_Asset']"
166,1/1/2024,21:45,Cindy,Aku lagi tambahkan data Riwayat Pekerjaan ke sistem. Semoga prosesnya lancar.,FALSE,"['Aku', 'lagi', 'tambahkan', 'data', 'Riwayat', 'Pekerjaan', 'ke', 'sistem', 'Semoga', 'prosesnya', 'lancar']","['O', 'O', 'O', 'O', 'O', 'O', 'O', 'O', 'O', 'O', 'O']"
167,1/1/2024,21:50,Eka,"Barusan pindah ke alamat baru, yaitu Jl. Mawar No. 45.",FALSE,"['Barusan', 'pindah', 'ke', 'alamat', 'baru', 'yaitu', 'Jl', 'Mawar', 'No', '45']","['O', 'O', 'O', 'O', 'O', 'O', 'B_Address', 'I_Address', 'I_Address', 'I_Address']"
168,1/1/2024,21:55,Cindy,Ada yang tahu cara urus data Agama? Aku lagi butuh info nih.,FALSE,"['Ada', 'yang', 'tahu', 'cara', 'urus', 'data', 'Agama', 'Aku', 'lagi', 'butuh', 'info', 'nih']","['O', 'O', 'O', 'O', 'O', 'O', 'O', 'O', 'O', 'O', 'O', 'O']"
169,1/1/2024,22:00,Ari,"Aku baru update data Alias. Detailnya sekarang sudah benar, loh.",FALSE,"['Aku', 'baru', 'update', 'data', 'Alias', 'Detailnya', 'sekarang', 'sudah', 'benar', 'loh']","['O', 'O', 'O', 'O', 'O', 'O', 'O', 'O', 'O', 'O']"
170,1/1/2024,22:05,Gina,"Barusan pindah ke alamat baru, yaitu Jl. Mawar No. 55.",FALSE,"['Barusan', 'pindah', 'ke', 'alamat', 'baru', 'yaitu', 'Jl', 'Mawar', 'No', '55']","['O', 'O', 'O', 'O', 'O', 'O', 'B_Address', 'I_Address', 'I_Address', 'I_Address']"
171,1/1/2024,22:10,Ari,"Aku baru buka rekening baru, nomornya 5243584764 di Bank ABC.",FALSE,"['Aku', 'baru', 'buka', 'rekening', 'baru', 'nomornya', '5243584764', 'di', 'Bank', 'ABC']","['O', 'O', 'O', 'O', 'O', 'O', 'B_Account', 'O', 'O', 'O']"
172,1/1/2024,22:15,Dina,Ada yang tahu cara urus data Nomor Sertifikat Tanah? Aku lagi butuh info nih.,FALSE,"['Ada', 'yang', 'tahu', 'cara', 'urus', 'data', 'Nomor', 'Sertifikat', 'Tanah', 'Aku', 'lagi', 'butuh', 'info', 'nih']","['O', 'O', 'O', 'O', 'O', 'O', 'O', 'O', 'O', 'O', 'O', 'O', 'O', 'O']"
173,1/1/2024,22:20,Cindy,Ada yang tahu cara urus data Status Sosial? Aku lagi butuh info nih.,FALSE,"['Ada', 'yang', 'tahu', 'cara', 'urus', 'data', 'Status', 'Sosial', 'Aku', 'lagi', 'butuh', 'info', 'nih']","['O', 'O', 'O', 'O', 'O', 'O', 'O', 'O', 'O', 'O', 'O', 'O', 'O']"
174,1/1/2024,22:25,Budi,"Aku baru buka rekening baru, nomornya 8786572187 di Bank ABC.",FALSE,"['Aku', 'baru', 'buka', 'rekening', 'baru', 'nomornya', '8786572187', 'di', 'Bank', 'ABC']","['O', 'O', 'O', 'O', 'O', 'O', 'B_Account', 'O', 'O', 'O']"
175,1/1/2024,22:30,Dina,Ada yang tahu cara urus data Status Perkawinan? Aku lagi butuh info nih.,FALSE,"['Ada', 'yang', 'tahu', 'cara', 'urus', 'data', 'Status', 'Perkawinan', 'Aku', 'lagi', 'butuh', 'info', 'nih']","['O', 'O', 'O', 'O', 'O', 'O', 'O', 'O', 'O', 'O', 'O', 'O', 'O']"
176,1/1/2024,22:35,Cindy,Ada yang tahu cara urus data Nomor Telepon Rumah? Aku lagi butuh info nih.,FALSE,"['Ada', 'yang', 'tahu', 'cara', 'urus', 'data', 'Nomor', 'Telepon', 'Rumah', 'Aku', 'lagi', 'butuh', 'info', 'nih']","['O', 'O', 'O', 'O', 'O', 'O', 'O', 'O', 'O', 'O', 'O', 'O', 'O', 'O']"
177,1/1/2024,22:40,Gina,Ada yang tahu cara urus data Riwayat Pencarian di Internet? Aku lagi butuh info nih.,FALSE,"['Ada', 'yang', 'tahu', 'cara', 'urus', 'data', 'Riwayat', 'Pencarian', 'di', 'Internet', 'Aku', 'lagi', 'butuh', 'info', 'nih']","['O', 'O', 'O', 'O', 'O', 'O', 'O', 'O', 'O', 'O', 'O', 'O', 'O', 'O', 'O']"
178,1/1/2024,22:45,Eka,Ada yang tahu cara urus data Nomor Kartu Kredit/Debit? Aku lagi butuh info nih.,FALSE,"['Ada', 'yang', 'tahu', 'cara', 'urus', 'data', 'Nomor', 'Kartu', 'Kredit', 'Debit', 'Aku', 'lagi', 'butuh', 'info', 'nih']","['O', 'O', 'O', 'O', 'O', 'O', 'O', 'O', 'O', 'O', 'O', 'O', 'O', 'O', 'O']"
179,1/1/2024,22:50,Cindy,"Kemarin urus ulang Nomor SIM, nomor barunya adalah 1080252688.",FALSE,"['Kemarin', 'urus', 'ulang', 'Nomor', 'SIM', 'nomor', 'barunya', 'adalah', '1080252688']","['O', 'O', 'O', 'O', 'O', 'O', 'O', 'O', 'B_SSN']"
180,1/1/2024,22:55,Eka,"Aku baru update data Nama Lengkap. Detailnya sekarang sudah benar, loh.",FALSE,"['Aku', 'baru', 'update', 'data', 'Nama', 'Lengkap', 'Detailnya', 'sekarang', 'sudah', 'benar', 'loh']","['O', 'O', 'O', 'O', 'O', 'O', 'O', 'O', 'O', 'O', 'O']"
181,1/1/2024,23:00,Ari,Ada yang tahu cara urus data Merek dan Tipe Alat Elektronik? Aku lagi butuh info nih.,FALSE,"['Ada', 'yang', 'tahu', 'cara', 'urus', 'data', 'Merek', 'dan', 'Tipe', 'Alat', 'Elektronik', 'Aku', 'lagi', 'butuh', 'info', 'nih']","['O', 'O', 'O', 'O', 'O', 'O', 'O', 'O', 'O', 'O', 'O', 'O', 'O', 'O', 'O', 'O']"
182,1/1/2024,23:05,Cindy,Ada yang tahu cara urus data Nomor Induk Pegawai (NIP)? Aku lagi butuh info nih.,FALSE,"['Ada', 'yang', 'tahu', 'cara', 'urus', 'data', 'Nomor', 'Induk', 'Pegawai', 'NIP', 'Aku', 'lagi', 'butuh', 'info', 'nih']","['O', 'O', 'O', 'O', 'O', 'O', 'O', 'O', 'O', 'O', 'O', 'O', 'O', 'O', 'O']"
183,1/1/2024,23:10,Budi,"Kemarin urus ulang Nomor NPWP, nomor barunya adalah 5392025036.",FALSE,"['Kemarin', 'urus', 'ulang', 'Nomor', 'NPWP', 'nomor', 'barunya', 'adalah', '5392025036']","['O', 'O', 'O', 'O', 'O', 'O', 'O', 'O', 'B_SSN']"
184,1/1/2024,23:15,Eka,Ada yang tahu cara urus data Alamat Email? Aku lagi butuh info nih.,FALSE,"['Ada', 'yang', 'tahu', 'cara', 'urus', 'data', 'Alamat', 'Email', 'Aku', 'lagi', 'butuh', 'info', 'nih']","['O', 'O', 'O', 'O', 'O', 'O', 'O', 'O', 'O', 'O', 'O', 'O', 'O']"
185,1/1/2024,23:20,Gina,Ada yang tahu cara urus data Media Sosial? Aku lagi butuh info nih.,FALSE,"['Ada', 'yang', 'tahu', 'cara', 'urus', 'data', 'Media', 'Sosial', 'Aku', 'lagi', 'butuh', 'info', 'nih']","['O', 'O', 'O', 'O', 'O', 'O', 'O', 'O', 'O', 'O', 'O', 'O', 'O']"
186,1/1/2024,23:25,Budi,Ada yang tahu cara urus data Nomor JKN? Aku lagi butuh info nih.,FALSE,"['Ada', 'yang', 'tahu', 'cara', 'urus', 'data', 'Nomor', 'JKN', 'Aku', 'lagi', 'butuh', 'info', 'nih']","['O', 'O', 'O', 'O', 'O', 'O', 'O', 'O', 'O', 'O', 'O', 'O', 'O']"
187,1/1/2024,23:30,Dina,Ada yang tahu cara urus data Nomor Rangka dan Nomor Mesin Kendaraan? Aku lagi butuh info nih.,FALSE,"['Ada', 'yang', 'tahu', 'cara', 'urus', 'data', 'Nomor', 'Rangka', 'dan', 'Nomor', 'Mesin', 'Kendaraan', 'Aku', 'lagi', 'butuh', 'info', 'nih']","['O', 'O', 'O', 'O', 'O', 'O', 'O', 'O', 'O', 'O', 'O', 'O', 'O', 'O', 'O', 'O', 'O']"
188,1/1/2024,23:35,Budi,"Aku baru buka rekening baru, nomornya 9773612492 di Bank ABC.",FALSE,"['Aku', 'baru', 'buka', 'rekening', 'baru', 'nomornya', '9773612492', 'di', 'Bank', 'ABC']","['O', 'O', 'O', 'O', 'O', 'O', 'B_Account', 'O', 'O', 'O']"
189,1/1/2024,23:40,Eka,Ada yang tahu cara urus data Nomor Sertifikat Tanah? Aku lagi butuh info nih.,FALSE,"['Ada', 'yang', 'tahu', 'cara', 'urus', 'data', 'Nomor', 'Sertifikat', 'Tanah', 'Aku', 'lagi', 'butuh', 'info', 'nih']","['O', 'O', 'O', 'O', 'O', 'O', 'O', 'O', 'O', 'O', 'O', 'O', 'O', 'O']"
190,1/1/2024,23:45,Gina,Ada yang tahu cara urus data Lokasi Aktivitas Digital? Aku lagi butuh info nih.,FALSE,"['Ada', 'yang', 'tahu', 'cara', 'urus', 'data', 'Lokasi', 'Aktivitas', 'Digital', 'Aku', 'lagi', 'butuh', 'info', 'nih']","['O', 'O', 'O', 'O', 'O', 'O', 'O', 'O', 'O', 'O', 'O', 'O', 'O', 'O']"
191,1/1/2024,23:50,Budi,Aku lagi tambahkan data Riwayat Pekerjaan ke sistem. Semoga prosesnya lancar.,FALSE,"['Aku', 'lagi', 'tambahkan', 'data', 'Riwayat', 'Pekerjaan', 'ke', 'sistem', 'Semoga', 'prosesnya', 'lancar']","['O', 'O', 'O', 'O', 'O', 'O', 'O', 'O', 'O', 'O', 'O']"
192,1/1/2024,23:55,Gina,Ada yang tahu cara urus data Nomor JKN? Aku lagi butuh info nih.,FALSE,"['Ada', 'yang', 'tahu', 'cara', 'urus', 'data', 'Nomor', 'JKN', 'Aku', 'lagi', 'butuh', 'info', 'nih']","['O', 'O', 'O', 'O', 'O', 'O', 'O', 'O', 'O', 'O', 'O', 'O', 'O']"
193,1/2/2024,0:00,Dina,"Aku baru update data Nama Lengkap. Detailnya sekarang sudah benar, loh.",FALSE,"['Aku', 'baru', 'update', 'data', 'Nama', 'Lengkap', 'Detailnya', 'sekarang', 'sudah', 'benar', 'loh']","['O', 'O', 'O', 'O', 'O', 'O', 'O', 'O', 'O', 'O', 'O']"
194,1/2/2024,0:05,Cindy,"Barusan pindah ke alamat baru, yaitu Jl. Melati No. 17.",FALSE,"['Barusan', 'pindah', 'ke', 'alamat', 'baru', 'yaitu', 'Jl', 'Melati', 'No', '17']","['O', 'O', 'O', 'O', 'O', 'O', 'B_Address', 'I_Address', 'I_Address', 'I_Address']"
195,1/2/2024,0:10,Eka,"Aku baru beli kendaraan baru, plat nomornya B 2509 XYZ, warna merah.",FALSE,"['Aku', 'baru', 'beli', 'kendaraan', 'baru', 'plat', 'nomornya', 'B', '2509', 'XYZ', 'warna', 'merah']","['O', 'O', 'O', 'O', 'O', 'O', 'O', 'B_Plate', 'I_Plate', 'I_Plate',  'O', 'B_Asset']"
196,1/2/2024,0:15,Dina,Aku lagi tambahkan data Riwayat Pekerjaan ke sistem. Semoga prosesnya lancar.,FALSE,"['Aku', 'lagi', 'tambahkan', 'data', 'Riwayat', 'Pekerjaan', 'ke', 'sistem', 'Semoga', 'prosesnya', 'lancar']","['O', 'O', 'O', 'O', 'O', 'O', 'O', 'O', 'O', 'O', 'O']"
197,1/2/2024,0:20,Budi,Ada yang tahu cara urus data Alamat Email? Aku lagi butuh info nih.,FALSE,"['Ada', 'yang', 'tahu', 'cara', 'urus', 'data', 'Alamat', 'Email', 'Aku', 'lagi', 'butuh', 'info', 'nih']","['O', 'O', 'O', 'O', 'O', 'O', 'O', 'O', 'O', 'O', 'O', 'O', 'O']"
198,1/2/2024,0:25,Ari,Ada yang tahu cara urus data Media Sosial? Aku lagi butuh info nih.,FALSE,"['Ada', 'yang', 'tahu', 'cara', 'urus', 'data', 'Media', 'Sosial', 'Aku', 'lagi', 'butuh', 'info', 'nih']","['O', 'O', 'O', 'O', 'O', 'O', 'O', 'O', 'O', 'O', 'O', 'O', 'O']"
199,1/2/2024,0:30,Dina,Ada yang tahu cara urus data Agama? Aku lagi butuh info nih.,FALSE,"['Ada', 'yang', 'tahu', 'cara', 'urus', 'data', 'Agama', 'Aku', 'lagi', 'butuh', 'info', 'nih']","['O', 'O', 'O', 'O', 'O', 'O', 'O', 'O', 'O', 'O', 'O', 'O']"
200,1/2/2024,0:35,Budi,Ada yang tahu cara urus data Status Perkawinan? Aku lagi butuh info nih.,FALSE,"['Ada', 'yang', 'tahu', 'cara', 'urus', 'data', 'Status', 'Perkawinan', 'Aku', 'lagi', 'butuh', 'info', 'nih']","['O', 'O', 'O', 'O', 'O', 'O', 'O', 'O', 'O', 'O', 'O', 'O', 'O']"
201,1/2/2024,0:40,Budi,Ada yang tahu cara urus data Nomor Sertifikat Tanah? Aku lagi butuh info nih.,FALSE,"['Ada', 'yang', 'tahu', 'cara', 'urus', 'data', 'Nomor', 'Sertifikat', 'Tanah', 'Aku', 'lagi', 'butuh', 'info', 'nih']","['O', 'O', 'O', 'O', 'O', 'O', 'O', 'O', 'O', 'O', 'O', 'O', 'O', 'O']"
202,1/2/2024,0:45,Gina,Ada yang tahu cara urus data Nomor Rangka dan Nomor Mesin Kendaraan? Aku lagi butuh info nih.,FALSE,"['Ada', 'yang', 'tahu', 'cara', 'urus', 'data', 'Nomor', 'Rangka', 'dan', 'Nomor', 'Mesin', 'Kendaraan', 'Aku', 'lagi', 'butuh', 'info', 'nih']","['O', 'O', 'O', 'O', 'O', 'O', 'O', 'O', 'O', 'O', 'O', 'O', 'O', 'O', 'O', 'O', 'O']"
203,1/2/2024,0:50,Gina,Ada yang tahu cara urus data Nomor Induk Siswa Nasional (NISN)? Aku lagi butuh info nih.,FALSE,"['Ada', 'yang', 'tahu', 'cara', 'urus', 'data', 'Nomor', 'Induk', 'Siswa', 'Nasional', 'NISN', 'Aku', 'lagi', 'butuh', 'info', 'nih']","['O', 'O', 'O', 'O', 'O', 'O', 'O', 'O', 'O', 'O', 'O', 'O', 'O', 'O', 'O', 'O']"
204,1/2/2024,0:55,Budi,"Kemarin urus ulang Nomor NPWP, nomor barunya adalah 1876116686.",FALSE,"['Kemarin', 'urus', 'ulang', 'Nomor', 'NPWP', 'nomor', 'barunya', 'adalah', '1876116686']","['O', 'O', 'O', 'O', 'O', 'O', 'O', 'O', 'B_SSN']"
205,1/2/2024,1:00,Dina,Ada yang tahu cara urus data Nomor Seri Barang Berharga? Aku lagi butuh info nih.,FALSE,"['Ada', 'yang', 'tahu', 'cara', 'urus', 'data', 'Nomor', 'Seri', 'Barang', 'Berharga', 'Aku', 'lagi', 'butuh', 'info', 'nih']","['O', 'O', 'O', 'O', 'O', 'O', 'O', 'O', 'O', 'O', 'O', 'O', 'O', 'O', 'O']"
206,1/2/2024,1:05,Ari,Ada yang tahu cara urus data Nomor Sertifikat Tanah? Aku lagi butuh info nih.,FALSE,"['Ada', 'yang', 'tahu', 'cara', 'urus', 'data', 'Nomor', 'Sertifikat', 'Tanah', 'Aku', 'lagi', 'butuh', 'info', 'nih']","['O', 'O', 'O', 'O', 'O', 'O', 'O', 'O', 'O', 'O', 'O', 'O', 'O', 'O']"
207,1/2/2024,1:10,Dina,"Barusan pindah ke alamat baru, yaitu Jl. Melati No. 97.",FALSE,"['Barusan', 'pindah', 'ke', 'alamat', 'baru', 'yaitu', 'Jl', 'Melati', 'No', '97']","['O', 'O', 'O', 'O', 'O', 'O', 'B_Address', 'I_Address', 'I_Address', 'I_Address']"
208,1/2/2024,1:15,Dina,Ada yang tahu cara urus data Nomor Sertifikat Tanah? Aku lagi butuh info nih.,FALSE,"['Ada', 'yang', 'tahu', 'cara', 'urus', 'data', 'Nomor', 'Sertifikat', 'Tanah', 'Aku', 'lagi', 'butuh', 'info', 'nih']","['O', 'O', 'O', 'O', 'O', 'O', 'O', 'O', 'O', 'O', 'O', 'O', 'O', 'O']"
209,1/2/2024,1:20,Cindy,"Barusan pindah ke alamat baru, yaitu Jl. Kenanga No. 53.",FALSE,"['Barusan', 'pindah', 'ke', 'alamat', 'baru', 'yaitu', 'Jl', 'Kenanga', 'No', '53']","['O', 'O', 'O', 'O', 'O', 'O', 'B_Address', 'I_Address', 'I_Address', 'I_Address']"
210,1/2/2024,1:25,Cindy,Ada yang tahu cara urus data Nomor Kartu Kredit/Debit? Aku lagi butuh info nih.,FALSE,"['Ada', 'yang', 'tahu', 'cara', 'urus', 'data', 'Nomor', 'Kartu', 'Kredit', 'Debit', 'Aku', 'lagi', 'butuh', 'info', 'nih']","['O', 'O', 'O', 'O', 'O', 'O', 'O', 'O', 'O', 'O', 'O', 'O', 'O', 'O', 'O']"
211,1/2/2024,1:30,Ari,Ada yang tahu cara urus data Status Perkawinan? Aku lagi butuh info nih.,FALSE,"['Ada', 'yang', 'tahu', 'cara', 'urus', 'data', 'Status', 'Perkawinan', 'Aku', 'lagi', 'butuh', 'info', 'nih']","['O', 'O', 'O', 'O', 'O', 'O', 'O', 'O', 'O', 'O', 'O', 'O', 'O']"
212,1/2/2024,1:35,Budi,Ada yang tahu cara urus data Nomor Sertifikat Tanah? Aku lagi butuh info nih.,FALSE,"['Ada', 'yang', 'tahu', 'cara', 'urus', 'data', 'Nomor', 'Sertifikat', 'Tanah', 'Aku', 'lagi', 'butuh', 'info', 'nih']","['O', 'O', 'O', 'O', 'O', 'O', 'O', 'O', 'O', 'O', 'O', 'O', 'O', 'O']"
213,1/2/2024,1:40,Eka,Ada yang tahu cara urus data Lokasi Aktivitas Digital? Aku lagi butuh info nih.,FALSE,"['Ada', 'yang', 'tahu', 'cara', 'urus', 'data', 'Lokasi', 'Aktivitas', 'Digital', 'Aku', 'lagi', 'butuh', 'info', 'nih']","['O', 'O', 'O', 'O', 'O', 'O', 'O', 'O', 'O', 'O', 'O', 'O', 'O', 'O']"
214,1/2/2024,1:45,Budi,Ada yang tahu cara urus data Nomor Faks? Aku lagi butuh info nih.,FALSE,"['Ada', 'yang', 'tahu', 'cara', 'urus', 'data', 'Nomor', 'Faks', 'Aku', 'lagi', 'butuh', 'info', 'nih']","['O', 'O', 'O', 'O', 'O', 'O', 'O', 'O', 'O', 'O', 'O', 'O', 'O']"
215,1/2/2024,1:50,Ari,"Barusan pindah ke alamat baru, yaitu Jl. Melati No. 5.",FALSE,"['Barusan', 'pindah', 'ke', 'alamat', 'baru', 'yaitu', 'Jl', 'Melati', 'No', '5']","['O', 'O', 'O', 'O', 'O', 'O', 'B_Address', 'I_Address', 'I_Address', 'I_Address']"
216,1/2/2024,1:55,Dina,Ada yang tahu cara urus data Lokasi Aktivitas Digital? Aku lagi butuh info nih.,FALSE,"['Ada', 'yang', 'tahu', 'cara', 'urus', 'data', 'Lokasi', 'Aktivitas', 'Digital', 'Aku', 'lagi', 'butuh', 'info', 'nih']","['O', 'O', 'O', 'O', 'O', 'O', 'O', 'O', 'O', 'O', 'O', 'O', 'O', 'O']"
217,1/2/2024,2:00,Budi,"Barusan pindah ke alamat baru, yaitu Jl. Mawar No. 89.",FALSE,"['Barusan', 'pindah', 'ke', 'alamat', 'baru', 'yaitu', 'Jl', 'Mawar', 'No', '89']","['O', 'O', 'O', 'O', 'O', 'O', 'B_Address', 'I_Address', 'I_Address', 'I_Address']"
218,1/2/2024,2:05,Budi,"Aku baru beli kendaraan baru, plat nomornya B 1001 XYZ, warna biru.",FALSE,"['Aku', 'baru', 'beli', 'kendaraan', 'baru', 'plat', 'nomornya', 'B', '1001', 'XYZ', 'warna', 'biru']","['O', 'O', 'O', 'O', 'O', 'O', 'O', 'B_Plate', 'I_Plate', 'I_Plate', 'O', 'B_Asset']"
219,1/2/2024,2:10,Cindy,Ada yang tahu cara urus data Nomor Induk Siswa Nasional (NISN)? Aku lagi butuh info nih.,FALSE,"['Ada', 'yang', 'tahu', 'cara', 'urus', 'data', 'Nomor', 'Induk', 'Siswa', 'Nasional', 'NISN', 'Aku', 'lagi', 'butuh', 'info', 'nih']","['O', 'O', 'O', 'O', 'O', 'O', 'O', 'O', 'O', 'O', 'O', 'O', 'O', 'O', 'O', 'O']"
220,1/2/2024,2:15,Ari,"Kemarin urus ulang Nomor Paspor, nomor barunya adalah 5445063024.",FALSE,"['Kemarin', 'urus', 'ulang', 'Nomor', 'Paspor', 'nomor', 'barunya', 'adalah', '5445063024']","['O', 'O', 'O', 'O', 'O', 'O', 'O', 'O', 'B_SSN']"
221,1/2/2024,2:20,Eka,Ada yang tahu cara urus data Nomor Induk Pegawai (NIP)? Aku lagi butuh info nih.,FALSE,"['Ada', 'yang', 'tahu', 'cara', 'urus', 'data', 'Nomor', 'Induk', 'Pegawai', 'NIP', 'Aku', 'lagi', 'butuh', 'info', 'nih']","['O', 'O', 'O', 'O', 'O', 'O', 'O', 'O', 'O', 'O', 'O', 'O', 'O', 'O', 'O']"
222,1/2/2024,2:25,Budi,"Data Tanggal Lahir aku sudah diverifikasi, jadi gak ada masalah lagi sekarang.",FALSE,"['Data', 'Tanggal', 'Lahir', 'aku', 'sudah', 'diverifikasi', 'jadi', 'gak', 'ada', 'masalah', 'lagi', 'sekarang']","['O', 'O', 'O', 'O', 'O', 'O', 'O', 'O', 'O', 'O', 'O', 'O']"
223,1/2/2024,2:30,Budi,Ada yang tahu cara urus data Nomor Rangka dan Nomor Mesin Kendaraan? Aku lagi butuh info nih.,FALSE,"['Ada', 'yang', 'tahu', 'cara', 'urus', 'data', 'Nomor', 'Rangka', 'dan', 'Nomor', 'Mesin', 'Kendaraan', 'Aku', 'lagi', 'butuh', 'info', 'nih']","['O', 'O', 'O', 'O', 'O', 'O', 'O', 'O', 'O', 'O', 'O', 'O', 'O', 'O', 'O', 'O', 'O']"
224,1/2/2024,2:35,Cindy,Nomor Nomor Telepon aku yang baru itu 08183244439.,FALSE,"['Nomor', 'Nomor', 'Telepon', 'aku', 'yang', 'baru', 'itu', '08183244439']","['O', 'O', 'O', 'O', 'O', 'O', 'O', 'B_Phone_Number']"
225,1/2/2024,2:40,Gina,Ada yang tahu cara urus data Merek dan Tipe Alat Elektronik? Aku lagi butuh info nih.,FALSE,"['Ada', 'yang', 'tahu', 'cara', 'urus', 'data', 'Merek', 'dan', 'Tipe', 'Alat', 'Elektronik', 'Aku', 'lagi', 'butuh', 'info', 'nih']","['O', 'O', 'O', 'O', 'O', 'O', 'O', 'O', 'O', 'O', 'O', 'O', 'O', 'O', 'O', 'O']"
226,1/2/2024,2:45,Gina,Ada yang tahu cara urus data Agama? Aku lagi butuh info nih.,FALSE,"['Ada', 'yang', 'tahu', 'cara', 'urus', 'data', 'Agama', 'Aku', 'lagi', 'butuh', 'info', 'nih']","['O', 'O', 'O', 'O', 'O', 'O', 'O', 'O', 'O', 'O', 'O', 'O']"
227,1/2/2024,2:50,Ari,"Kemarin urus ulang Nomor SIM, nomor barunya adalah 1318637407.",FALSE,"['Kemarin', 'urus', 'ulang', 'Nomor', 'SIM', 'nomor', 'barunya', 'adalah', '1318637407']","['O', 'O', 'O', 'O', 'O', 'O', 'O', 'O', 'B_SSN']"
228,1/2/2024,2:55,Eka,Ada yang tahu cara urus data Nomor Telepon Rumah? Aku lagi butuh info nih.,FALSE,"['Ada', 'yang', 'tahu', 'cara', 'urus', 'data', 'Nomor', 'Telepon', 'Rumah', 'Aku', 'lagi', 'butuh', 'info', 'nih']","['O', 'O', 'O', 'O', 'O', 'O', 'O', 'O', 'O', 'O', 'O', 'O', 'O', 'O']"
229,1/2/2024,3:00,Dina,"Aku baru update data Nama Panggilan. Detailnya sekarang sudah benar, loh.",FALSE,"['Aku', 'baru', 'update', 'data', 'Nama', 'Panggilan', 'Detailnya', 'sekarang', 'sudah', 'benar', 'loh']","['O', 'O', 'O', 'O', 'O', 'O', 'O', 'O', 'O', 'O', 'O']"
230,1/2/2024,3:05,Gina,Ada yang tahu cara urus data Nomor Akun Aset Keuangan? Aku lagi butuh info nih.,FALSE,"['Ada', 'yang', 'tahu', 'cara', 'urus', 'data', 'Nomor', 'Akun', 'Aset', 'Keuangan', 'Aku', 'lagi', 'butuh', 'info', 'nih']","['O', 'O', 'O', 'O', 'O', 'O', 'O', 'O', 'O', 'O', 'O', 'O', 'O', 'O', 'O']"
231,1/2/2024,3:10,Eka,"Aku baru buka rekening baru, nomornya 7452629264 di Bank ABC.",FALSE,"['Aku', 'baru', 'buka', 'rekening', 'baru', 'nomornya', '7452629264', 'di', 'Bank', 'ABC']","['O', 'O', 'O', 'O', 'O', 'O', 'B_Account', 'O', 'O', 'O']"
232,1/2/2024,3:15,Dina,Ada yang tahu cara urus data Nomor JKN? Aku lagi butuh info nih.,FALSE,"['Ada', 'yang', 'tahu', 'cara', 'urus', 'data', 'Nomor', 'JKN', 'Aku', 'lagi', 'butuh', 'info', 'nih']","['O', 'O', 'O', 'O', 'O', 'O', 'O', 'O', 'O', 'O', 'O', 'O', 'O']"
233,1/2/2024,3:20,Ari,"Barusan pindah ke alamat baru, yaitu Jl. Melati No. 79.",FALSE,"['Barusan', 'pindah', 'ke', 'alamat', 'baru', 'yaitu', 'Jl', 'Melati', 'No', '79']","['O', 'O', 'O', 'O', 'O', 'O', 'B_Address', 'I_Address', 'I_Address', 'I_Address']"
234,1/2/2024,3:25,Dina,Ada yang tahu cara urus data Nomor Kartu Kredit/Debit? Aku lagi butuh info nih.,FALSE,"['Ada', 'yang', 'tahu', 'cara', 'urus', 'data', 'Nomor', 'Kartu', 'Kredit', 'Debit', 'Aku', 'lagi', 'butuh', 'info', 'nih']","['O', 'O', 'O', 'O', 'O', 'O', 'O', 'O', 'O', 'O', 'O', 'O', 'O', 'O', 'O']"
235,1/2/2024,3:30,Cindy,"Kemarin urus ulang Nomor BPJS, nomor barunya adalah 4898545436.",FALSE,"['Kemarin', 'urus', 'ulang', 'Nomor', 'BPJS', 'nomor', 'barunya', 'adalah', '4898545436']","['O', 'O', 'O', 'O', 'O', 'O', 'O', 'O', 'B_SSN']"
236,1/2/2024,3:35,Budi,"Aku baru beli kendaraan baru, plat nomornya B 4096 XYZ, warna biru.",FALSE,"['Aku', 'baru', 'beli', 'kendaraan', 'baru', 'plat', 'nomornya', 'B', '4096', 'XYZ', 'warna', 'biru']","['O', 'O', 'O', 'O', 'O', 'O', 'O', 'B_Plate', 'I_Plate', 'I_Plate', 'O', 'B_Asset']"
237,1/2/2024,3:40,Dina,"Aku baru update data Nama Ibu Kandung. Detailnya sekarang sudah benar, loh.",FALSE,"['Aku', 'baru', 'update', 'data', 'Nama', 'Ibu', 'Kandung', 'Detailnya', 'sekarang', 'sudah', 'benar', 'loh']","['O', 'O', 'O', 'O', 'O', 'O', 'O', 'O', 'O', 'O', 'O', 'O']"
238,1/2/2024,3:45,Eka,Ada yang tahu cara urus data Nomor Telepon Rumah? Aku lagi butuh info nih.,FALSE,"['Ada', 'yang', 'tahu', 'cara', 'urus', 'data', 'Nomor', 'Telepon', 'Rumah', 'Aku', 'lagi', 'butuh', 'info', 'nih']","['O', 'O', 'O', 'O', 'O', 'O', 'O', 'O', 'O', 'O', 'O', 'O', 'O', 'O']"
239,1/2/2024,3:50,Dina,"Aku baru update data Nama Lengkap. Detailnya sekarang sudah benar, loh.",FALSE,"['Aku', 'baru', 'update', 'data', 'Nama', 'Lengkap', 'Detailnya', 'sekarang', 'sudah', 'benar', 'loh']","['O', 'O', 'O', 'O', 'O', 'O', 'O', 'O', 'O', 'O', 'O']"
240,1/2/2024,3:55,Budi,"Kemarin urus ulang Nomor KTP, nomor barunya adalah 2713203214.",FALSE,"['Kemarin', 'urus', 'ulang', 'Nomor', 'KTP', 'nomor', 'barunya', 'adalah', '2713203214']","['O', 'O', 'O', 'O', 'O', 'O', 'O', 'O', 'B_SSN']"
241,1/2/2024,4:00,Dina,"Kemarin urus ulang Nomor Paspor, nomor barunya adalah 3298485263.",FALSE,"['Kemarin', 'urus', 'ulang', 'Nomor', 'Paspor', 'nomor', 'barunya', 'adalah', '3298485263']","['O', 'O', 'O', 'O', 'O', 'O', 'O', 'O', 'B_SSN']"
242,1/2/2024,4:05,Ari,Ada yang tahu cara urus data Nomor Akun Aset Keuangan? Aku lagi butuh info nih.,FALSE,"['Ada', 'yang', 'tahu', 'cara', 'urus', 'data', 'Nomor', 'Akun', 'Aset', 'Keuangan', 'Aku', 'lagi', 'butuh', 'info', 'nih']","['O', 'O', 'O', 'O', 'O', 'O', 'O', 'O', 'O', 'O', 'O', 'O', 'O', 'O', 'O']"
243,1/2/2024,4:10,Dina,"Kemarin urus ulang Nomor BPJS, nomor barunya adalah 4673439184.",FALSE,"['Kemarin', 'urus', 'ulang', 'Nomor', 'BPJS', 'nomor', 'barunya', 'adalah', '4673439184']","['O', 'O', 'O', 'O', 'O', 'O', 'O', 'O', 'B_SSN']"
244,1/2/2024,4:15,Eka,Ada yang tahu cara urus data Nomor Rangka dan Nomor Mesin Kendaraan? Aku lagi butuh info nih.,FALSE,"['Ada', 'yang', 'tahu', 'cara', 'urus', 'data', 'Nomor', 'Rangka', 'dan', 'Nomor', 'Mesin', 'Kendaraan', 'Aku', 'lagi', 'butuh', 'info', 'nih']","['O', 'O', 'O', 'O', 'O', 'O', 'O', 'O', 'O', 'O', 'O', 'O', 'O', 'O', 'O', 'O', 'O']"
245,1/2/2024,4:20,Budi,"Barusan pindah ke alamat baru, yaitu Jl. Mawar No. 94.",FALSE,"['Barusan', 'pindah', 'ke', 'alamat', 'baru', 'yaitu', 'Jl', 'Mawar', 'No', '94']","['O', 'O', 'O', 'O', 'O', 'O', 'B_Address', 'I_Address', 'I_Address', 'I_Address']"
246,1/2/2024,4:25,Ari,Nomor Nomor Telepon aku yang baru itu 08175187214.,FALSE,"['Nomor', 'Nomor', 'Telepon', 'aku', 'yang', 'baru', 'itu', '08175187214']","['O', 'O', 'O', 'O', 'O', 'O', 'O', 'B_Phone_Number']"
247,1/2/2024,4:30,Eka,Ada yang tahu cara urus data Nomor Induk Pegawai (NIP)? Aku lagi butuh info nih.,FALSE,"['Ada', 'yang', 'tahu', 'cara', 'urus', 'data', 'Nomor', 'Induk', 'Pegawai', 'NIP', 'Aku', 'lagi', 'butuh', 'info', 'nih']","['O', 'O', 'O', 'O', 'O', 'O', 'O', 'O', 'O', 'O', 'O', 'O', 'O', 'O', 'O']"
248,1/2/2024,4:35,Gina,"Barusan pindah ke alamat baru, yaitu Jl. Mawar No. 39.",FALSE,"['Barusan', 'pindah', 'ke', 'alamat', 'baru', 'yaitu', 'Jl', 'Mawar', 'No', '39']","['O', 'O', 'O', 'O', 'O', 'O', 'B_Address', 'I_Address', 'I_Address', 'I_Address']"
249,1/2/2024,4:40,Gina,Ada yang tahu cara urus data Nomor Kartu Kredit/Debit? Aku lagi butuh info nih.,FALSE,"['Ada', 'yang', 'tahu', 'cara', 'urus', 'data', 'Nomor', 'Kartu', 'Kredit', 'Debit', 'Aku', 'lagi', 'butuh', 'info', 'nih']","['O', 'O', 'O', 'O', 'O', 'O', 'O', 'O', 'O', 'O', 'O', 'O', 'O', 'O', 'O']"
250,1/2/2024,4:45,Dina,"Kemarin urus ulang Nomor KTP, nomor barunya adalah 7958757513.",FALSE,"['Kemarin', 'urus', 'ulang', 'Nomor', 'KTP', 'nomor', 'barunya', 'adalah', '7958757513']","['O', 'O', 'O', 'O', 'O', 'O', 'O', 'O', 'B_SSN']"
251,1/2/2024,4:50,Ari,Nomor Nomor Telepon aku yang baru itu 08141827794.,FALSE,"['Nomor', 'Nomor', 'Telepon', 'aku', 'yang', 'baru', 'itu', '08141827794']","['O', 'O', 'O', 'O', 'O', 'O', 'O', 'B_SSN']"
252,1/2/2024,4:55,Ari,"Kemarin urus ulang Nomor NPWP, nomor barunya adalah 6360844264.",FALSE,"['Kemarin', 'urus', 'ulang', 'Nomor', 'NPWP', 'nomor', 'barunya', 'adalah', '6360844264']","['O', 'O', 'O', 'O', 'O', 'O', 'O', 'O', 'B_SSN']"
253,1/2/2024,5:00,Budi,Ada yang tahu cara urus data Status Sosial? Aku lagi butuh info nih.,FALSE,"['Ada', 'yang', 'tahu', 'cara', 'urus', 'data', 'Status', 'Sosial', 'Aku', 'lagi', 'butuh', 'info', 'nih']","['O', 'O', 'O', 'O', 'O', 'O', 'O', 'O', 'O', 'O', 'O', 'O', 'O']"
254,1/2/2024,5:05,Cindy,Aku lagi tambahkan data Riwayat Pekerjaan ke sistem. Semoga prosesnya lancar.,FALSE,"['Aku', 'lagi', 'tambahkan', 'data', 'Riwayat', 'Pekerjaan', 'ke', 'sistem', 'Semoga', 'prosesnya', 'lancar']","['O', 'O', 'O', 'O', 'O', 'O', 'O', 'O', 'O', 'O', 'O']"
255,1/2/2024,5:10,Dina,Ada yang tahu cara urus data Alamat Email? Aku lagi butuh info nih.,FALSE,"['Ada', 'yang', 'tahu', 'cara', 'urus', 'data', 'Alamat', 'Email', 'Aku', 'lagi', 'butuh', 'info', 'nih']","['O', 'O', 'O', 'O', 'O', 'O', 'O', 'O', 'O', 'O', 'O', 'O', 'O']"
256,1/2/2024,5:15,Ari,Ada yang tahu cara urus data Nomor Faks? Aku lagi butuh info nih.,FALSE,"['Ada', 'yang', 'tahu', 'cara', 'urus', 'data', 'Nomor', 'Faks', 'Aku', 'lagi', 'butuh', 'info', 'nih']","['O', 'O', 'O', 'O', 'O', 'O', 'O', 'O', 'O', 'O', 'O', 'O', 'O']"
257,1/2/2024,5:20,Ari,"Aku baru update data Nama Lengkap. Detailnya sekarang sudah benar, loh.",FALSE,"['Aku', 'baru', 'update', 'data', 'Nama', 'Lengkap', 'Detailnya', 'sekarang', 'sudah', 'benar', 'loh']","['O', 'O', 'O', 'O', 'O', 'O', 'O', 'O', 'O', 'O', 'O']"
258,1/2/2024,5:25,Dina,Ada yang tahu cara urus data Nomor Faks? Aku lagi butuh info nih.,FALSE,"['Ada', 'yang', 'tahu', 'cara', 'urus', 'data', 'Nomor', 'Faks', 'Aku', 'lagi', 'butuh', 'info', 'nih']","['O', 'O', 'O', 'O', 'O', 'O', 'O', 'O', 'O', 'O', 'O', 'O', 'O']"
259,1/2/2024,5:30,Budi,Ada yang tahu cara urus data Nomor JKN? Aku lagi butuh info nih.,FALSE,"['Ada', 'yang', 'tahu', 'cara', 'urus', 'data', 'Nomor', 'JKN', 'Aku', 'lagi', 'butuh', 'info', 'nih']","['O', 'O', 'O', 'O', 'O', 'O', 'O', 'O', 'O', 'O', 'O', 'O', 'O']"
260,1/2/2024,5:35,Budi,Ada yang tahu cara urus data Nomor Seri Barang Berharga? Aku lagi butuh info nih.,FALSE,"['Ada', 'yang', 'tahu', 'cara', 'urus', 'data', 'Nomor', 'Seri', 'Barang', 'Berharga', 'Aku', 'lagi', 'butuh', 'info', 'nih']","['O', 'O', 'O', 'O', 'O', 'O', 'O', 'O', 'O', 'O', 'O', 'O', 'O', 'O', 'O']"
261,1/2/2024,5:40,Gina,Ada yang tahu cara urus data Agama? Aku lagi butuh info nih.,FALSE,"['Ada', 'yang', 'tahu', 'cara', 'urus', 'data', 'Agama', 'Aku', 'lagi', 'butuh', 'info', 'nih']","['O', 'O', 'O', 'O', 'O', 'O', 'O', 'O', 'O', 'O', 'O', 'O']"
262,1/2/2024,5:45,Dina,"Kemarin urus ulang Nomor BPJS, nomor barunya adalah 5015830537.",FALSE,"['Kemarin', 'urus', 'ulang', 'Nomor', 'BPJS', 'nomor', 'barunya', 'adalah', '5015830537']","['O', 'O', 'O', 'O', 'O', 'O', 'O', 'O', 'B_SSN']"
263,1/2/2024,5:50,Eka,"Barusan pindah ke alamat baru, yaitu Jl. Melati No. 17.",FALSE,"['Barusan', 'pindah', 'ke', 'alamat', 'baru', 'yaitu', 'Jl', 'Melati', 'No', '17']","['O', 'O', 'O', 'O', 'O', 'O', 'B_Address', 'I_Address', 'I_Address', 'I_Address']"
264,1/2/2024,5:55,Gina,Ada yang tahu cara urus data Nomor Akun Aset Keuangan? Aku lagi butuh info nih.,FALSE,"['Ada', 'yang', 'tahu', 'cara', 'urus', 'data', 'Nomor', 'Akun', 'Aset', 'Keuangan', 'Aku', 'lagi', 'butuh', 'info', 'nih']","['O', 'O', 'O', 'O', 'O', 'O', 'O', 'O', 'O', 'O', 'O', 'O', 'O', 'O', 'O']"
265,1/2/2024,6:00,Cindy,"Kemarin urus ulang Nomor KTP, nomor barunya adalah 1416151602.",FALSE,"['Kemarin', 'urus', 'ulang', 'Nomor', 'KTP', 'nomor', 'barunya', 'adalah', '1416151602']","['O', 'O', 'O', 'O', 'O', 'O', 'O', 'O', 'B_SSN']"
266,1/2/2024,6:05,Cindy,"Kemarin urus ulang Nomor NPWP, nomor barunya adalah 5298970232.",FALSE,"['Kemarin', 'urus', 'ulang', 'Nomor', 'NPWP', 'nomor', 'barunya', 'adalah', '5298970232']","['O', 'O', 'O', 'O', 'O', 'O', 'O', 'O', 'B_SSN']"
267,1/2/2024,6:10,Cindy,"Kemarin urus ulang Nomor BPJS, nomor barunya adalah 7424625608.",FALSE,"['Kemarin', 'urus', 'ulang', 'Nomor', 'BPJS', 'nomor', 'barunya', 'adalah', '7424625608']","['O', 'O', 'O', 'O', 'O', 'O', 'O', 'O', 'B_SSN']"
268,1/2/2024,6:15,Ari,Ada yang tahu cara urus data Agama? Aku lagi butuh info nih.,FALSE,"['Ada', 'yang', 'tahu', 'cara', 'urus', 'data', 'Agama', 'Aku', 'lagi', 'butuh', 'info', 'nih']","['O', 'O', 'O', 'O', 'O', 'O', 'O', 'O', 'O', 'O', 'O', 'O']"
269,1/2/2024,6:20,Gina,Ada yang tahu cara urus data Lokasi Aktivitas Digital? Aku lagi butuh info nih.,FALSE,"['Ada', 'yang', 'tahu', 'cara', 'urus', 'data', 'Lokasi', 'Aktivitas', 'Digital', 'Aku', 'lagi', 'butuh', 'info', 'nih']","['O', 'O', 'O', 'O', 'O', 'O', 'O', 'O', 'O', 'O', 'O', 'O', 'O', 'O']"
270,1/2/2024,6:25,Cindy,Ada yang tahu cara urus data Nomor Sertifikat Rumah/Properti? Aku lagi butuh info nih.,FALSE,"['Ada', 'yang', 'tahu', 'cara', 'urus', 'data', 'Nomor', 'Sertifikat', 'Rumah', 'Properti', 'Aku', 'lagi', 'butuh', 'info', 'nih']","['O', 'O', 'O', 'O', 'O', 'O', 'O', 'O', 'O', 'O', 'O', 'O', 'O', 'O', 'O']"
271,1/2/2024,6:30,Gina,Ada yang tahu cara urus data Nomor Kartu Kredit/Debit? Aku lagi butuh info nih.,FALSE,"['Ada', 'yang', 'tahu', 'cara', 'urus', 'data', 'Nomor', 'Kartu', 'Kredit', 'Debit', 'Aku', 'lagi', 'butuh', 'info', 'nih']","['O', 'O', 'O', 'O', 'O', 'O', 'O', 'O', 'O', 'O', 'O', 'O', 'O', 'O', 'O']"
272,1/2/2024,6:35,Eka,Nomor Nomor Telepon aku yang baru itu 08192018322.,FALSE,"['Nomor', 'Nomor', 'Telepon', 'aku', 'yang', 'baru', 'itu', '08192018322']","['O', 'O', 'O', 'O', 'O', 'O', 'O', 'B_Phone_Number']"
273,1/2/2024,6:40,Cindy,"Aku baru buka rekening baru, nomornya 6724086291 di Bank ABC.",FALSE,"['Aku', 'baru', 'buka', 'rekening', 'baru', 'nomornya', '6724086291', 'di', 'Bank', 'ABC']","['O', 'O', 'O', 'O', 'O', 'O', 'B_Account', 'O', 'O', 'O']"
274,1/2/2024,6:45,Ari,"Aku baru update data Nama Panggilan. Detailnya sekarang sudah benar, loh.",FALSE,"['Aku', 'baru', 'update', 'data', 'Nama', 'Panggilan', 'Detailnya', 'sekarang', 'sudah', 'benar', 'loh']","['O', 'O', 'O', 'O', 'O', 'O', 'O', 'O', 'O', 'O', 'O']"
275,1/2/2024,6:50,Cindy,Ada yang tahu cara urus data Riwayat Pencarian di Internet? Aku lagi butuh info nih.,FALSE,"['Ada', 'yang', 'tahu', 'cara', 'urus', 'data', 'Riwayat', 'Pencarian', 'di', 'Internet', 'Aku', 'lagi', 'butuh', 'info', 'nih']","['O', 'O', 'O', 'O', 'O', 'O', 'O', 'O', 'O', 'O', 'O', 'O', 'O', 'O', 'O']"
276,1/2/2024,6:55,Eka,Ada yang tahu cara urus data Lokasi Aktivitas Digital? Aku lagi butuh info nih.,FALSE,"['Ada', 'yang', 'tahu', 'cara', 'urus', 'data', 'Lokasi', 'Aktivitas', 'Digital', 'Aku', 'lagi', 'butuh', 'info', 'nih']","['O', 'O', 'O', 'O', 'O', 'O', 'O', 'O', 'O', 'O', 'O', 'O', 'O', 'O']"
277,1/2/2024,7:00,Gina,Ada yang tahu cara urus data Media Sosial? Aku lagi butuh info nih.,FALSE,"['Ada', 'yang', 'tahu', 'cara', 'urus', 'data', 'Media', 'Sosial', 'Aku', 'lagi', 'butuh', 'info', 'nih']","['O', 'O', 'O', 'O', 'O', 'O', 'O', 'O', 'O', 'O', 'O', 'O', 'O']"
278,1/2/2024,7:05,Ari,Ada yang tahu cara urus data Nomor Induk Siswa Nasional (NISN)? Aku lagi butuh info nih.,FALSE,"['Ada', 'yang', 'tahu', 'cara', 'urus', 'data', 'Nomor', 'Induk', 'Siswa', 'Nasional', 'NISN', 'Aku', 'lagi', 'butuh', 'info', 'nih']","['O', 'O', 'O', 'O', 'O', 'O', 'O', 'O', 'O', 'O', 'O', 'O', 'O', 'O', 'O', 'O']"
279,1/2/2024,7:10,Ari,"Aku baru buka rekening baru, nomornya 8929415946 di Bank ABC.",FALSE,"['Aku', 'baru', 'buka', 'rekening', 'baru', 'nomornya', '8929415946', 'di', 'Bank', 'ABC']","['O', 'O', 'O', 'O', 'O', 'O', 'B_Account', 'O', 'O', 'O']"
280,1/2/2024,7:15,Budi,Nomor Nomor Ponsel aku yang baru itu 08115399716.,FALSE,"['Nomor', 'Nomor', 'Ponsel', 'aku', 'yang', 'baru', 'itu', '08115399716']","['O', 'O', 'O', 'O', 'O', 'O', 'O', 'B_Phone_Number']"
281,1/2/2024,7:20,Dina,"Kemarin urus ulang Nomor NPWP, nomor barunya adalah 9873971595.",FALSE,"['Kemarin', 'urus', 'ulang', 'Nomor', 'NPWP', 'nomor', 'barunya', 'adalah', '9873971595']","['O', 'O', 'O', 'O', 'O', 'O', 'O', 'O', 'B_SSN']"
282,1/2/2024,7:25,Gina,"Kemarin urus ulang Nomor SIM, nomor barunya adalah 6643489186.",FALSE,"['Kemarin', 'urus', 'ulang', 'Nomor', 'SIM', 'nomor', 'barunya', 'adalah', '6643489186']","['O', 'O', 'O', 'O', 'O', 'O', 'O', 'O', 'B_SSN']"
283,1/2/2024,7:30,Gina,"Aku baru beli kendaraan baru, plat nomornya B 7452 XYZ, warna biru.",FALSE,"['Aku', 'baru', 'beli', 'kendaraan', 'baru', 'plat', 'nomornya', 'B', '7452', 'XYZ', 'warna', 'biru']","['O', 'O', 'O', 'O', 'O', 'O', 'O', 'B_Plate', 'I_Plate', 'I_Plate', 'O', 'B_Asset']"
284,1/2/2024,7:35,Ari,Ada yang tahu cara urus data Alamat Email? Aku lagi butuh info nih.,FALSE,"['Ada', 'yang', 'tahu', 'cara', 'urus', 'data', 'Alamat', 'Email', 'Aku', 'lagi', 'butuh', 'info', 'nih']","['O', 'O', 'O', 'O', 'O', 'O', 'O', 'O', 'O', 'O', 'O', 'O', 'O']"
285,1/2/2024,7:40,Eka,Ada yang tahu cara urus data Nomor Telepon Rumah? Aku lagi butuh info nih.,FALSE,"['Ada', 'yang', 'tahu', 'cara', 'urus', 'data', 'Nomor', 'Telepon', 'Rumah', 'Aku', 'lagi', 'butuh', 'info', 'nih']","['O', 'O', 'O', 'O', 'O', 'O', 'O', 'O', 'O', 'O', 'O', 'O', 'O', 'O']"
286,1/2/2024,7:45,Dina,Ada yang tahu cara urus data Nomor Faks? Aku lagi butuh info nih.,FALSE,"['Ada', 'yang', 'tahu', 'cara', 'urus', 'data', 'Nomor', 'Faks', 'Aku', 'lagi', 'butuh', 'info', 'nih']","['O', 'O', 'O', 'O', 'O', 'O', 'O', 'O', 'O', 'O', 'O', 'O', 'O']"
287,1/2/2024,7:50,Dina,Ada yang tahu cara urus data Nomor Sertifikat Rumah/Properti? Aku lagi butuh info nih.,FALSE,"['Ada', 'yang', 'tahu', 'cara', 'urus', 'data', 'Nomor', 'Sertifikat', 'Rumah', 'Properti', 'Aku', 'lagi', 'butuh', 'info', 'nih']","['O', 'O', 'O', 'O', 'O', 'O', 'O', 'O', 'O', 'O', 'O', 'O', 'O', 'O', 'O']"
288,1/2/2024,7:55,Dina,Nomor Nomor Ponsel aku yang baru itu 08167890174.,FALSE,"['Nomor', 'Nomor', 'Ponsel', 'aku', 'yang', 'baru', 'itu', '08167890174']","['O', 'O', 'O', 'O', 'O', 'O', 'O', 'B_Phone_Number']"
289,1/2/2024,8:00,Budi,Ada yang tahu cara urus data Merek dan Tipe Alat Elektronik? Aku lagi butuh info nih.,FALSE,"['Ada', 'yang', 'tahu', 'cara', 'urus', 'data', 'Merek', 'dan', 'Tipe', 'Alat', 'Elektronik', 'Aku', 'lagi', 'butuh', 'info', 'nih']","['O', 'O', 'O', 'O', 'O', 'O', 'O', 'O', 'O', 'O', 'O', 'O', 'O', 'O', 'O', 'O']"
290,1/2/2024,8:05,Ari,Ada yang tahu cara urus data Agama? Aku lagi butuh info nih.,FALSE,"['Ada', 'yang', 'tahu', 'cara', 'urus', 'data', 'Agama', 'Aku', 'lagi', 'butuh', 'info', 'nih']","['O', 'O', 'O', 'O', 'O', 'O', 'O', 'O', 'O', 'O', 'O', 'O']"
291,1/2/2024,8:10,Cindy,"Aku baru buka rekening baru, nomornya 7960274419 di Bank ABC.",FALSE,"['Aku', 'baru', 'buka', 'rekening', 'baru', 'nomornya', '7960274419', 'di', 'Bank', 'ABC']","['O', 'O', 'O', 'O', 'O', 'O', 'B_Account', 'O', 'O', 'O']"
292,1/2/2024,8:15,Budi,"Kemarin urus ulang Nomor KTP, nomor barunya adalah 8765048165.",FALSE,"['Kemarin', 'urus', 'ulang', 'Nomor', 'KTP', 'nomor', 'barunya', 'adalah', '8765048165']","['O', 'O', 'O', 'O', 'O', 'O', 'O', 'O', 'B_SSN']"
293,1/2/2024,8:20,Eka,Nomor Nomor Ponsel aku yang baru itu 08178006440.,FALSE,"['Nomor', 'Nomor', 'Ponsel', 'aku', 'yang', 'baru', 'itu', '08178006440']","['O', 'O', 'O', 'O', 'O', 'O', 'O', 'B_Phone_Number']"
294,1/2/2024,8:25,Cindy,"Aku baru update data Nama Lengkap. Detailnya sekarang sudah benar, loh.",FALSE,"['Aku', 'baru', 'update', 'data', 'Nama', 'Lengkap', 'Detailnya', 'sekarang', 'sudah', 'benar', 'loh']","['O', 'O', 'O', 'O', 'O', 'O', 'O', 'O', 'O', 'O', 'O']"
295,1/2/2024,8:30,Ari,Ada yang tahu cara urus data Nomor Sertifikat Rumah/Properti? Aku lagi butuh info nih.,FALSE,"['Ada', 'yang', 'tahu', 'cara', 'urus', 'data', 'Nomor', 'Sertifikat', 'Rumah', 'Properti', 'Aku', 'lagi', 'butuh', 'info', 'nih']","['O', 'O', 'O', 'O', 'O', 'O', 'O', 'O', 'O', 'O', 'O', 'O', 'O', 'O', 'O']"
296,1/2/2024,8:35,Dina,Ada yang tahu cara urus data Status Perkawinan? Aku lagi butuh info nih.,FALSE,"['Ada', 'yang', 'tahu', 'cara', 'urus', 'data', 'Status', 'Perkawinan', 'Aku', 'lagi', 'butuh', 'info', 'nih']","['O', 'O', 'O', 'O', 'O', 'O', 'O', 'O', 'O', 'O', 'O', 'O', 'O']"
297,1/2/2024,8:40,Budi,"Aku baru buka rekening baru, nomornya 4259997649 di Bank ABC.",FALSE,"['Aku', 'baru', 'buka', 'rekening', 'baru', 'nomornya', '4259997649', 'di', 'Bank', 'ABC']","['O', 'O', 'O', 'O', 'O', 'O', 'B_Account', 'O', 'O', 'O']"
298,1/2/2024,8:45,Ari,"Kemarin urus ulang Nomor KTP, nomor barunya adalah 8725321643.",FALSE,"['Kemarin', 'urus', 'ulang', 'Nomor', 'KTP', 'nomor', 'barunya', 'adalah', '8725321643']","['O', 'O', 'O', 'O', 'O', 'O', 'O', 'O', 'B_SSN']"
299,1/2/2024,8:50,Ari,"Aku baru beli kendaraan baru, plat nomornya B 7395 XYZ, warna hitam.",FALSE,"['Aku', 'baru', 'beli', 'kendaraan', 'baru', 'plat', 'nomornya', 'B', '7395', 'XYZ', 'warna', 'hitam']","['O', 'O', 'O', 'O', 'O', 'O', 'O', 'B_Plate', 'I_Plate', 'I_Plate', 'O', 'B_Asset']"
300,1/2/2024,8:55,Eka,Ada yang tahu cara urus data Agama? Aku lagi butuh info nih.,FALSE,"['Ada', 'yang', 'tahu', 'cara', 'urus', 'data', 'Agama', 'Aku', 'lagi', 'butuh', 'info', 'nih']","['O', 'O', 'O', 'O', 'O', 'O', 'O', 'O', 'O', 'O', 'O', 'O']"
301,1/2/2024,9:00,Dina,Ada yang tahu cara urus data Nomor Induk Siswa Nasional (NISN)? Aku lagi butuh info nih.,FALSE,"['Ada', 'yang', 'tahu', 'cara', 'urus', 'data', 'Nomor', 'Induk', 'Siswa', 'Nasional', 'NISN', 'Aku', 'lagi', 'butuh', 'info', 'nih']","['O', 'O', 'O', 'O', 'O', 'O', 'O', 'O', 'O', 'O', 'O', 'O', 'O', 'O', 'O', 'O']"
302,1/2/2024,9:05,Gina,Ada yang tahu cara urus data Alamat Email? Aku lagi butuh info nih.,FALSE,"['Ada', 'yang', 'tahu', 'cara', 'urus', 'data', 'Alamat', 'Email', 'Aku', 'lagi', 'butuh', 'info', 'nih']","['O', 'O', 'O', 'O', 'O', 'O', 'O', 'O', 'O', 'O', 'O', 'O', 'O']"
303,1/2/2024,9:10,Gina,Ada yang tahu cara urus data Nomor JKN? Aku lagi butuh info nih.,FALSE,"['Ada', 'yang', 'tahu', 'cara', 'urus', 'data', 'Nomor', 'JKN', 'Aku', 'lagi', 'butuh', 'info', 'nih']","['O', 'O', 'O', 'O', 'O', 'O', 'O', 'O', 'O', 'O', 'O', 'O', 'O']"
304,1/2/2024,9:15,Ari,"Barusan pindah ke alamat baru, yaitu Jl. Melati No. 62.",FALSE,"['Barusan', 'pindah', 'ke', 'alamat', 'baru', 'yaitu', 'Jl', 'Melati', 'No', '62']","['O', 'O', 'O', 'O', 'O', 'O', 'B_Address', 'I_Address', 'I_Address', 'I_Address']"
305,1/2/2024,9:20,Gina,"Kemarin urus ulang Nomor Paspor, nomor barunya adalah 2792468446.",FALSE,"['Kemarin', 'urus', 'ulang', 'Nomor', 'Paspor', 'nomor', 'barunya', 'adalah', '2792468446']","['O', 'O', 'O', 'O', 'O', 'O', 'O', 'O', 'B_SSN']"
306,1/2/2024,9:25,Eka,Ada yang tahu cara urus data Alamat Email? Aku lagi butuh info nih.,FALSE,"['Ada', 'yang', 'tahu', 'cara', 'urus', 'data', 'Alamat', 'Email', 'Aku', 'lagi', 'butuh', 'info', 'nih']","['O', 'O', 'O', 'O', 'O', 'O', 'O', 'O', 'O', 'O', 'O', 'O', 'O']"
307,1/2/2024,9:30,Cindy,Ada yang tahu cara urus data Nomor Faks? Aku lagi butuh info nih.,FALSE,"['Ada', 'yang', 'tahu', 'cara', 'urus', 'data', 'Nomor', 'Faks', 'Aku', 'lagi', 'butuh', 'info', 'nih']","['O', 'O', 'O', 'O', 'O', 'O', 'O', 'O', 'O', 'O', 'O', 'O', 'O']"
308,1/2/2024,9:35,Cindy,"Barusan pindah ke alamat baru, yaitu Jl. Mawar No. 9.",FALSE,"['Barusan', 'pindah', 'ke', 'alamat', 'baru', 'yaitu', 'Jl', 'Mawar', 'No', '9']","['O', 'O', 'O', 'O', 'O', 'O', 'B_Address', 'I_Address', 'I_Address', 'I_Address']"
309,1/2/2024,9:40,Dina,Ada yang tahu cara urus data Nomor Sertifikat Tanah? Aku lagi butuh info nih.,FALSE,"['Ada', 'yang', 'tahu', 'cara', 'urus', 'data', 'Nomor', 'Sertifikat', 'Tanah', 'Aku', 'lagi', 'butuh', 'info', 'nih']","['O', 'O', 'O', 'O', 'O', 'O', 'O', 'O', 'O', 'O', 'O', 'O', 'O', 'O']"
310,1/2/2024,9:45,Ari,"Barusan pindah ke alamat baru, yaitu Jl. Melati No. 63.",FALSE,"['Barusan', 'pindah', 'ke', 'alamat', 'baru', 'yaitu', 'Jl', 'Melati', 'No', '63']","['O', 'O', 'O', 'O', 'O', 'O', 'B_Address', 'I_Address', 'I_Address', 'I_Address']"
311,1/2/2024,9:50,Dina,Ada yang tahu cara urus data Nomor Kartu Kredit/Debit? Aku lagi butuh info nih.,FALSE,"['Ada', 'yang', 'tahu', 'cara', 'urus', 'data', 'Nomor', 'Kartu', 'Kredit', 'Debit', 'Aku', 'lagi', 'butuh', 'info', 'nih']","['O', 'O', 'O', 'O', 'O', 'O', 'O', 'O', 'O', 'O', 'O', 'O', 'O', 'O', 'O']"
312,1/2/2024,9:55,Gina,"Aku baru beli kendaraan baru, plat nomornya B 7594 XYZ, warna biru.",FALSE,"['Aku', 'baru', 'beli', 'kendaraan', 'baru', 'plat', 'nomornya', 'B', '7594', 'XYZ', 'warna', 'biru']","['O', 'O', 'O', 'O', 'O', 'O', 'O', 'B_Plate', 'I_Plate', 'I_Plate', 'O', 'B_Asset']"
313,1/2/2024,10:00,Gina,Nomor Nomor Ponsel aku yang baru itu 08150946207.,FALSE,"['Nomor', 'Nomor', 'Ponsel', 'aku', 'yang', 'baru', 'itu', '08150946207']","['O', 'O', 'O', 'O', 'O', 'O', 'O', 'B_Phone_Number']"
314,1/2/2024,10:05,Gina,Ada yang tahu cara urus data Nomor Faks? Aku lagi butuh info nih.,FALSE,"['Ada', 'yang', 'tahu', 'cara', 'urus', 'data', 'Nomor', 'Faks', 'Aku', 'lagi', 'butuh', 'info', 'nih']","['O', 'O', 'O', 'O', 'O', 'O', 'O', 'O', 'O', 'O', 'O', 'O', 'O']"
315,1/2/2024,10:10,Cindy,Ada yang tahu cara urus data Nomor Faks? Aku lagi butuh info nih.,FALSE,"['Ada', 'yang', 'tahu', 'cara', 'urus', 'data', 'Nomor', 'Faks', 'Aku', 'lagi', 'butuh', 'info', 'nih']","['O', 'O', 'O', 'O', 'O', 'O', 'O', 'O', 'O', 'O', 'O', 'O', 'O']"
316,1/2/2024,10:15,Gina,Ada yang tahu cara urus data Nomor Sertifikat Tanah? Aku lagi butuh info nih.,FALSE,"['Ada', 'yang', 'tahu', 'cara', 'urus', 'data', 'Nomor', 'Sertifikat', 'Tanah', 'Aku', 'lagi', 'butuh', 'info', 'nih']","['O', 'O', 'O', 'O', 'O', 'O', 'O', 'O', 'O', 'O', 'O', 'O', 'O', 'O']"
317,1/2/2024,10:20,Ari,Ada yang tahu cara urus data Alamat Email? Aku lagi butuh info nih.,FALSE,"['Ada', 'yang', 'tahu', 'cara', 'urus', 'data', 'Alamat', 'Email', 'Aku', 'lagi', 'butuh', 'info', 'nih']","['O', 'O', 'O', 'O', 'O', 'O', 'O', 'O', 'O', 'O', 'O', 'O', 'O']"
318,1/2/2024,10:25,Dina,Ada yang tahu cara urus data Nomor Induk Siswa Nasional (NISN)? Aku lagi butuh info nih.,FALSE,"['Ada', 'yang', 'tahu', 'cara', 'urus', 'data', 'Nomor', 'Induk', 'Siswa', 'Nasional', 'NISN', 'Aku', 'lagi', 'butuh', 'info', 'nih']","['O', 'O', 'O', 'O', 'O', 'O', 'O', 'O', 'O', 'O', 'O', 'O', 'O', 'O', 'O', 'O']"
319,1/2/2024,10:30,Dina,"Aku baru beli kendaraan baru, plat nomornya B 3637 XYZ, warna biru.",FALSE,"['Aku', 'baru', 'beli', 'kendaraan', 'baru', 'plat', 'nomornya', 'B', '3637', 'XYZ', 'warna', 'biru']","['O', 'O', 'O', 'O', 'O', 'O', 'O', 'B_Plate', 'I_Plate', 'I_Plate', 'O', 'B_Asset']"
320,1/2/2024,10:35,Ari,Aku lagi tambahkan data Riwayat Pekerjaan ke sistem. Semoga prosesnya lancar.,FALSE,"['Aku', 'lagi', 'tambahkan', 'data', 'Riwayat', 'Pekerjaan', 'ke', 'sistem', 'Semoga', 'prosesnya', 'lancar']","['O', 'O', 'O', 'O', 'O', 'O', 'O', 'O', 'O', 'O', 'O']"
321,1/2/2024,10:40,Budi,Ada yang tahu cara urus data Nomor Faks? Aku lagi butuh info nih.,FALSE,"['Ada', 'yang', 'tahu', 'cara', 'urus', 'data', 'Nomor', 'Faks', 'Aku', 'lagi', 'butuh', 'info', 'nih']","['O', 'O', 'O', 'O', 'O', 'O', 'O', 'O', 'O', 'O', 'O', 'O', 'O']"
322,1/2/2024,10:45,Cindy,Aku lagi tambahkan data Riwayat Pekerjaan ke sistem. Semoga prosesnya lancar.,FALSE,"['Aku', 'lagi', 'tambahkan', 'data', 'Riwayat', 'Pekerjaan', 'ke', 'sistem', 'Semoga', 'prosesnya', 'lancar']","['O', 'O', 'O', 'O', 'O', 'O', 'O', 'O', 'O', 'O', 'O']"
323,1/2/2024,10:50,Cindy,Ada yang tahu cara urus data Nomor Sertifikat Rumah/Properti? Aku lagi butuh info nih.,FALSE,"['Ada', 'yang', 'tahu', 'cara', 'urus', 'data', 'Nomor', 'Sertifikat', 'Rumah', 'Properti', 'Aku', 'lagi', 'butuh', 'info', 'nih']","['O', 'O', 'O', 'O', 'O', 'O', 'O', 'O', 'O', 'O', 'O', 'O', 'O', 'O', 'O']"
324,1/2/2024,10:55,Gina,Ada yang tahu cara urus data Nomor Akun Aset Keuangan? Aku lagi butuh info nih.,FALSE,"['Ada', 'yang', 'tahu', 'cara', 'urus', 'data', 'Nomor', 'Akun', 'Aset', 'Keuangan', 'Aku', 'lagi', 'butuh', 'info', 'nih']","['O', 'O', 'O', 'O', 'O', 'O', 'O', 'O', 'O', 'O', 'O', 'O', 'O', 'O', 'O']"
325,1/2/2024,11:00,Ari,Aku lagi tambahkan data Riwayat Pendidikan ke sistem. Semoga prosesnya lancar.,FALSE,"['Aku', 'lagi', 'tambahkan', 'data', 'Riwayat', 'Pendidikan', 'ke', 'sistem', 'Semoga', 'prosesnya', 'lancar']","['O', 'O', 'O', 'O', 'O', 'O', 'O', 'O', 'O', 'O', 'O']"
326,1/2/2024,11:05,Ari,"Aku baru update data Nama Panggilan. Detailnya sekarang sudah benar, loh.",FALSE,"['Aku', 'baru', 'update', 'data', 'Nama', 'Panggilan', 'Detailnya', 'sekarang', 'sudah', 'benar', 'loh']","['O', 'O', 'O', 'O', 'O', 'O', 'O', 'O', 'O', 'O', 'O']"
327,1/2/2024,11:10,Dina,Ada yang tahu cara urus data Media Sosial? Aku lagi butuh info nih.,FALSE,"['Ada', 'yang', 'tahu', 'cara', 'urus', 'data', 'Media', 'Sosial', 'Aku', 'lagi', 'butuh', 'info', 'nih']","['O', 'O', 'O', 'O', 'O', 'O', 'O', 'O', 'O', 'O', 'O', 'O', 'O']"
328,1/2/2024,11:15,Budi,Ada yang tahu cara urus data Agama? Aku lagi butuh info nih.,FALSE,"['Ada', 'yang', 'tahu', 'cara', 'urus', 'data', 'Agama', 'Aku', 'lagi', 'butuh', 'info', 'nih']","['O', 'O', 'O', 'O', 'O', 'O', 'O', 'O', 'O', 'O', 'O', 'O']"
329,1/2/2024,11:20,Gina,"Kemarin urus ulang Nomor NPWP, nomor barunya adalah 8515029529.",FALSE,"['Kemarin', 'urus', 'ulang', 'Nomor', 'NPWP', 'nomor', 'barunya', 'adalah', '8515029529']","['O', 'O', 'O', 'O', 'O', 'O', 'O', 'O', 'B_SSN']"
330,1/2/2024,11:25,Dina,"Kemarin urus ulang Nomor KTP, nomor barunya adalah 3445599102.",FALSE,"['Kemarin', 'urus', 'ulang', 'Nomor', 'KTP', 'nomor', 'barunya', 'adalah', '3445599102']","['O', 'O', 'O', 'O', 'O', 'O', 'O', 'O', 'B_SSN']"
331,1/2/2024,11:30,Eka,Aku lagi tambahkan data Riwayat Pekerjaan ke sistem. Semoga prosesnya lancar.,FALSE,"['Aku', 'lagi', 'tambahkan', 'data', 'Riwayat', 'Pekerjaan', 'ke', 'sistem', 'Semoga', 'prosesnya', 'lancar']","['O', 'O', 'O', 'O', 'O', 'O', 'O', 'O', 'O', 'O', 'O']"
332,1/2/2024,11:35,Gina,"Kemarin urus ulang Nomor KTP, nomor barunya adalah 2246755862.",FALSE,"['Kemarin', 'urus', 'ulang', 'Nomor', 'KTP', 'nomor', 'barunya', 'adalah', '2246755862']","['O', 'O', 'O', 'O', 'O', 'O', 'O', 'O', 'B_SSN']"
333,1/12/2024,21:40,Ari,Nomor Nomor Telepon aku yang baru itu 08197313156.,FALSE,"['Nomor', 'Nomor', 'Telepon', 'aku', 'yang', 'baru', 'itu', '08197313156']","['O', 'O', 'O', 'O', 'O', 'O', 'O', 'B_Phone_Number']"
334,1/12/2024,21:45,Cindy,Ada yang tahu cara urus data Riwayat Pencarian di Internet? Aku lagi butuh info nih.,FALSE,"['Ada', 'yang', 'tahu', 'cara', 'urus', 'data', 'Riwayat', 'Pencarian', 'di', 'Internet', 'Aku', 'lagi', 'butuh', 'info', 'nih']","['O', 'O', 'O', 'O', 'O', 'O', 'O', 'O', 'O', 'O', 'O', 'O', 'O', 'O', 'O']"
335,1/12/2024,21:50,Budi,Ada yang tahu cara urus data Media Sosial? Aku lagi butuh info nih.,FALSE,"['Ada', 'yang', 'tahu', 'cara', 'urus', 'data', 'Media', 'Sosial', 'Aku', 'lagi', 'butuh', 'info', 'nih']","['O', 'O', 'O', 'O', 'O', 'O', 'O', 'O', 'O', 'O', 'O', 'O', 'O']"
336,1/12/2024,21:55,Dina,Ada yang tahu cara urus data Nomor Faks? Aku lagi butuh info nih.,FALSE,"['Ada', 'yang', 'tahu', 'cara', 'urus', 'data', 'Nomor', 'Faks', 'Aku', 'lagi', 'butuh', 'info', 'nih']","['O', 'O', 'O', 'O', 'O', 'O', 'O', 'O', 'O', 'O', 'O', 'O', 'O']"
337,1/12/2024,22:00,Eka,Ada yang tahu cara urus data Nomor Induk Siswa Nasional (NISN)? Aku lagi butuh info nih.,FALSE,"['Ada', 'yang', 'tahu', 'cara', 'urus', 'data', 'Nomor', 'Induk', 'Siswa', 'Nasional', 'NISN', 'Aku', 'lagi', 'butuh', 'info', 'nih']","['O', 'O', 'O', 'O', 'O', 'O', 'O', 'O', 'O', 'O', 'O', 'O', 'O', 'O', 'O', 'O']"
338,1/12/2024,22:05,Ari,"Aku baru buka rekening baru, nomornya 3385666861 di Bank ABC.",FALSE,"['Aku', 'baru', 'buka', 'rekening', 'baru', 'nomornya', '3385666861', 'di', 'Bank', 'ABC']","['O', 'O', 'O', 'O', 'O', 'O', 'B_Account', 'O', 'O', 'O']"
339,1/12/2024,22:10,Ari,Ada yang tahu cara urus data Status Sosial? Aku lagi butuh info nih.,FALSE,"['Ada', 'yang', 'tahu', 'cara', 'urus', 'data', 'Status', 'Sosial', 'Aku', 'lagi', 'butuh', 'info', 'nih']","['O', 'O', 'O', 'O', 'O', 'O', 'O', 'O', 'O', 'O', 'O', 'O', 'O']"
340,1/12/2024,22:15,Budi,Aku lagi tambahkan data Riwayat Pendidikan ke sistem. Semoga prosesnya lancar.,FALSE,"['Aku', 'lagi', 'tambahkan', 'data', 'Riwayat', 'Pendidikan', 'ke', 'sistem', 'Semoga', 'prosesnya', 'lancar']","['O', 'O', 'O', 'O', 'O', 'O', 'O', 'O', 'O', 'O', 'O']"
341,1/12/2024,22:20,Cindy,"Kemarin urus ulang Nomor NPWP, nomor barunya adalah 7547031627.",FALSE,"['Kemarin', 'urus', 'ulang', 'Nomor', 'NPWP', 'nomor', 'barunya', 'adalah', '7547031627']","['O', 'O', 'O', 'O', 'O', 'O', 'O', 'O', 'B_SSN']"
342,1/12/2024,22:25,Gina,Ada yang tahu cara urus data Nomor Akun Aset Keuangan? Aku lagi butuh info nih.,FALSE,"['Ada', 'yang', 'tahu', 'cara', 'urus', 'data', 'Nomor', 'Akun', 'Aset', 'Keuangan', 'Aku', 'lagi', 'butuh', 'info', 'nih']","['O', 'O', 'O', 'O', 'O', 'O', 'O', 'O', 'O', 'O', 'O', 'O', 'O', 'O', 'O']"
343,1/12/2024,22:30,Eka,Ada yang tahu cara urus data Nomor Faks? Aku lagi butuh info nih.,FALSE,"['Ada', 'yang', 'tahu', 'cara', 'urus', 'data', 'Nomor', 'Faks', 'Aku', 'lagi', 'butuh', 'info', 'nih']","['O', 'O', 'O', 'O', 'O', 'O', 'O', 'O', 'O', 'O', 'O', 'O', 'O']"
344,1/12/2024,22:35,Ari,Ada yang tahu cara urus data Nomor Akun Aset Keuangan? Aku lagi butuh info nih.,FALSE,"['Ada', 'yang', 'tahu', 'cara', 'urus', 'data', 'Nomor', 'Akun', 'Aset', 'Keuangan', 'Aku', 'lagi', 'butuh', 'info', 'nih']","['O', 'O', 'O', 'O', 'O', 'O', 'O', 'O', 'O', 'O', 'O', 'O', 'O', 'O', 'O']"
345,1/12/2024,22:40,Dina,Ada yang tahu cara urus data Nomor Sertifikat Rumah/Properti? Aku lagi butuh info nih.,FALSE,"['Ada', 'yang', 'tahu', 'cara', 'urus', 'data', 'Nomor', 'Sertifikat', 'Rumah', 'Properti', 'Aku', 'lagi', 'butuh', 'info', 'nih']","['O', 'O', 'O', 'O', 'O', 'O', 'O', 'O', 'O', 'O', 'O', 'O', 'O', 'O', 'O']"
346,1/12/2024,22:45,Cindy,Ada yang tahu cara urus data Nomor Kartu Kredit/Debit? Aku lagi butuh info nih.,FALSE,"['Ada', 'yang', 'tahu', 'cara', 'urus', 'data', 'Nomor', 'Kartu', 'Kredit', 'Debit', 'Aku', 'lagi', 'butuh', 'info', 'nih']","['O', 'O', 'O', 'O', 'O', 'O', 'O', 'O', 'O', 'O', 'O', 'O', 'O', 'O', 'O']"
347,1/12/2024,22:50,Eka,"Barusan pindah ke alamat baru, yaitu Jl. Kenanga No. 69.",FALSE,"['Barusan', 'pindah', 'ke', 'alamat', 'baru', 'yaitu', 'Jl', 'Kenanga', 'No', '69']","['O', 'O', 'O', 'O', 'O', 'O', 'B_Address', 'I_Address', 'I_Address', 'I_Address']"
348,1/12/2024,22:55,Gina,Ada yang tahu cara urus data Nomor Sertifikat Tanah? Aku lagi butuh info nih.,FALSE,"['Ada', 'yang', 'tahu', 'cara', 'urus', 'data', 'Nomor', 'Sertifikat', 'Tanah', 'Aku', 'lagi', 'butuh', 'info', 'nih']","['O', 'O', 'O', 'O', 'O', 'O', 'O', 'O', 'O', 'O', 'O', 'O', 'O', 'O']"
349,1/12/2024,23:00,Cindy,"Aku baru update data Nama Panggilan. Detailnya sekarang sudah benar, loh.",FALSE,"['Aku', 'baru', 'update', 'data', 'Nama', 'Panggilan', 'Detailnya', 'sekarang', 'sudah', 'benar', 'loh']","['O', 'O', 'O', 'O', 'O', 'O', 'O', 'O', 'O', 'O', 'O']"
350,1/12/2024,23:05,Ari,Ada yang tahu cara urus data Nomor Seri Barang Berharga? Aku lagi butuh info nih.,FALSE,"['Ada', 'yang', 'tahu', 'cara', 'urus', 'data', 'Nomor', 'Seri', 'Barang', 'Berharga', 'Aku', 'lagi', 'butuh', 'info', 'nih']","['O', 'O', 'O', 'O', 'O', 'O', 'O', 'O', 'O', 'O', 'O', 'O', 'O', 'O', 'O']"
351,1/12/2024,23:10,Eka,"Aku baru buka rekening baru, nomornya 3350894231 di Bank ABC.",FALSE,"['Aku', 'baru', 'buka', 'rekening', 'baru', 'nomornya', '3350894231', 'di', 'Bank', 'ABC']","['O', 'O', 'O', 'O', 'O', 'O', 'B_Account', 'O', 'O', 'O']"
352,1/12/2024,23:15,Dina,Ada yang tahu cara urus data Riwayat Pencarian di Internet? Aku lagi butuh info nih.,FALSE,"['Ada', 'yang', 'tahu', 'cara', 'urus', 'data', 'Riwayat', 'Pencarian', 'di', 'Internet', 'Aku', 'lagi', 'butuh', 'info', 'nih']","['O', 'O', 'O', 'O', 'O', 'O', 'O', 'O', 'O', 'O', 'O', 'O', 'O', 'O', 'O']"
353,1/12/2024,23:20,Cindy,Ada yang tahu cara urus data Nomor Induk Siswa Nasional (NISN)? Aku lagi butuh info nih.,FALSE,"['Ada', 'yang', 'tahu', 'cara', 'urus', 'data', 'Nomor', 'Induk', 'Siswa', 'Nasional', 'NISN', 'Aku', 'lagi', 'butuh', 'info', 'nih']","['O', 'O', 'O', 'O', 'O', 'O', 'O', 'O', 'O', 'O', 'O', 'O', 'O', 'O', 'O', 'O']"
354,1/12/2024,23:25,Dina,"Barusan pindah ke alamat baru, yaitu Jl. Melati No. 96.",FALSE,"['Barusan', 'pindah', 'ke', 'alamat', 'baru', 'yaitu', 'Jl', 'Melati', 'No', '96']","['O', 'O', 'O', 'O', 'O', 'O', 'B_Address', 'I_Address', 'I_Address', 'I_Address']"
355,1/12/2024,23:30,Eka,Aku lagi tambahkan data Riwayat Pendidikan ke sistem. Semoga prosesnya lancar.,FALSE,"['Aku', 'lagi', 'tambahkan', 'data', 'Riwayat', 'Pendidikan', 'ke', 'sistem', 'Semoga', 'prosesnya', 'lancar']","['O', 'O', 'O', 'O', 'O', 'O', 'O', 'O', 'O', 'O', 'O']"
356,1/12/2024,23:35,Cindy,Ada yang tahu cara urus data Nomor Induk Pegawai (NIP)? Aku lagi butuh info nih.,FALSE,"['Ada', 'yang', 'tahu', 'cara', 'urus', 'data', 'Nomor', 'Induk', 'Pegawai', 'NIP', 'Aku', 'lagi', 'butuh', 'info', 'nih']","['O', 'O', 'O', 'O', 'O', 'O', 'O', 'O', 'O', 'O', 'O', 'O', 'O', 'O', 'O']"
357,1/12/2024,23:40,Dina,Ada yang tahu cara urus data Nomor Akun Aset Keuangan? Aku lagi butuh info nih.,FALSE,"['Ada', 'yang', 'tahu', 'cara', 'urus', 'data', 'Nomor', 'Akun', 'Aset', 'Keuangan', 'Aku', 'lagi', 'butuh', 'info', 'nih']","['O', 'O', 'O', 'O', 'O', 'O', 'O', 'O', 'O', 'O', 'O', 'O', 'O', 'O', 'O']"
358,1/12/2024,23:45,Budi,"Kemarin urus ulang Nomor Paspor, nomor barunya adalah 2529449378.",FALSE,"['Kemarin', 'urus', 'ulang', 'Nomor', 'Paspor', 'nomor', 'barunya', 'adalah', '2529449378']","['O', 'O', 'O', 'O', 'O', 'O', 'O', 'O', 'B_SSN']"
359,1/12/2024,23:50,Cindy,Ada yang tahu cara urus data Nomor JKN? Aku lagi butuh info nih.,FALSE,"['Ada', 'yang', 'tahu', 'cara', 'urus', 'data', 'Nomor', 'JKN', 'Aku', 'lagi', 'butuh', 'info', 'nih']","['O', 'O', 'O', 'O', 'O', 'O', 'O', 'O', 'O', 'O', 'O', 'O', 'O']"
360,1/12/2024,23:55,Cindy,"Kemarin urus ulang Nomor NPWP, nomor barunya adalah 2125203920.",FALSE,"['Kemarin', 'urus', 'ulang', 'Nomor', 'NPWP', 'nomor', 'barunya', 'adalah', '2125203920']","['O', 'O', 'O', 'O', 'O', 'O', 'O', 'O', 'B_SSN']"
361,1/13/2024,0:00,Eka,"Aku baru update data Nama Ibu Kandung. Detailnya sekarang sudah benar, loh.",FALSE,"['Aku', 'baru', 'update', 'data', 'Nama', 'Ibu', 'Kandung', 'Detailnya', 'sekarang', 'sudah', 'benar', 'loh']","['O', 'O', 'O', 'O', 'O', 'O', 'O', 'O', 'O', 'O', 'O', 'O']"
362,1/13/2024,0:05,Gina,"Aku baru buka rekening baru, nomornya 9081440574 di Bank ABC.",FALSE,"['Aku', 'baru', 'buka', 'rekening', 'baru', 'nomornya', '9081440574', 'di', 'Bank', 'ABC']","['O', 'O', 'O', 'O', 'O', 'O', 'B_Account', 'O', 'O', 'O']"
363,1/13/2024,0:10,Cindy,Ada yang tahu cara urus data Riwayat Pencarian di Internet? Aku lagi butuh info nih.,FALSE,"['Ada', 'yang', 'tahu', 'cara', 'urus', 'data', 'Riwayat', 'Pencarian', 'di', 'Internet', 'Aku', 'lagi', 'butuh', 'info', 'nih']","['O', 'O', 'O', 'O', 'O', 'O', 'O', 'O', 'O', 'O', 'O', 'O', 'O', 'O', 'O']"
364,1/13/2024,0:15,Eka,"Aku baru beli kendaraan baru, plat nomornya B 6608 XYZ, warna biru.",FALSE,"['Aku', 'baru', 'beli', 'kendaraan', 'baru', 'plat', 'nomornya', 'B', '6608', 'XYZ', 'warna', 'biru']","['O', 'O', 'O', 'O', 'O', 'O', 'O', 'B_Plate', 'I_Plate', 'I_Plate', 'O', 'B_Asset']"
365,1/13/2024,0:20,Budi,"Aku baru beli kendaraan baru, plat nomornya B 5034 XYZ, warna biru.",FALSE,"['Aku', 'baru', 'beli', 'kendaraan', 'baru', 'plat', 'nomornya', 'B', '5034', 'XYZ', 'warna', 'biru']","['O', 'O', 'O', 'O', 'O', 'O', 'O', 'B_Plate', 'I_Plate', 'I_Plate', 'O', 'B_Asset']"
366,1/13/2024,0:25,Dina,Ada yang tahu cara urus data Nomor Sertifikat Rumah/Properti? Aku lagi butuh info nih.,FALSE,"['Ada', 'yang', 'tahu', 'cara', 'urus', 'data', 'Nomor', 'Sertifikat', 'Rumah', 'Properti', 'Aku', 'lagi', 'butuh', 'info', 'nih']","['O', 'O', 'O', 'O', 'O', 'O', 'O', 'O', 'O', 'O', 'O', 'O', 'O', 'O', 'O']"
367,1/13/2024,0:30,Dina,"Aku baru buka rekening baru, nomornya 2203407266 di Bank ABC.",FALSE,"['Aku', 'baru', 'buka', 'rekening', 'baru', 'nomornya', '2203407266', 'di', 'Bank', 'ABC']","['O', 'O', 'O', 'O', 'O', 'O', 'B_Account', 'O', 'O', 'O']"
368,1/13/2024,0:35,Ari,Ada yang tahu cara urus data Nomor Sertifikat Tanah? Aku lagi butuh info nih.,FALSE,"['Ada', 'yang', 'tahu', 'cara', 'urus', 'data', 'Nomor', 'Sertifikat', 'Tanah', 'Aku', 'lagi', 'butuh', 'info', 'nih']","['O', 'O', 'O', 'O', 'O', 'O', 'O', 'O', 'O', 'O', 'O', 'O', 'O', 'O']"
369,1/13/2024,0:40,Cindy,Ada yang tahu cara urus data Nomor Telepon Rumah? Aku lagi butuh info nih.,FALSE,"['Ada', 'yang', 'tahu', 'cara', 'urus', 'data', 'Nomor', 'Telepon', 'Rumah', 'Aku', 'lagi', 'butuh', 'info', 'nih']","['O', 'O', 'O', 'O', 'O', 'O', 'O', 'O', 'O', 'O', 'O', 'O', 'O', 'O']"
370,1/13/2024,0:45,Eka,"Kemarin urus ulang Nomor KTP, nomor barunya adalah 1652580037.",FALSE,"['Kemarin', 'urus', 'ulang', 'Nomor', 'KTP', 'nomor', 'barunya', 'adalah', '1652580037']","['O', 'O', 'O', 'O', 'O', 'O', 'O', 'O', 'B_SSN']"
371,1/13/2024,0:50,Dina,Ada yang tahu cara urus data Merek dan Tipe Alat Elektronik? Aku lagi butuh info nih.,FALSE,"['Ada', 'yang', 'tahu', 'cara', 'urus', 'data', 'Merek', 'dan', 'Tipe', 'Alat', 'Elektronik', 'Aku', 'lagi', 'butuh', 'info', 'nih']","['O', 'O', 'O', 'O', 'O', 'O', 'O', 'O', 'O', 'O', 'O', 'O', 'O', 'O', 'O', 'O']"
372,1/13/2024,0:55,Dina,"Aku baru update data Nama Ibu Kandung. Detailnya sekarang sudah benar, loh.",FALSE,"['Aku', 'baru', 'update', 'data', 'Nama', 'Ibu', 'Kandung', 'Detailnya', 'sekarang', 'sudah', 'benar', 'loh']","['O', 'O', 'O', 'O', 'O', 'O', 'O', 'O', 'O', 'O', 'O', 'O']"
373,1/13/2024,1:00,Gina,"Aku baru buka rekening baru, nomornya 9782017706 di Bank ABC.",FALSE,"['Aku', 'baru', 'buka', 'rekening', 'baru', 'nomornya', '9782017706', 'di', 'Bank', 'ABC']","['O', 'O', 'O', 'O', 'O', 'O', 'B_Account', 'O', 'O', 'O']"
374,1/13/2024,1:05,Dina,"Aku baru update data Nama Lengkap. Detailnya sekarang sudah benar, loh.",FALSE,"['Aku', 'baru', 'update', 'data', 'Nama', 'Lengkap', 'Detailnya', 'sekarang', 'sudah', 'benar', 'loh']","['O', 'O', 'O', 'O', 'O', 'O', 'O', 'O', 'O', 'O', 'O']"
375,1/13/2024,1:10,Dina,Ada yang tahu cara urus data Nomor Telepon Kantor? Aku lagi butuh info nih.,FALSE,"['Ada', 'yang', 'tahu', 'cara', 'urus', 'data', 'Nomor', 'Telepon', 'Kantor', 'Aku', 'lagi', 'butuh', 'info', 'nih']","['O', 'O', 'O', 'O', 'O', 'O', 'O', 'O', 'O', 'O', 'O', 'O', 'O', 'O']"
376,1/13/2024,1:15,Eka,Aku lagi tambahkan data Riwayat Pekerjaan ke sistem. Semoga prosesnya lancar.,FALSE,"['Aku', 'lagi', 'tambahkan', 'data', 'Riwayat', 'Pekerjaan', 'ke', 'sistem', 'Semoga', 'prosesnya', 'lancar']","['O', 'O', 'O', 'O', 'O', 'O', 'O', 'O', 'O', 'O', 'O']"
377,1/13/2024,1:20,Ari,Ada yang tahu cara urus data Lokasi Aktivitas Digital? Aku lagi butuh info nih.,FALSE,"['Ada', 'yang', 'tahu', 'cara', 'urus', 'data', 'Lokasi', 'Aktivitas', 'Digital', 'Aku', 'lagi', 'butuh', 'info', 'nih']","['O', 'O', 'O', 'O', 'O', 'O', 'O', 'O', 'O', 'O', 'O', 'O', 'O', 'O']"
378,1/13/2024,1:25,Ari,"Aku baru update data Nama Panggilan. Detailnya sekarang sudah benar, loh.",FALSE,"['Aku', 'baru', 'update', 'data', 'Nama', 'Panggilan', 'Detailnya', 'sekarang', 'sudah', 'benar', 'loh']","['O', 'O', 'O', 'O', 'O', 'O', 'O', 'O', 'O', 'O', 'O']"
379,1/13/2024,1:30,Dina,"Aku baru update data Nama Ibu Kandung. Detailnya sekarang sudah benar, loh.",FALSE,"['Aku', 'baru', 'update', 'data', 'Nama', 'Ibu', 'Kandung', 'Detailnya', 'sekarang', 'sudah', 'benar', 'loh']","['O', 'O', 'O', 'O', 'O', 'O', 'O', 'O', 'O', 'O', 'O', 'O']"
380,1/13/2024,1:35,Budi,Aku lagi tambahkan data Riwayat Pendidikan ke sistem. Semoga prosesnya lancar.,FALSE,"['Aku', 'lagi', 'tambahkan', 'data', 'Riwayat', 'Pendidikan', 'ke', 'sistem', 'Semoga', 'prosesnya', 'lancar']","['O', 'O', 'O', 'O', 'O', 'O', 'O', 'O', 'O', 'O', 'O']"
381,1/13/2024,1:40,Eka,Ada yang tahu cara urus data Agama? Aku lagi butuh info nih.,FALSE,"['Ada', 'yang', 'tahu', 'cara', 'urus', 'data', 'Agama', 'Aku', 'lagi', 'butuh', 'info', 'nih']","['O', 'O', 'O', 'O', 'O', 'O', 'O', 'O', 'O', 'O', 'O', 'O']"
382,1/13/2024,1:45,Budi,"Kemarin urus ulang Nomor BPJS, nomor barunya adalah 5749828456.",FALSE,"['Kemarin', 'urus', 'ulang', 'Nomor', 'BPJS', 'nomor', 'barunya', 'adalah', '5749828456']","['O', 'O', 'O', 'O', 'O', 'O', 'O', 'O', 'B_SSN']"
383,1/13/2024,1:50,Budi,Ada yang tahu cara urus data Riwayat Pencarian di Internet? Aku lagi butuh info nih.,FALSE,"['Ada', 'yang', 'tahu', 'cara', 'urus', 'data', 'Riwayat', 'Pencarian', 'di', 'Internet', 'Aku', 'lagi', 'butuh', 'info', 'nih']","['O', 'O', 'O', 'O', 'O', 'O', 'O', 'O', 'O', 'O', 'O', 'O', 'O', 'O', 'O']"
384,1/13/2024,1:55,Cindy,Ada yang tahu cara urus data Status Perkawinan? Aku lagi butuh info nih.,FALSE,"['Ada', 'yang', 'tahu', 'cara', 'urus', 'data', 'Status', 'Perkawinan', 'Aku', 'lagi', 'butuh', 'info', 'nih']","['O', 'O', 'O', 'O', 'O', 'O', 'O', 'O', 'O', 'O', 'O', 'O', 'O']"
385,1/13/2024,2:00,Gina,Nomor Nomor Telepon aku yang baru itu 08153356496.,FALSE,"['Nomor', 'Nomor', 'Telepon', 'aku', 'yang', 'baru', 'itu', '08153356496']","['O', 'O', 'O', 'O', 'O', 'O', 'O', 'B_Phone_Number']"
386,1/13/2024,2:05,Dina,Ada yang tahu cara urus data Nomor Induk Siswa Nasional (NISN)? Aku lagi butuh info nih.,FALSE,"['Ada', 'yang', 'tahu', 'cara', 'urus', 'data', 'Nomor', 'Induk', 'Siswa', 'Nasional', 'NISN', 'Aku', 'lagi', 'butuh', 'info', 'nih']","['O', 'O', 'O', 'O', 'O', 'O', 'O', 'O', 'O', 'O', 'O', 'O', 'O', 'O', 'O', 'O']"
387,1/13/2024,2:10,Gina,"Aku baru update data Nama Panggilan. Detailnya sekarang sudah benar, loh.",FALSE,"['Aku', 'baru', 'update', 'data', 'Nama', 'Panggilan', 'Detailnya', 'sekarang', 'sudah', 'benar', 'loh']","['O', 'O', 'O', 'O', 'O', 'O', 'O', 'O', 'O', 'O', 'O']"
388,1/13/2024,2:15,Budi,"Aku baru update data Nama Lengkap. Detailnya sekarang sudah benar, loh.",FALSE,"['Aku', 'baru', 'update', 'data', 'Nama', 'Lengkap', 'Detailnya', 'sekarang', 'sudah', 'benar', 'loh']","['O', 'O', 'O', 'O', 'O', 'O', 'O', 'O', 'O', 'O', 'O']"
389,1/13/2024,2:20,Gina,"Aku baru update data Nama Lengkap. Detailnya sekarang sudah benar, loh.",FALSE,"['Aku', 'baru', 'update', 'data', 'Nama', 'Lengkap', 'Detailnya', 'sekarang', 'sudah', 'benar', 'loh']","['O', 'O', 'O', 'O', 'O', 'O', 'O', 'O', 'O', 'O', 'O']"
390,1/13/2024,2:25,Cindy,Aku lagi tambahkan data Riwayat Pekerjaan ke sistem. Semoga prosesnya lancar.,FALSE,"['Aku', 'lagi', 'tambahkan', 'data', 'Riwayat', 'Pekerjaan', 'ke', 'sistem', 'Semoga', 'prosesnya', 'lancar']","['O', 'O', 'O', 'O', 'O', 'O', 'O', 'O', 'O', 'O', 'O']"
391,1/13/2024,2:30,Gina,"Aku baru buka rekening baru, nomornya 5732239719 di Bank ABC.",FALSE,"['Aku', 'baru', 'buka', 'rekening', 'baru', 'nomornya', '5732239719', 'di', 'Bank', 'ABC']","['O', 'O', 'O', 'O', 'O', 'O', 'B_Account', 'O', 'O', 'O']"
392,1/13/2024,2:35,Ari,"Aku baru update data Nama Lengkap. Detailnya sekarang sudah benar, loh.",FALSE,"['Aku', 'baru', 'update', 'data', 'Nama', 'Lengkap', 'Detailnya', 'sekarang', 'sudah', 'benar', 'loh']","['O', 'O', 'O', 'O', 'O', 'O', 'O', 'O', 'O', 'O', 'O']"
393,1/13/2024,2:40,Cindy,"Aku baru update data Nama Panggilan. Detailnya sekarang sudah benar, loh.",FALSE,"['Aku', 'baru', 'update', 'data', 'Nama', 'Panggilan', 'Detailnya', 'sekarang', 'sudah', 'benar', 'loh']","['O', 'O', 'O', 'O', 'O', 'O', 'O', 'O', 'O', 'O', 'O']"
394,1/13/2024,2:45,Budi,Ada yang tahu cara urus data Agama? Aku lagi butuh info nih.,FALSE,"['Ada', 'yang', 'tahu', 'cara', 'urus', 'data', 'Agama', 'Aku', 'lagi', 'butuh', 'info', 'nih']","['O', 'O', 'O', 'O', 'O', 'O', 'O', 'O', 'O', 'O', 'O', 'O']"
395,1/13/2024,2:50,Budi,"Barusan pindah ke alamat baru, yaitu Jl. Mawar No. 33.",FALSE,"['Barusan', 'pindah', 'ke', 'alamat', 'baru', 'yaitu', 'Jl', 'Mawar', 'No', '33']","['O', 'O', 'O', 'O', 'O', 'O', 'B_Address', 'I_Address', 'I_Address', 'I_Address']"
396,1/13/2024,2:55,Dina,"Aku baru buka rekening baru, nomornya 8914453577 di Bank ABC.",FALSE,"['Aku', 'baru', 'buka', 'rekening', 'baru', 'nomornya', '8914453577', 'di', 'Bank', 'ABC']","['O', 'O', 'O', 'O', 'O', 'O', 'B_Account', 'O', 'O', 'O']"
397,1/13/2024,3:00,Ari,"Aku baru update data Nama Ibu Kandung. Detailnya sekarang sudah benar, loh.",FALSE,"['Aku', 'baru', 'update', 'data', 'Nama', 'Ibu', 'Kandung', 'Detailnya', 'sekarang', 'sudah', 'benar', 'loh']","['O', 'O', 'O', 'O', 'O', 'O', 'O', 'O', 'O', 'O', 'O', 'O']"
398,1/13/2024,3:05,Eka,Ada yang tahu cara urus data Nomor Faks? Aku lagi butuh info nih.,FALSE,"['Ada', 'yang', 'tahu', 'cara', 'urus', 'data', 'Nomor', 'Faks', 'Aku', 'lagi', 'butuh', 'info', 'nih']","['O', 'O', 'O', 'O', 'O', 'O', 'O', 'O', 'O', 'O', 'O', 'O', 'O']"
399,1/13/2024,3:10,Eka,"Aku baru beli kendaraan baru, plat nomornya B 6352 XYZ, warna hitam.",FALSE,"['Aku', 'baru', 'beli', 'kendaraan', 'baru', 'plat', 'nomornya', 'B', '6352', 'XYZ', 'warna', 'hitam']","['O', 'O', 'O', 'O', 'O', 'O', 'O', 'B_Plate', 'I_Plate', 'I_Plate', 'O', 'B_Asset']"
400,1/13/2024,3:15,Gina,"Aku baru buka rekening baru, nomornya 7854810586 di Bank ABC.",FALSE,"['Aku', 'baru', 'buka', 'rekening', 'baru', 'nomornya', '7854810586', 'di', 'Bank', 'ABC']","['O', 'O', 'O', 'O', 'O', 'O', 'B_Account', 'O', 'O', 'O']"
401,1/13/2024,3:20,Budi,"Kemarin urus ulang Nomor BPJS, nomor barunya adalah 1258297311.",FALSE,"['Kemarin', 'urus', 'ulang', 'Nomor', 'BPJS', 'nomor', 'barunya', 'adalah', '1258297311']","['O', 'O', 'O', 'O', 'O', 'O', 'O', 'O','B_SSN']"
402,1/13/2024,3:25,Dina,Ada yang tahu cara urus data Alamat Email? Aku lagi butuh info nih.,FALSE,"['Ada', 'yang', 'tahu', 'cara', 'urus', 'data', 'Alamat', 'Email', 'Aku', 'lagi', 'butuh', 'info', 'nih']","['O', 'O', 'O', 'O', 'O', 'O', 'O', 'O', 'O', 'O', 'O', 'O', 'O']"
403,1/13/2024,3:30,Eka,Ada yang tahu cara urus data Merek dan Tipe Alat Elektronik? Aku lagi butuh info nih.,FALSE,"['Ada', 'yang', 'tahu', 'cara', 'urus', 'data', 'Merek', 'dan', 'Tipe', 'Alat', 'Elektronik', 'Aku', 'lagi', 'butuh', 'info', 'nih']","['O', 'O', 'O', 'O', 'O', 'O', 'O', 'O', 'O', 'O', 'O', 'O', 'O', 'O', 'O', 'O']"
404,1/13/2024,3:35,Cindy,"Kemarin urus ulang Nomor Paspor, nomor barunya adalah 3648615169.",FALSE,"['Kemarin', 'urus', 'ulang', 'Nomor', 'Paspor', 'nomor', 'barunya', 'adalah', '3648615169']","['O', 'O', 'O', 'O', 'O', 'O', 'O', 'O', 'B_SSN']"
405,1/13/2024,3:40,Gina,Ada yang tahu cara urus data Status Perkawinan? Aku lagi butuh info nih.,FALSE,"['Ada', 'yang', 'tahu', 'cara', 'urus', 'data', 'Status', 'Perkawinan', 'Aku', 'lagi', 'butuh', 'info', 'nih']","['O', 'O', 'O', 'O', 'O', 'O', 'O', 'O', 'O', 'O', 'O', 'O', 'O']"
406,1/13/2024,3:45,Gina,"Kemarin urus ulang Nomor BPJS, nomor barunya adalah 6078717872.",FALSE,"['Kemarin', 'urus', 'ulang', 'Nomor', 'BPJS', 'nomor', 'barunya', 'adalah', '6078717872']","['O', 'O', 'O', 'O', 'O', 'O', 'O', 'O', 'B_SSN']"
407,1/13/2024,3:50,Budi,"Aku baru update data Nama Panggilan. Detailnya sekarang sudah benar, loh.",FALSE,"['Aku', 'baru', 'update', 'data', 'Nama', 'Panggilan', 'Detailnya', 'sekarang', 'sudah', 'benar', 'loh']","['O', 'O', 'O', 'O', 'O', 'O', 'O', 'O', 'O', 'O', 'O']"
408,1/13/2024,3:55,Cindy,Ada yang tahu cara urus data Nomor Sertifikat Rumah/Properti? Aku lagi butuh info nih.,FALSE,"['Ada', 'yang', 'tahu', 'cara', 'urus', 'data', 'Nomor', 'Sertifikat', 'Rumah', 'Properti', 'Aku', 'lagi', 'butuh', 'info', 'nih']","['O', 'O', 'O', 'O', 'O', 'O', 'O', 'O', 'O', 'O', 'O', 'O', 'O', 'O', 'O']"
409,1/13/2024,4:00,Dina,Ada yang tahu cara urus data Nomor Induk Siswa Nasional (NISN)? Aku lagi butuh info nih.,FALSE,"['Ada', 'yang', 'tahu', 'cara', 'urus', 'data', 'Nomor', 'Induk', 'Siswa', 'Nasional', 'NISN', 'Aku', 'lagi', 'butuh', 'info', 'nih']","['O', 'O', 'O', 'O', 'O', 'O', 'O', 'O', 'O', 'O', 'O', 'O', 'O', 'O', 'O', 'O']"
410,1/13/2024,4:05,Cindy,Ada yang tahu cara urus data Status Sosial? Aku lagi butuh info nih.,FALSE,"['Ada', 'yang', 'tahu', 'cara', 'urus', 'data', 'Status', 'Sosial', 'Aku', 'lagi', 'butuh', 'info', 'nih']","['O', 'O', 'O', 'O', 'O', 'O', 'O', 'O', 'O', 'O', 'O', 'O', 'O']"
411,1/13/2024,4:10,Budi,Ada yang tahu cara urus data Nomor Kartu Kredit/Debit? Aku lagi butuh info nih.,FALSE,"['Ada', 'yang', 'tahu', 'cara', 'urus', 'data', 'Nomor', 'Kartu', 'Kredit', 'Debit', 'Aku', 'lagi', 'butuh', 'info', 'nih']","['O', 'O', 'O', 'O', 'O', 'O', 'O', 'O', 'O', 'O', 'O', 'O', 'O', 'O', 'O']"
412,1/13/2024,4:15,Gina,"Kemarin urus ulang Nomor BPJS, nomor barunya adalah 4028782967.",FALSE,"['Kemarin', 'urus', 'ulang', 'Nomor', 'BPJS', 'nomor', 'barunya', 'adalah', '4028782967']","['O', 'O', 'O', 'O', 'O', 'O', 'O', 'O', 'B_SSN']"
413,1/13/2024,4:20,Budi,Ada yang tahu cara urus data Nomor Rangka dan Nomor Mesin Kendaraan? Aku lagi butuh info nih.,FALSE,"['Ada', 'yang', 'tahu', 'cara', 'urus', 'data', 'Nomor', 'Rangka', 'dan', 'Nomor', 'Mesin', 'Kendaraan', 'Aku', 'lagi', 'butuh', 'info', 'nih']","['O', 'O', 'O', 'O', 'O', 'O', 'O', 'O', 'O', 'O', 'O', 'O', 'O', 'O', 'O', 'O', 'O']"
414,1/13/2024,4:25,Ari,Ada yang tahu cara urus data Status Perkawinan? Aku lagi butuh info nih.,FALSE,"['Ada', 'yang', 'tahu', 'cara', 'urus', 'data', 'Status', 'Perkawinan', 'Aku', 'lagi', 'butuh', 'info', 'nih']","['O', 'O', 'O', 'O', 'O', 'O', 'O', 'O', 'O', 'O', 'O', 'O', 'O']"
415,1/13/2024,4:30,Gina,Aku lagi tambahkan data Riwayat Pendidikan ke sistem. Semoga prosesnya lancar.,FALSE,"['Aku', 'lagi', 'tambahkan', 'data', 'Riwayat', 'Pendidikan', 'ke', 'sistem', 'Semoga', 'prosesnya', 'lancar']","['O', 'O', 'O', 'O', 'O', 'O', 'O', 'O', 'O', 'O', 'O']"
416,1/13/2024,4:35,Eka,"Barusan pindah ke alamat baru, yaitu Jl. Mawar No. 93.",FALSE,"['Barusan', 'pindah', 'ke', 'alamat', 'baru', 'yaitu', 'Jl', 'Mawar', 'No', '93']","['O', 'O', 'O', 'O', 'O', 'O','B_Address', 'I_Address', 'I_Address', 'I_Address']"
417,1/13/2024,4:40,Ari,Ada yang tahu cara urus data Nomor Telepon Rumah? Aku lagi butuh info nih.,FALSE,"['Ada', 'yang', 'tahu', 'cara', 'urus', 'data', 'Nomor', 'Telepon', 'Rumah', 'Aku', 'lagi', 'butuh', 'info', 'nih']","['O', 'O', 'O', 'O', 'O', 'O', 'O', 'O', 'O', 'O', 'O', 'O', 'O', 'O']"
418,1/13/2024,4:45,Dina,Ada yang tahu cara urus data Nomor Kartu Kredit/Debit? Aku lagi butuh info nih.,FALSE,"['Ada', 'yang', 'tahu', 'cara', 'urus', 'data', 'Nomor', 'Kartu', 'Kredit', 'Debit', 'Aku', 'lagi', 'butuh', 'info', 'nih']","['O', 'O', 'O', 'O', 'O', 'O', 'O', 'O', 'O', 'O', 'O', 'O', 'O', 'O', 'O']"
419,1/13/2024,4:50,Gina,"Kemarin urus ulang Nomor SIM, nomor barunya adalah 2717314048.",FALSE,"['Kemarin', 'urus', 'ulang', 'Nomor', 'SIM', 'nomor', 'barunya', 'adalah', '2717314048']","['O', 'O', 'O', 'O', 'O', 'O', 'O', 'O','B_SSN']"
420,1/13/2024,4:55,Eka,"Aku baru update data Nama Panggilan. Detailnya sekarang sudah benar, loh.",FALSE,"['Aku', 'baru', 'update', 'data', 'Nama', 'Panggilan', 'Detailnya', 'sekarang', 'sudah', 'benar', 'loh']","['O', 'O', 'O', 'O', 'O', 'O', 'O', 'O', 'O', 'O', 'O']"
421,1/13/2024,5:00,Gina,"Data Tanggal Lahir aku sudah diverifikasi, jadi gak ada masalah lagi sekarang.",FALSE,"['Data', 'Tanggal', 'Lahir', 'aku', 'sudah', 'diverifikasi', 'jadi', 'gak', 'ada', 'masalah', 'lagi', 'sekarang']","['O', 'O', 'O', 'O', 'O', 'O', 'O', 'O', 'O', 'O', 'O', 'O']"
422,1/13/2024,5:05,Budi,Ada yang tahu cara urus data Nomor Induk Pegawai (NIP)? Aku lagi butuh info nih.,FALSE,"['Ada', 'yang', 'tahu', 'cara', 'urus', 'data', 'Nomor', 'Induk', 'Pegawai', 'NIP', 'Aku', 'lagi', 'butuh', 'info', 'nih']","['O', 'O', 'O', 'O', 'O', 'O', 'O', 'O', 'O', 'O', 'O', 'O', 'O', 'O', 'O']"
423,1/13/2024,5:10,Ari,"Kemarin urus ulang Nomor Paspor, nomor barunya adalah 4678286169.",FALSE,"['Kemarin', 'urus', 'ulang', 'Nomor', 'Paspor', 'nomor', 'barunya', 'adalah', '4678286169']","['O', 'O', 'O', 'O', 'O', 'O', 'O', 'O', 'B_SSN']"
424,1/13/2024,5:15,Budi,Ada yang tahu cara urus data Nomor Induk Siswa Nasional (NISN)? Aku lagi butuh info nih.,FALSE,"['Ada', 'yang', 'tahu', 'cara', 'urus', 'data', 'Nomor', 'Induk', 'Siswa', 'Nasional', 'NISN', 'Aku', 'lagi', 'butuh', 'info', 'nih']","['O', 'O', 'O', 'O', 'O', 'O', 'O', 'O', 'O', 'O', 'O', 'O', 'O', 'O', 'O', 'O']"
425,1/13/2024,5:20,Dina,Ada yang tahu cara urus data Nomor Telepon Kantor? Aku lagi butuh info nih.,FALSE,"['Ada', 'yang', 'tahu', 'cara', 'urus', 'data', 'Nomor', 'Telepon', 'Kantor', 'Aku', 'lagi', 'butuh', 'info', 'nih']","['O', 'O', 'O', 'O', 'O', 'O', 'O', 'O', 'O', 'O', 'O', 'O', 'O', 'O']"
426,1/13/2024,5:25,Gina,"Aku baru beli kendaraan baru, plat nomornya B 1550 XYZ, warna hitam.",FALSE,"['Aku', 'baru', 'beli', 'kendaraan', 'baru', 'plat', 'nomornya', 'B', '1550', 'XYZ', 'warna', 'hitam']","['O', 'O', 'O', 'O', 'O', 'O', 'O',  'B_Plate', 'I_Plate', 'I_Plate', 'O', 'B_Asset']"
427,1/13/2024,5:30,Ari,"Kemarin urus ulang Nomor KTP, nomor barunya adalah 9634570157.",FALSE,"['Kemarin', 'urus', 'ulang', 'Nomor', 'KTP', 'nomor', 'barunya', 'adalah', '9634570157']","['O', 'O', 'O', 'O', 'O', 'O', 'O', 'O', 'B_SSN']"
428,1/13/2024,5:35,Gina,"Data Tanggal Lahir aku sudah diverifikasi, jadi gak ada masalah lagi sekarang.",FALSE,"['Data', 'Tanggal', 'Lahir', 'aku', 'sudah', 'diverifikasi', 'jadi', 'gak', 'ada', 'masalah', 'lagi', 'sekarang']","['O', 'O', 'O', 'O', 'O', 'O', 'O', 'O', 'O', 'O', 'O', 'O']"
429,1/13/2024,5:40,Eka,"Aku baru update data Nama Panggilan. Detailnya sekarang sudah benar, loh.",FALSE,"['Aku', 'baru', 'update', 'data', 'Nama', 'Panggilan', 'Detailnya', 'sekarang', 'sudah', 'benar', 'loh']","['O', 'O', 'O', 'O', 'O', 'O', 'O', 'O', 'O', 'O', 'O']"
430,1/13/2024,5:45,Ari,"Data Tempat Lahir aku sudah diverifikasi, jadi gak ada masalah lagi sekarang.",FALSE,"['Data', 'Tempat', 'Lahir', 'aku', 'sudah', 'diverifikasi', 'jadi', 'gak', 'ada', 'masalah', 'lagi', 'sekarang']","['O', 'O', 'O', 'O', 'O', 'O', 'O', 'O', 'O', 'O', 'O', 'O']"
431,1/13/2024,5:50,Dina,Ada yang tahu cara urus data Nomor Faks? Aku lagi butuh info nih.,FALSE,"['Ada', 'yang', 'tahu', 'cara', 'urus', 'data', 'Nomor', 'Faks', 'Aku', 'lagi', 'butuh', 'info', 'nih']","['O', 'O', 'O', 'O', 'O', 'O', 'O', 'O', 'O', 'O', 'O', 'O', 'O']"
432,1/13/2024,5:55,Cindy,Ada yang tahu cara urus data Riwayat Pencarian di Internet? Aku lagi butuh info nih.,FALSE,"['Ada', 'yang', 'tahu', 'cara', 'urus', 'data', 'Riwayat', 'Pencarian', 'di', 'Internet', 'Aku', 'lagi', 'butuh', 'info', 'nih']","['O', 'O', 'O', 'O', 'O', 'O', 'O', 'O', 'O', 'O', 'O', 'O', 'O', 'O', 'O']"
433,1/13/2024,6:00,Ari,Ada yang tahu cara urus data Nomor Sertifikat Tanah? Aku lagi butuh info nih.,FALSE,"['Ada', 'yang', 'tahu', 'cara', 'urus', 'data', 'Nomor', 'Sertifikat', 'Tanah', 'Aku', 'lagi', 'butuh', 'info', 'nih']","['O', 'O', 'O', 'O', 'O', 'O', 'O', 'O', 'O', 'O', 'O', 'O', 'O', 'O']"
434,1/13/2024,6:05,Eka,Ada yang tahu cara urus data Nomor JKN? Aku lagi butuh info nih.,FALSE,"['Ada', 'yang', 'tahu', 'cara', 'urus', 'data', 'Nomor', 'JKN', 'Aku', 'lagi', 'butuh', 'info', 'nih']","['O', 'O', 'O', 'O', 'O', 'O', 'O', 'O', 'O', 'O', 'O', 'O', 'O']"
435,1/13/2024,6:10,Eka,"Kemarin urus ulang Nomor KTP, nomor barunya adalah 7952823084.",FALSE,"['Kemarin', 'urus', 'ulang', 'Nomor', 'KTP', 'nomor', 'barunya', 'adalah', '7952823084']","['O', 'O', 'O', 'O', 'O', 'O', 'O', 'O', 'B_SSN']"
436,1/13/2024,6:15,Budi,"Barusan pindah ke alamat baru, yaitu Jl. Melati No. 67.",FALSE,"['Barusan', 'pindah', 'ke', 'alamat', 'baru', 'yaitu', 'Jl', 'Melati', 'No', '67']","['O', 'O', 'O', 'O', 'O', 'O', 'B_Address', 'I_Address', 'I_Address', 'I_Address']"
437,1/13/2024,6:20,Dina,"Barusan pindah ke alamat baru, yaitu Jl. Mawar No. 19.",FALSE,"['Barusan', 'pindah', 'ke', 'alamat', 'baru', 'yaitu', 'Jl', 'Mawar', 'No', '19']","['O', 'O', 'O', 'O', 'O', 'O', 'B_Address', 'I_Address', 'I_Address', 'I_Address']"
438,1/13/2024,6:25,Gina,"Aku baru buka rekening baru, nomornya 9084264554 di Bank ABC.",FALSE,"['Aku', 'baru', 'buka', 'rekening', 'baru', 'nomornya', '9084264554', 'di', 'Bank', 'ABC']","['O', 'O', 'O', 'O', 'O', 'O', 'B_Account', 'O', 'O', 'O']"
439,1/13/2024,6:30,Ari,"Kemarin urus ulang Nomor KTP, nomor barunya adalah 2024432258.",FALSE,"['Kemarin', 'urus', 'ulang', 'Nomor', 'KTP', 'nomor', 'barunya', 'adalah', '2024432258']","['O', 'O', 'O', 'O', 'O', 'O', 'O', 'O', 'B_SSN']"
440,1/13/2024,6:35,Budi,"Barusan pindah ke alamat baru, yaitu Jl. Melati No. 46.",FALSE,"['Barusan', 'pindah', 'ke', 'alamat', 'baru', 'yaitu', 'Jl', 'Melati', 'No', '46']","['O', 'O', 'O', 'O', 'O', 'O', 'B_Address', 'I_Address', 'I_Address', 'I_Address']"
441,1/13/2024,6:40,Cindy,"Aku baru beli kendaraan baru, plat nomornya B 7900 XYZ, warna hitam.",FALSE,"['Aku', 'baru', 'beli', 'kendaraan', 'baru', 'plat', 'nomornya', 'B', '7900', 'XYZ', 'warna', 'hitam']","['O', 'O', 'O', 'O', 'O', 'O', 'O',  'B_Plate', 'I_Plate', 'I_Plate', 'O', 'B_Asset']"
442,1/13/2024,6:45,Gina,Ada yang tahu cara urus data Riwayat Pencarian di Internet? Aku lagi butuh info nih.,FALSE,"['Ada', 'yang', 'tahu', 'cara', 'urus', 'data', 'Riwayat', 'Pencarian', 'di', 'Internet', 'Aku', 'lagi', 'butuh', 'info', 'nih']","['O', 'O', 'O', 'O', 'O', 'O', 'O', 'O', 'O', 'O', 'O', 'O', 'O', 'O', 'O']"
443,1/13/2024,6:50,Dina,"Barusan pindah ke alamat baru, yaitu Jl. Melati No. 27.",FALSE,"['Barusan', 'pindah', 'ke', 'alamat', 'baru', 'yaitu', 'Jl', 'Melati', 'No', '27']","['O', 'O', 'O', 'O', 'O', 'O', 'B_Address', 'I_Address', 'I_Address', 'I_Address']"
444,1/13/2024,6:55,Ari,"Barusan pindah ke alamat baru, yaitu Jl. Melati No. 23.",FALSE,"['Barusan', 'pindah', 'ke', 'alamat', 'baru', 'yaitu', 'Jl', 'Melati', 'No', '23']","['O', 'O', 'O', 'O', 'O', 'O', 'B_Address', 'I_Address', 'I_Address', 'I_Address']"
445,1/13/2024,7:00,Dina,"Aku baru buka rekening baru, nomornya 9844383681 di Bank ABC.",FALSE,"['Aku', 'baru', 'buka', 'rekening', 'baru', 'nomornya', '9844383681', 'di', 'Bank', 'ABC']","['O', 'O', 'O', 'O', 'O', 'O', 'B_Account', 'O', 'O', 'O']"
446,1/13/2024,7:05,Ari,Ada yang tahu cara urus data Media Sosial? Aku lagi butuh info nih.,FALSE,"['Ada', 'yang', 'tahu', 'cara', 'urus', 'data', 'Media', 'Sosial', 'Aku', 'lagi', 'butuh', 'info', 'nih']","['O', 'O', 'O', 'O', 'O', 'O', 'O', 'O', 'O', 'O', 'O', 'O', 'O']"
447,1/13/2024,7:10,Ari,Ada yang tahu cara urus data Nomor Akun Aset Keuangan? Aku lagi butuh info nih.,FALSE,"['Ada', 'yang', 'tahu', 'cara', 'urus', 'data', 'Nomor', 'Akun', 'Aset', 'Keuangan', 'Aku', 'lagi', 'butuh', 'info', 'nih']","['O', 'O', 'O', 'O', 'O', 'O', 'O', 'O', 'O', 'O', 'O', 'O', 'O', 'O', 'O']"
448,1/13/2024,7:15,Ari,"Aku baru beli kendaraan baru, plat nomornya B 7164 XYZ, warna merah.",FALSE,"['Aku', 'baru', 'beli', 'kendaraan', 'baru', 'plat', 'nomornya', 'B', '7164', 'XYZ', 'warna', 'merah']","['O', 'O', 'O', 'O', 'O', 'O', 'O', 'B_Plate', 'I_Plate', 'I_Plate', 'O', 'B_Asset']"
449,1/13/2024,7:20,Dina,"Kemarin urus ulang Nomor SIM, nomor barunya adalah 2819783215.",FALSE,"['Kemarin', 'urus', 'ulang', 'Nomor', 'SIM', 'nomor', 'barunya', 'adalah', '2819783215']","['O', 'O', 'O', 'O', 'O', 'O', 'O', 'O', 'B_SSN']"
450,1/13/2024,7:25,Cindy,"Barusan pindah ke alamat baru, yaitu Jl. Melati No. 4.",FALSE,"['Barusan', 'pindah', 'ke', 'alamat', 'baru', 'yaitu', 'Jl', 'Melati', 'No', '4']","['O', 'O', 'O', 'O', 'O', 'O', 'B_Address', 'I_Address', 'I_Address', 'I_Address']"
451,1/13/2024,7:30,Dina,Ada yang tahu cara urus data Nomor Rangka dan Nomor Mesin Kendaraan? Aku lagi butuh info nih.,FALSE,"['Ada', 'yang', 'tahu', 'cara', 'urus', 'data', 'Nomor', 'Rangka', 'dan', 'Nomor', 'Mesin', 'Kendaraan', 'Aku', 'lagi', 'butuh', 'info', 'nih']","['O', 'O', 'O', 'O', 'O', 'O', 'O', 'O', 'O', 'O', 'O', 'O', 'O', 'O', 'O', 'O', 'O']"
452,1/13/2024,7:35,Ari,Ada yang tahu cara urus data Agama? Aku lagi butuh info nih.,FALSE,"['Ada', 'yang', 'tahu', 'cara', 'urus', 'data', 'Agama', 'Aku', 'lagi', 'butuh', 'info', 'nih']","['O', 'O', 'O', 'O', 'O', 'O', 'O', 'O', 'O', 'O', 'O', 'O']"
453,1/13/2024,7:40,Gina,Ada yang tahu cara urus data Nomor Kartu Kredit/Debit? Aku lagi butuh info nih.,FALSE,"['Ada', 'yang', 'tahu', 'cara', 'urus', 'data', 'Nomor', 'Kartu', 'Kredit', 'Debit', 'Aku', 'lagi', 'butuh', 'info', 'nih']","['O', 'O', 'O', 'O', 'O', 'O', 'O', 'O', 'O', 'O', 'O', 'O', 'O', 'O', 'O']"
454,1/13/2024,7:45,Budi,Ada yang tahu cara urus data Agama? Aku lagi butuh info nih.,FALSE,"['Ada', 'yang', 'tahu', 'cara', 'urus', 'data', 'Agama', 'Aku', 'lagi', 'butuh', 'info', 'nih']","['O', 'O', 'O', 'O', 'O', 'O', 'O', 'O', 'O', 'O', 'O', 'O']"
455,1/13/2024,7:50,Budi,Ada yang tahu cara urus data Nomor Akun Aset Keuangan? Aku lagi butuh info nih.,FALSE,"['Ada', 'yang', 'tahu', 'cara', 'urus', 'data', 'Nomor', 'Akun', 'Aset', 'Keuangan', 'Aku', 'lagi', 'butuh', 'info', 'nih']","['O', 'O', 'O', 'O', 'O', 'O', 'O', 'O', 'O', 'O', 'O', 'O', 'O', 'O', 'O']"
456,1/13/2024,7:55,Eka,"Barusan pindah ke alamat baru, yaitu Jl. Melati No. 94.",FALSE,"['Barusan', 'pindah', 'ke', 'alamat', 'baru', 'yaitu', 'Jl', 'Melati', 'No', '94']","['O', 'O', 'O', 'O', 'O', 'O', 'B_Address', 'I_Address', 'I_Address', 'I_Address']"
457,1/13/2024,8:00,Cindy,"Data Tanggal Lahir aku sudah diverifikasi, jadi gak ada masalah lagi sekarang.",FALSE,"['Data', 'Tanggal', 'Lahir', 'aku', 'sudah', 'diverifikasi', 'jadi', 'gak', 'ada', 'masalah', 'lagi', 'sekarang']","['O', 'O', 'O', 'O', 'O', 'O', 'O', 'O', 'O', 'O', 'O', 'O']"
458,1/13/2024,8:05,Dina,Aku lagi tambahkan data Riwayat Pekerjaan ke sistem. Semoga prosesnya lancar.,FALSE,"['Aku', 'lagi', 'tambahkan', 'data', 'Riwayat', 'Pekerjaan', 'ke', 'sistem', 'Semoga', 'prosesnya', 'lancar']","['O', 'O', 'O', 'O', 'O', 'O', 'O', 'O', 'O', 'O', 'O']"
459,1/13/2024,8:10,Ari,Ada yang tahu cara urus data Nomor JKN? Aku lagi butuh info nih.,FALSE,"['Ada', 'yang', 'tahu', 'cara', 'urus', 'data', 'Nomor', 'JKN', 'Aku', 'lagi', 'butuh', 'info', 'nih']","['O', 'O', 'O', 'O', 'O', 'O', 'O', 'O', 'O', 'O', 'O', 'O', 'O']"
460,1/13/2024,8:15,Cindy,Ada yang tahu cara urus data Nomor Seri Barang Berharga? Aku lagi butuh info nih.,FALSE,"['Ada', 'yang', 'tahu', 'cara', 'urus', 'data', 'Nomor', 'Seri', 'Barang', 'Berharga', 'Aku', 'lagi', 'butuh', 'info', 'nih']","['O', 'O', 'O', 'O', 'O', 'O', 'O', 'O', 'O', 'O', 'O', 'O', 'O', 'O', 'O']"
461,1/13/2024,8:20,Dina,Ada yang tahu cara urus data Nomor Akun Aset Keuangan? Aku lagi butuh info nih.,FALSE,"['Ada', 'yang', 'tahu', 'cara', 'urus', 'data', 'Nomor', 'Akun', 'Aset', 'Keuangan', 'Aku', 'lagi', 'butuh', 'info', 'nih']","['O', 'O', 'O', 'O', 'O', 'O', 'O', 'O', 'O', 'O', 'O', 'O', 'O', 'O', 'O']"
462,1/13/2024,8:25,Budi,Ada yang tahu cara urus data Riwayat Pencarian di Internet? Aku lagi butuh info nih.,FALSE,"['Ada', 'yang', 'tahu', 'cara', 'urus', 'data', 'Riwayat', 'Pencarian', 'di', 'Internet', 'Aku', 'lagi', 'butuh', 'info', 'nih']","['O', 'O', 'O', 'O', 'O', 'O', 'O', 'O', 'O', 'O', 'O', 'O', 'O', 'O', 'O']"
463,1/13/2024,8:30,Eka,Ada yang tahu cara urus data Status Perkawinan? Aku lagi butuh info nih.,FALSE,"['Ada', 'yang', 'tahu', 'cara', 'urus', 'data', 'Status', 'Perkawinan', 'Aku', 'lagi', 'butuh', 'info', 'nih']","['O', 'O', 'O', 'O', 'O', 'O', 'O', 'O', 'O', 'O', 'O', 'O', 'O']"
464,1/13/2024,8:35,Dina,Ada yang tahu cara urus data Status Sosial? Aku lagi butuh info nih.,FALSE,"['Ada', 'yang', 'tahu', 'cara', 'urus', 'data', 'Status', 'Sosial', 'Aku', 'lagi', 'butuh', 'info', 'nih']","['O', 'O', 'O', 'O', 'O', 'O', 'O', 'O', 'O', 'O', 'O', 'O', 'O']"
465,1/13/2024,8:40,Ari,"Aku baru buka rekening baru, nomornya 6697673775 di Bank ABC.",FALSE,"['Aku', 'baru', 'buka', 'rekening', 'baru', 'nomornya', '6697673775', 'di', 'Bank', 'ABC']","['O', 'O', 'O', 'O', 'O', 'O', 'B_SSN', 'O', 'O', 'O']"
466,1/13/2024,8:45,Ari,"Aku baru update data Alias. Detailnya sekarang sudah benar, loh.",FALSE,"['Aku', 'baru', 'update', 'data', 'Alias', 'Detailnya', 'sekarang', 'sudah', 'benar', 'loh']","['O', 'O', 'O', 'O', 'O', 'O', 'O', 'O', 'O', 'O']"
467,1/13/2024,8:50,Ari,"Data Tempat Lahir aku sudah diverifikasi, jadi gak ada masalah lagi sekarang.",FALSE,"['Data', 'Tempat', 'Lahir', 'aku', 'sudah', 'diverifikasi', 'jadi', 'gak', 'ada', 'masalah', 'lagi', 'sekarang']","['O', 'O', 'O', 'O', 'O', 'O', 'O', 'O', 'O', 'O', 'O', 'O']"
468,1/13/2024,8:55,Budi,Ada yang tahu cara urus data Nomor Seri Barang Berharga? Aku lagi butuh info nih.,FALSE,"['Ada', 'yang', 'tahu', 'cara', 'urus', 'data', 'Nomor', 'Seri', 'Barang', 'Berharga', 'Aku', 'lagi', 'butuh', 'info', 'nih']","['O', 'O', 'O', 'O', 'O', 'O', 'O', 'O', 'O', 'O', 'O', 'O', 'O', 'O', 'O']"
469,1/13/2024,9:00,Cindy,"Aku baru beli kendaraan baru, plat nomornya B 6724 XYZ, warna hitam.",FALSE,"['Aku', 'baru', 'beli', 'kendaraan', 'baru', 'plat', 'nomornya', 'B', '6724', 'XYZ', 'warna', 'hitam']","['O', 'O', 'O', 'O', 'O', 'O', 'O', 'B_Plate', 'I_Plate', 'I_Plate', 'O', 'B_Asset']"
470,1/13/2024,9:05,Eka,Ada yang tahu cara urus data Status Sosial? Aku lagi butuh info nih.,FALSE,"['Ada', 'yang', 'tahu', 'cara', 'urus', 'data', 'Status', 'Sosial', 'Aku', 'lagi', 'butuh', 'info', 'nih']","['O', 'O', 'O', 'O', 'O', 'O', 'O', 'O', 'O', 'O', 'O', 'O', 'O']"
471,1/13/2024,9:10,Gina,"Kemarin urus ulang Nomor KTP, nomor barunya adalah 5508552529.",FALSE,"['Kemarin', 'urus', 'ulang', 'Nomor', 'KTP', 'nomor', 'barunya', 'adalah', '5508552529']","['O', 'O', 'O', 'O', 'O', 'O', 'O', 'O', 'B_SSN']"
472,1/13/2024,9:15,Budi,"Aku baru update data Nama Lengkap. Detailnya sekarang sudah benar, loh.",FALSE,"['Aku', 'baru', 'update', 'data', 'Nama', 'Lengkap', 'Detailnya', 'sekarang', 'sudah', 'benar', 'loh']","['O', 'O', 'O', 'O', 'O', 'O', 'O', 'O', 'O', 'O', 'O']"
473,1/13/2024,9:20,Eka,Ada yang tahu cara urus data Nomor Faks? Aku lagi butuh info nih.,FALSE,"['Ada', 'yang', 'tahu', 'cara', 'urus', 'data', 'Nomor', 'Faks', 'Aku', 'lagi', 'butuh', 'info', 'nih']","['O', 'O', 'O', 'O', 'O', 'O', 'O', 'O', 'O', 'O', 'O', 'O', 'O']"
474,1/13/2024,9:25,Cindy,Ada yang tahu cara urus data Nomor Akun Aset Keuangan? Aku lagi butuh info nih.,FALSE,"['Ada', 'yang', 'tahu', 'cara', 'urus', 'data', 'Nomor', 'Akun', 'Aset', 'Keuangan', 'Aku', 'lagi', 'butuh', 'info', 'nih']","['O', 'O', 'O', 'O', 'O', 'O', 'O', 'O', 'O', 'O', 'O', 'O', 'O', 'O', 'O']"
475,1/13/2024,9:30,Budi,Ada yang tahu cara urus data Alamat Email? Aku lagi butuh info nih.,FALSE,"['Ada', 'yang', 'tahu', 'cara', 'urus', 'data', 'Alamat', 'Email', 'Aku', 'lagi', 'butuh', 'info', 'nih']","['O', 'O', 'O', 'O', 'O', 'O', 'O', 'O', 'O', 'O', 'O', 'O', 'O']"
476,1/13/2024,9:35,Ari,Ada yang tahu cara urus data Nomor Sertifikat Rumah/Properti? Aku lagi butuh info nih.,FALSE,"['Ada', 'yang', 'tahu', 'cara', 'urus', 'data', 'Nomor', 'Sertifikat', 'Rumah', 'Properti', 'Aku', 'lagi', 'butuh', 'info', 'nih']","['O', 'O', 'O', 'O', 'O', 'O', 'O', 'O', 'O', 'O', 'O', 'O', 'O', 'O', 'O']"
477,1/13/2024,9:40,Ari,"Kemarin urus ulang Nomor Paspor, nomor barunya adalah 4414397837.",FALSE,"['Kemarin', 'urus', 'ulang', 'Nomor', 'Paspor', 'nomor', 'barunya', 'adalah', '4414397837']","['O', 'O', 'O', 'O', 'O', 'O', 'O', 'O', 'B_SSN']"
478,1/13/2024,9:45,Cindy,"Aku baru update data Alias. Detailnya sekarang sudah benar, loh.",FALSE,"['Aku', 'baru', 'update', 'data', 'Alias', 'Detailnya', 'sekarang', 'sudah', 'benar', 'loh']","['O', 'O', 'O', 'O', 'O', 'O', 'O', 'O', 'O', 'O']"
479,1/13/2024,9:50,Ari,"Aku baru update data Nama Ibu Kandung. Detailnya sekarang sudah benar, loh.",FALSE,"['Aku', 'baru', 'update', 'data', 'Nama', 'Ibu', 'Kandung', 'Detailnya', 'sekarang', 'sudah', 'benar', 'loh']","['O', 'O', 'O', 'O', 'O', 'O', 'O', 'O', 'O', 'O', 'O', 'O']"
480,1/13/2024,9:55,Budi,"Aku baru update data Nama Ibu Kandung. Detailnya sekarang sudah benar, loh.",FALSE,"['Aku', 'baru', 'update', 'data', 'Nama', 'Ibu', 'Kandung', 'Detailnya', 'sekarang', 'sudah', 'benar', 'loh']","['O', 'O', 'O', 'O', 'O', 'O', 'O', 'O', 'O', 'O', 'O', 'O']"
481,1/13/2024,10:00,Budi,"Aku baru update data Nama Ibu Kandung. Detailnya sekarang sudah benar, loh.",FALSE,"['Aku', 'baru', 'update', 'data', 'Nama', 'Ibu', 'Kandung', 'Detailnya', 'sekarang', 'sudah', 'benar', 'loh']","['O', 'O', 'O', 'O', 'O', 'O', 'O', 'O', 'O', 'O', 'O', 'O']"
482,1/13/2024,10:05,Cindy,"Kemarin urus ulang Nomor BPJS, nomor barunya adalah 3956584617.",FALSE,"['Kemarin', 'urus', 'ulang', 'Nomor', 'BPJS', 'nomor', 'barunya', 'adalah', '3956584617']","['O', 'O', 'O', 'O', 'O', 'O', 'O', 'O', 'B_SSN']"
483,1/13/2024,10:10,Budi,Ada yang tahu cara urus data Nomor Telepon Rumah? Aku lagi butuh info nih.,FALSE,"['Ada', 'yang', 'tahu', 'cara', 'urus', 'data', 'Nomor', 'Telepon', 'Rumah', 'Aku', 'lagi', 'butuh', 'info', 'nih']","['O', 'O', 'O', 'O', 'O', 'O', 'O', 'O', 'O', 'O', 'O', 'O', 'O', 'O']"
484,1/13/2024,10:15,Budi,"Data Tanggal Lahir aku sudah diverifikasi, jadi gak ada masalah lagi sekarang.",FALSE,"['Data', 'Tanggal', 'Lahir', 'aku', 'sudah', 'diverifikasi', 'jadi', 'gak', 'ada', 'masalah', 'lagi', 'sekarang']","['O', 'O', 'O', 'O', 'O', 'O', 'O', 'O', 'O', 'O', 'O', 'O']"
485,1/13/2024,10:20,Eka,"Data Tanggal Lahir aku sudah diverifikasi, jadi gak ada masalah lagi sekarang.",FALSE,"['Data', 'Tanggal', 'Lahir', 'aku', 'sudah', 'diverifikasi', 'jadi', 'gak', 'ada', 'masalah', 'lagi', 'sekarang']","['O', 'O', 'O', 'O', 'O', 'O', 'O', 'O', 'O', 'O', 'O', 'O']"
486,1/13/2024,10:25,Budi,"Aku baru buka rekening baru, nomornya 4294084703 di Bank ABC.",FALSE,"['Aku', 'baru', 'buka', 'rekening', 'baru', 'nomornya', '4294084703', 'di', 'Bank', 'ABC']","['O', 'O', 'O', 'O', 'O', 'O', 'B_SSN', 'O', 'O', 'O']"
487,1/13/2024,10:30,Cindy,Ada yang tahu cara urus data Nomor Sertifikat Rumah/Properti? Aku lagi butuh info nih.,FALSE,"['Ada', 'yang', 'tahu', 'cara', 'urus', 'data', 'Nomor', 'Sertifikat', 'Rumah', 'Properti', 'Aku', 'lagi', 'butuh', 'info', 'nih']","['O', 'O', 'O', 'O', 'O', 'O', 'O', 'O', 'O', 'O', 'O', 'O', 'O', 'O', 'O']"
488,1/13/2024,10:35,Dina,"Aku baru update data Nama Lengkap. Detailnya sekarang sudah benar, loh.",FALSE,"['Aku', 'baru', 'update', 'data', 'Nama', 'Lengkap', 'Detailnya', 'sekarang', 'sudah', 'benar', 'loh']","['O', 'O', 'O', 'O', 'O', 'O', 'O', 'O', 'O', 'O', 'O']"
489,1/13/2024,10:40,Gina,"Kemarin urus ulang Nomor NPWP, nomor barunya adalah 9777098468.",FALSE,"['Kemarin', 'urus', 'ulang', 'Nomor', 'NPWP', 'nomor', 'barunya', 'adalah', '9777098468']","['O', 'O', 'O', 'O', 'O', 'O', 'O', 'O', 'B_SSN']"
490,1/13/2024,10:45,Dina,Ada yang tahu cara urus data Nomor Telepon Rumah? Aku lagi butuh info nih.,FALSE,"['Ada', 'yang', 'tahu', 'cara', 'urus', 'data', 'Nomor', 'Telepon', 'Rumah', 'Aku', 'lagi', 'butuh', 'info', 'nih']","['O', 'O', 'O', 'O', 'O', 'O', 'O', 'O', 'O', 'O', 'O', 'O', 'O', 'O']"
491,1/13/2024,10:50,Budi,Ada yang tahu cara urus data Nomor Induk Siswa Nasional (NISN)? Aku lagi butuh info nih.,FALSE,"['Ada', 'yang', 'tahu', 'cara', 'urus', 'data', 'Nomor', 'Induk', 'Siswa', 'Nasional', 'NISN', 'Aku', 'lagi', 'butuh', 'info', 'nih']","['O', 'O', 'O', 'O', 'O', 'O', 'O', 'O', 'O', 'O', 'O', 'O', 'O', 'O', 'O', 'O']"
492,1/13/2024,10:55,Gina,Ada yang tahu cara urus data Nomor Kartu Kredit/Debit? Aku lagi butuh info nih.,FALSE,"['Ada', 'yang', 'tahu', 'cara', 'urus', 'data', 'Nomor', 'Kartu', 'Kredit', 'Debit', 'Aku', 'lagi', 'butuh', 'info', 'nih']","['O', 'O', 'O', 'O', 'O', 'O', 'O', 'O', 'O', 'O', 'O', 'O', 'O', 'O', 'O']"
493,1/13/2024,11:00,Gina,Ada yang tahu cara urus data Agama? Aku lagi butuh info nih.,FALSE,"['Ada', 'yang', 'tahu', 'cara', 'urus', 'data', 'Agama', 'Aku', 'lagi', 'butuh', 'info', 'nih']","['O', 'O', 'O', 'O', 'O', 'O', 'O', 'O', 'O', 'O', 'O', 'O']"
494,1/13/2024,11:05,Dina,"Aku baru buka rekening baru, nomornya 2325795969 di Bank ABC.",FALSE,"['Aku', 'baru', 'buka', 'rekening', 'baru', 'nomornya', '2325795969', 'di', 'Bank', 'ABC']","['O', 'O', 'O', 'O', 'O', 'O', 'B_SSN', 'O', 'O', 'O']"
495,1/13/2024,11:10,Dina,Ada yang tahu cara urus data Nomor Seri Barang Berharga? Aku lagi butuh info nih.,FALSE,"['Ada', 'yang', 'tahu', 'cara', 'urus', 'data', 'Nomor', 'Seri', 'Barang', 'Berharga', 'Aku', 'lagi', 'butuh', 'info', 'nih']","['O', 'O', 'O', 'O', 'O', 'O', 'O', 'O', 'O', 'O', 'O', 'O', 'O', 'O', 'O']"
496,1/13/2024,11:15,Dina,Aku lagi tambahkan data Riwayat Pekerjaan ke sistem. Semoga prosesnya lancar.,FALSE,"['Aku', 'lagi', 'tambahkan', 'data', 'Riwayat', 'Pekerjaan', 'ke', 'sistem', 'Semoga', 'prosesnya', 'lancar']","['O', 'O', 'O', 'O', 'O', 'O', 'O', 'O', 'O', 'O', 'O']"
497,1/13/2024,11:20,Gina,Ada yang tahu cara urus data Nomor JKN? Aku lagi butuh info nih.,FALSE,"['Ada', 'yang', 'tahu', 'cara', 'urus', 'data', 'Nomor', 'JKN', 'Aku', 'lagi', 'butuh', 'info', 'nih']","['O', 'O', 'O', 'O', 'O', 'O', 'O', 'O', 'O', 'O', 'O', 'O', 'O']"
498,1/13/2024,11:25,Gina,Ada yang tahu cara urus data Nomor Faks? Aku lagi butuh info nih.,FALSE,"['Ada', 'yang', 'tahu', 'cara', 'urus', 'data', 'Nomor', 'Faks', 'Aku', 'lagi', 'butuh', 'info', 'nih']","['O', 'O', 'O', 'O', 'O', 'O', 'O', 'O', 'O', 'O', 'O', 'O', 'O']"
499,1/13/2024,11:30,Ari,"Data Tanggal Lahir aku sudah diverifikasi, jadi gak ada masalah lagi sekarang.",FALSE,"['Data', 'Tanggal', 'Lahir', 'aku', 'sudah', 'diverifikasi', 'jadi', 'gak', 'ada', 'masalah', 'lagi', 'sekarang']","['O', 'O', 'O', 'O', 'O', 'O', 'O', 'O', 'O', 'O', 'O', 'O']"
500,1/13/2024,11:35,Gina,Ada yang tahu cara urus data Status Sosial? Aku lagi butuh info nih.,FALSE,"['Ada', 'yang', 'tahu', 'cara', 'urus', 'data', 'Status', 'Sosial', 'Aku', 'lagi', 'butuh', 'info', 'nih']","['O', 'O', 'O', 'O', 'O', 'O', 'O', 'O', 'O', 'O', 'O', 'O', 'O']"
501,1/13/2024,11:40,Eka,Ada yang tahu cara urus data Nomor Faks? Aku lagi butuh info nih.,FALSE,"['Ada', 'yang', 'tahu', 'cara', 'urus', 'data', 'Nomor', 'Faks', 'Aku', 'lagi', 'butuh', 'info', 'nih']","['O', 'O', 'O', 'O', 'O', 'O', 'O', 'O', 'O', 'O', 'O', 'O', 'O']"
502,1/13/2024,11:45,Cindy,Ada yang tahu cara urus data Status Perkawinan? Aku lagi butuh info nih.,FALSE,"['Ada', 'yang', 'tahu', 'cara', 'urus', 'data', 'Status', 'Perkawinan', 'Aku', 'lagi', 'butuh', 'info', 'nih']","['O', 'O', 'O', 'O', 'O', 'O', 'O', 'O', 'O', 'O', 'O', 'O', 'O']"
503,1/13/2024,11:50,Ari,Ada yang tahu cara urus data Nomor Sertifikat Rumah/Properti? Aku lagi butuh info nih.,FALSE,"['Ada', 'yang', 'tahu', 'cara', 'urus', 'data', 'Nomor', 'Sertifikat', 'Rumah', 'Properti', 'Aku', 'lagi', 'butuh', 'info', 'nih']","['O', 'O', 'O', 'O', 'O', 'O', 'O', 'O', 'O', 'O', 'O', 'O', 'O', 'O', 'O']"
504,1/13/2024,11:55,Eka,"Aku baru update data Nama Panggilan. Detailnya sekarang sudah benar, loh.",FALSE,"['Aku', 'baru', 'update', 'data', 'Nama', 'Panggilan', 'Detailnya', 'sekarang', 'sudah', 'benar', 'loh']","['O', 'O', 'O', 'O', 'O', 'O', 'O', 'O', 'O', 'O', 'O']"
505,1/13/2024,12:00,Eka,Nomor Nomor Ponsel aku yang baru itu 08164144765.,FALSE,"['Nomor', 'Nomor', 'Ponsel', 'aku', 'yang', 'baru', 'itu', '08164144765']","['O', 'O', 'O', 'O', 'O', 'O', 'O', 'B_SSN']"
506,1/13/2024,12:05,Dina,"Kemarin urus ulang Nomor SIM, nomor barunya adalah 3903582475.",FALSE,"['Kemarin', 'urus', 'ulang', 'Nomor', 'SIM', 'nomor', 'barunya', 'adalah', '3903582475']","['O', 'O', 'O', 'O', 'O', 'O', 'O', 'O', 'B_SSN']"
507,1/13/2024,12:10,Cindy,"Aku baru beli kendaraan baru, plat nomornya B 3842 XYZ, warna merah.",FALSE,"['Aku', 'baru', 'beli', 'kendaraan', 'baru', 'plat', 'nomornya', 'B', '3842', 'XYZ', 'warna', 'merah']","['O', 'O', 'O', 'O', 'O', 'O', 'O', 'B_Plate', 'I_Plate', 'I_Plate', 'O', 'B_Asset']"
508,1/13/2024,12:15,Dina,"Barusan pindah ke alamat baru, yaitu Jl. Kenanga No. 69.",FALSE,"['Barusan', 'pindah', 'ke', 'alamat', 'baru', 'yaitu', 'Jl', 'Kenanga', 'No', '69']","['O', 'O', 'O', 'O', 'O', 'O', 'B_Address', 'I_Address', 'I_Address', 'I_Address']"
509,1/13/2024,12:20,Budi,Nomor Nomor Ponsel aku yang baru itu 08192115428.,FALSE,"['Nomor', 'Nomor', 'Ponsel', 'aku', 'yang', 'baru', 'itu', '08192115428']","['O', 'O', 'O', 'O', 'O', 'O', 'O', 'B_Phone_Number']"
510,1/13/2024,12:25,Cindy,Aku lagi tambahkan data Riwayat Pendidikan ke sistem. Semoga prosesnya lancar.,FALSE,"['Aku', 'lagi', 'tambahkan', 'data', 'Riwayat', 'Pendidikan', 'ke', 'sistem', 'Semoga', 'prosesnya', 'lancar']","['O', 'O', 'O', 'O', 'O', 'O', 'O', 'O', 'O', 'O', 'O']"
511,1/13/2024,12:30,Gina,"Aku baru buka rekening baru, nomornya 4410945488 di Bank ABC.",FALSE,"['Aku', 'baru', 'buka', 'rekening', 'baru', 'nomornya', '4410945488', 'di', 'Bank', 'ABC']","['O', 'O', 'O', 'O', 'O', 'O', 'B_SSN', 'O', 'O', 'O']"
512,1/13/2024,12:35,Dina,Nomor Nomor Ponsel aku yang baru itu 08193049626.,FALSE,"['Nomor', 'Nomor', 'Ponsel', 'aku', 'yang', 'baru', 'itu', '08193049626']","['O', 'O', 'O', 'O', 'O', 'O', 'O', 'B_Phone_Number']"
513,1/13/2024,12:40,Gina,"Barusan pindah ke alamat baru, yaitu Jl. Melati No. 61.",FALSE,"['Barusan', 'pindah', 'ke', 'alamat', 'baru', 'yaitu', 'Jl', 'Melati', 'No', '61']","['O', 'O', 'O', 'O', 'O', 'O', 'B_Address', 'I_Address', 'I_Address', 'I_Address']"
514,1/13/2024,12:45,Gina,Ada yang tahu cara urus data Nomor Rangka dan Nomor Mesin Kendaraan? Aku lagi butuh info nih.,FALSE,"['Ada', 'yang', 'tahu', 'cara', 'urus', 'data', 'Nomor', 'Rangka', 'dan', 'Nomor', 'Mesin', 'Kendaraan', 'Aku', 'lagi', 'butuh', 'info', 'nih']","['O', 'O', 'O', 'O', 'O', 'O', 'O', 'O', 'O', 'O', 'O', 'O', 'O', 'O', 'O', 'O', 'O']"
515,1/13/2024,12:50,Dina,Ada yang tahu cara urus data Riwayat Pencarian di Internet? Aku lagi butuh info nih.,FALSE,"['Ada', 'yang', 'tahu', 'cara', 'urus', 'data', 'Riwayat', 'Pencarian', 'di', 'Internet', 'Aku', 'lagi', 'butuh', 'info', 'nih']","['O', 'O', 'O', 'O', 'O', 'O', 'O', 'O', 'O', 'O', 'O', 'O', 'O', 'O', 'O']"
516,1/13/2024,12:55,Gina,"Aku baru update data Nama Panggilan. Detailnya sekarang sudah benar, loh.",FALSE,"['Aku', 'baru', 'update', 'data', 'Nama', 'Panggilan', 'Detailnya', 'sekarang', 'sudah', 'benar', 'loh']","['O', 'O', 'O', 'O', 'O', 'O', 'O', 'O', 'O', 'O', 'O']"
517,1/13/2024,13:00,Gina,"Kemarin urus ulang Nomor SIM, nomor barunya adalah 4609753959.",FALSE,"['Kemarin', 'urus', 'ulang', 'Nomor', 'SIM', 'nomor', 'barunya', 'adalah', '4609753959']","['O', 'O', 'O', 'O', 'O', 'O', 'O', 'O', 'B_SSN']"
518,1/13/2024,13:05,Gina,Ada yang tahu cara urus data Nomor JKN? Aku lagi butuh info nih.,FALSE,"['Ada', 'yang', 'tahu', 'cara', 'urus', 'data', 'Nomor', 'JKN', 'Aku', 'lagi', 'butuh', 'info', 'nih']","['O', 'O', 'O', 'O', 'O', 'O', 'O', 'O', 'O', 'O', 'O', 'O', 'O']"
519,1/13/2024,13:10,Ari,"Kemarin urus ulang Nomor KTP, nomor barunya adalah 9974684915.",FALSE,"['Kemarin', 'urus', 'ulang', 'Nomor', 'KTP', 'nomor', 'barunya', 'adalah', '9974684915']","['O', 'O', 'O', 'O', 'O', 'O', 'O', 'O', 'B_SSN']"
520,1/13/2024,13:15,Eka,"Kemarin urus ulang Nomor SIM, nomor barunya adalah 7825762173.",FALSE,"['Kemarin', 'urus', 'ulang', 'Nomor', 'SIM', 'nomor', 'barunya', 'adalah', '7825762173']","['O', 'O', 'O', 'O', 'O', 'O', 'O', 'O', 'B_SSN']"
521,1/13/2024,13:20,Gina,Ada yang tahu cara urus data Nomor Telepon Rumah? Aku lagi butuh info nih.,FALSE,"['Ada', 'yang', 'tahu', 'cara', 'urus', 'data', 'Nomor', 'Telepon', 'Rumah', 'Aku', 'lagi', 'butuh', 'info', 'nih']","['O', 'O', 'O', 'O', 'O', 'O', 'O', 'O', 'O', 'O', 'O', 'O', 'O', 'O']"
522,1/13/2024,13:25,Budi,"Kemarin urus ulang Nomor KTP, nomor barunya adalah 4924072233.",FALSE,"['Kemarin', 'urus', 'ulang', 'Nomor', 'KTP', 'nomor', 'barunya', 'adalah', '4924072233']","['O', 'O', 'O', 'O', 'O', 'O', 'O', 'O', 'B_SSN']"
523,1/13/2024,13:30,Budi,"Kemarin urus ulang Nomor NPWP, nomor barunya adalah 8059236582.",FALSE,"['Kemarin', 'urus', 'ulang', 'Nomor', 'NPWP', 'nomor', 'barunya', 'adalah', '8059236582']","['O', 'O', 'O', 'O', 'O', 'O', 'O', 'O', 'B_SSN']"
524,1/13/2024,13:35,Gina,Ada yang tahu cara urus data Nomor Induk Pegawai (NIP)? Aku lagi butuh info nih.,FALSE,"['Ada', 'yang', 'tahu', 'cara', 'urus', 'data', 'Nomor', 'Induk', 'Pegawai', 'NIP', 'Aku', 'lagi', 'butuh', 'info', 'nih']","['O', 'O', 'O', 'O', 'O', 'O', 'O', 'O', 'O', 'O', 'O', 'O', 'O', 'O', 'O']"
525,1/13/2024,13:40,Gina,"Aku baru buka rekening baru, nomornya 6148585808 di Bank ABC.",FALSE,"['Aku', 'baru', 'buka', 'rekening', 'baru', 'nomornya', '6148585808', 'di', 'Bank', 'ABC']","['O', 'O', 'O', 'O', 'O', 'O', 'B_SSN', 'O', 'O', 'O']"
526,1/13/2024,13:45,Gina,"Aku baru buka rekening baru, nomornya 5218172914 di Bank ABC.",FALSE,"['Aku', 'baru', 'buka', 'rekening', 'baru', 'nomornya', '5218172914', 'di', 'Bank', 'ABC']","['O', 'O', 'O', 'O', 'O', 'O', 'B_SSN', 'O', 'O', 'O']"
527,1/13/2024,13:50,Gina,Ada yang tahu cara urus data Nomor JKN? Aku lagi butuh info nih.,FALSE,"['Ada', 'yang', 'tahu', 'cara', 'urus', 'data', 'Nomor', 'JKN', 'Aku', 'lagi', 'butuh', 'info', 'nih']","['O', 'O', 'O', 'O', 'O', 'O', 'O', 'O', 'O', 'O', 'O', 'O', 'O']"
528,1/13/2024,13:55,Dina,Aku lagi tambahkan data Riwayat Pekerjaan ke sistem. Semoga prosesnya lancar.,FALSE,"['Aku', 'lagi', 'tambahkan', 'data', 'Riwayat', 'Pekerjaan', 'ke', 'sistem', 'Semoga', 'prosesnya', 'lancar']","['O', 'O', 'O', 'O', 'O', 'O', 'O', 'O', 'O', 'O', 'O']"
529,1/13/2024,14:00,Budi,"Barusan pindah ke alamat baru, yaitu Jl. Kenanga No. 86.",FALSE,"['Barusan', 'pindah', 'ke', 'alamat', 'baru', 'yaitu', 'Jl', 'Kenanga', 'No', '86']","['O', 'O', 'O', 'O', 'O', 'O', 'B_Address', 'I_Address', 'I_Address', 'I_Address']"
530,1/13/2024,14:05,Cindy,Ada yang tahu cara urus data Agama? Aku lagi butuh info nih.,FALSE,"['Ada', 'yang', 'tahu', 'cara', 'urus', 'data', 'Agama', 'Aku', 'lagi', 'butuh', 'info', 'nih']","['O', 'O', 'O', 'O', 'O', 'O', 'O', 'O', 'O', 'O', 'O', 'O']"
531,1/13/2024,14:10,Budi,"Aku baru beli kendaraan baru, plat nomornya B 8664 XYZ, warna hitam.",FALSE,"['Aku', 'baru', 'beli', 'kendaraan', 'baru', 'plat', 'nomornya', 'B', '8664', 'XYZ', 'warna', 'hitam']","['O', 'O', 'O', 'O', 'O', 'O', 'O', 'B_Plate', 'I_Plate', 'I_Plate', 'O', 'B_Asset']"
532,1/13/2024,14:15,Eka,Ada yang tahu cara urus data Nomor Seri Barang Berharga? Aku lagi butuh info nih.,FALSE,"['Ada', 'yang', 'tahu', 'cara', 'urus', 'data', 'Nomor', 'Seri', 'Barang', 'Berharga', 'Aku', 'lagi', 'butuh', 'info', 'nih']","['O', 'O', 'O', 'O', 'O', 'O', 'O', 'O', 'O', 'O', 'O', 'O', 'O', 'O', 'O']"
533,1/13/2024,14:20,Cindy,"Barusan pindah ke alamat baru, yaitu Jl. Kenanga No. 47.",FALSE,"['Barusan', 'pindah', 'ke', 'alamat', 'baru', 'yaitu', 'Jl', 'Kenanga', 'No', '47']","['O', 'O', 'O', 'O', 'O', 'O', 'B_Address', 'I_Address', 'I_Address', 'I_Address']"
534,1/13/2024,14:25,Cindy,"Kemarin urus ulang Nomor NPWP, nomor barunya adalah 4559847290.",FALSE,"['Kemarin', 'urus', 'ulang', 'Nomor', 'NPWP', 'nomor', 'barunya', 'adalah', '4559847290']","['O', 'O', 'O', 'O', 'O', 'O', 'O', 'O', 'B_SSN']"
535,1/13/2024,14:30,Dina,"Barusan pindah ke alamat baru, yaitu Jl. Kenanga No. 40.",FALSE,"['Barusan', 'pindah', 'ke', 'alamat', 'baru', 'yaitu', 'Jl', 'Kenanga', 'No', '40']","['O', 'O', 'O', 'O', 'O', 'O', 'B_Address', 'I_Address', 'I_Address', 'I_Address']"
536,1/13/2024,14:35,Ari,"Aku baru update data Nama Panggilan. Detailnya sekarang sudah benar, loh.",FALSE,"['Aku', 'baru', 'update', 'data', 'Nama', 'Panggilan', 'Detailnya', 'sekarang', 'sudah', 'benar', 'loh']","['O', 'O', 'O', 'O', 'O', 'O', 'O', 'O', 'O', 'O', 'O']"
537,1/13/2024,14:40,Gina,Ada yang tahu cara urus data Nomor Kartu Kredit/Debit? Aku lagi butuh info nih.,FALSE,"['Ada', 'yang', 'tahu', 'cara', 'urus', 'data', 'Nomor', 'Kartu', 'Kredit', 'Debit', 'Aku', 'lagi', 'butuh', 'info', 'nih']","['O', 'O', 'O', 'O', 'O', 'O', 'O', 'O', 'O', 'O', 'O', 'O', 'O', 'O', 'O']"
538,1/13/2024,14:45,Eka,"Aku baru update data Alias. Detailnya sekarang sudah benar, loh.",FALSE,"['Aku', 'baru', 'update', 'data', 'Alias', 'Detailnya', 'sekarang', 'sudah', 'benar', 'loh']","['O', 'O', 'O', 'O', 'O', 'O', 'O', 'O', 'O', 'O']"
539,1/13/2024,14:50,Cindy,"Kemarin urus ulang Nomor SIM, nomor barunya adalah 2034542961.",FALSE,"['Kemarin', 'urus', 'ulang', 'Nomor', 'SIM', 'nomor', 'barunya', 'adalah', '2034542961']","['O', 'O', 'O', 'O', 'O', 'O', 'O', 'O', 'B_SSN']"
540,1/13/2024,14:55,Gina,Ada yang tahu cara urus data Alamat Email? Aku lagi butuh info nih.,FALSE,"['Ada', 'yang', 'tahu', 'cara', 'urus', 'data', 'Alamat', 'Email', 'Aku', 'lagi', 'butuh', 'info', 'nih']","['O', 'O', 'O', 'O', 'O', 'O', 'O', 'O', 'O', 'O', 'O', 'O', 'O']"
541,1/13/2024,15:00,Dina,"Kemarin urus ulang Nomor NPWP, nomor barunya adalah 5594961694.",FALSE,"['Kemarin', 'urus', 'ulang', 'Nomor', 'NPWP', 'nomor', 'barunya', 'adalah', '5594961694']","['O', 'O', 'O', 'O', 'O', 'O', 'O', 'O', 'B_SSN']"
542,1/13/2024,15:05,Budi,"Aku baru buka rekening baru, nomornya 9423540885 di Bank ABC.",FALSE,"['Aku', 'baru', 'buka', 'rekening', 'baru', 'nomornya', '9423540885', 'di', 'Bank', 'ABC']","['O', 'O', 'O', 'O', 'O', 'O', 'B_SSN', 'O', 'O', 'O']"
543,1/13/2024,15:10,Eka,Ada yang tahu cara urus data Riwayat Pencarian di Internet? Aku lagi butuh info nih.,FALSE,"['Ada', 'yang', 'tahu', 'cara', 'urus', 'data', 'Riwayat', 'Pencarian', 'di', 'Internet', 'Aku', 'lagi', 'butuh', 'info', 'nih']","['O', 'O', 'O', 'O', 'O', 'O', 'O', 'O', 'O', 'O', 'O', 'O', 'O', 'O', 'O']"
544,1/13/2024,15:15,Gina,Ada yang tahu cara urus data Nomor Kartu Kredit/Debit? Aku lagi butuh info nih.,FALSE,"['Ada', 'yang', 'tahu', 'cara', 'urus', 'data', 'Nomor', 'Kartu', 'Kredit', 'Debit', 'Aku', 'lagi', 'butuh', 'info', 'nih']","['O', 'O', 'O', 'O', 'O', 'O', 'O', 'O', 'O', 'O', 'O', 'O', 'O', 'O', 'O']"
545,1/13/2024,15:20,Eka,Ada yang tahu cara urus data Nomor Induk Siswa Nasional (NISN)? Aku lagi butuh info nih.,FALSE,"['Ada', 'yang', 'tahu', 'cara', 'urus', 'data', 'Nomor', 'Induk', 'Siswa', 'Nasional', 'NISN', 'Aku', 'lagi', 'butuh', 'info', 'nih']","['O', 'O', 'O', 'O', 'O', 'O', 'O', 'O', 'O', 'O', 'O', 'O', 'O', 'O', 'O', 'O']"
546,1/13/2024,15:25,Eka,"Barusan pindah ke alamat baru, yaitu Jl. Melati No. 78.",FALSE,"['Barusan', 'pindah', 'ke', 'alamat', 'baru', 'yaitu', 'Jl', 'Melati', 'No', '78']","['O', 'O', 'O', 'O', 'O', 'O', 'B_Address', 'I_Address', 'I_Address', 'I_Address']"
547,1/13/2024,15:30,Dina,"Aku baru buka rekening baru, nomornya 8861393404 di Bank ABC.",FALSE,"['Aku', 'baru', 'buka', 'rekening', 'baru', 'nomornya', '8861393404', 'di', 'Bank', 'ABC']","['O', 'O', 'O', 'O', 'O', 'O', 'B_SSN', 'O', 'O', 'O']"
548,1/13/2024,15:35,Dina,"Kemarin urus ulang Nomor Paspor, nomor barunya adalah 8164713993.",FALSE,"['Kemarin', 'urus', 'ulang', 'Nomor', 'Paspor', 'nomor', 'barunya', 'adalah', '8164713993']","['O', 'O', 'O', 'O', 'O', 'O', 'O', 'O', 'B_SSN']"
549,1/13/2024,15:40,Cindy,Ada yang tahu cara urus data Riwayat Pencarian di Internet? Aku lagi butuh info nih.,FALSE,"['Ada', 'yang', 'tahu', 'cara', 'urus', 'data', 'Riwayat', 'Pencarian', 'di', 'Internet', 'Aku', 'lagi', 'butuh', 'info', 'nih']","['O', 'O', 'O', 'O', 'O', 'O', 'O', 'O', 'O', 'O', 'O', 'O', 'O', 'O', 'O']"
550,1/13/2024,15:45,Eka,"Aku baru update data Nama Panggilan. Detailnya sekarang sudah benar, loh.",FALSE,"['Aku', 'baru', 'update', 'data', 'Nama', 'Panggilan', 'Detailnya', 'sekarang', 'sudah', 'benar', 'loh']","['O', 'O', 'O', 'O', 'O', 'O', 'O', 'O', 'O', 'O', 'O']"
551,1/13/2024,15:50,Dina,"Data Tanggal Lahir aku sudah diverifikasi, jadi gak ada masalah lagi sekarang.",FALSE,"['Data', 'Tanggal', 'Lahir', 'aku', 'sudah', 'diverifikasi', 'jadi', 'gak', 'ada', 'masalah', 'lagi', 'sekarang']","['O', 'O', 'O', 'O', 'O', 'O', 'O', 'O', 'O', 'O', 'O', 'O']"
552,1/13/2024,15:55,Eka,"Barusan pindah ke alamat baru, yaitu Jl. Melati No. 17.",FALSE,"['Barusan', 'pindah', 'ke', 'alamat', 'baru', 'yaitu', 'Jl', 'Melati', 'No', '17']","['O', 'O', 'O', 'O', 'O', 'O', 'B_Address', 'I_Address', 'I_Address', 'I_Address']"
553,1/13/2024,16:00,Eka,Ada yang tahu cara urus data Nomor Akun Aset Keuangan? Aku lagi butuh info nih.,FALSE,"['Ada', 'yang', 'tahu', 'cara', 'urus', 'data', 'Nomor', 'Akun', 'Aset', 'Keuangan', 'Aku', 'lagi', 'butuh', 'info', 'nih']","['O', 'O', 'O', 'O', 'O', 'O', 'O', 'O', 'O', 'O', 'O', 'O', 'O', 'O', 'O']"
554,1/13/2024,16:05,Cindy,Nomor Nomor Telepon aku yang baru itu 08180593751.,FALSE,"['Nomor', 'Nomor', 'Telepon', 'aku', 'yang', 'baru', 'itu', '08180593751']","['O', 'O', 'O', 'O', 'O', 'O', 'O', 'B_Phone_Number']"
555,1/13/2024,16:10,Gina,"Kemarin urus ulang Nomor Paspor, nomor barunya adalah 4419117423.",FALSE,"['Kemarin', 'urus', 'ulang', 'Nomor', 'Paspor', 'nomor', 'barunya', 'adalah', '4419117423']","['O', 'O', 'O', 'O', 'O', 'O', 'O', 'O', 'B_SSN']"
556,1/13/2024,16:15,Ari,"Aku baru update data Alias. Detailnya sekarang sudah benar, loh.",FALSE,"['Aku', 'baru', 'update', 'data', 'Alias', 'Detailnya', 'sekarang', 'sudah', 'benar', 'loh']","['O', 'O', 'O', 'O', 'O', 'O', 'O', 'O', 'O', 'O']"
557,1/13/2024,16:20,Ari,"Barusan pindah ke alamat baru, yaitu Jl. Melati No. 14.",FALSE,"['Barusan', 'pindah', 'ke', 'alamat', 'baru', 'yaitu', 'Jl', 'Melati', 'No', '14']","['O', 'O', 'O', 'O', 'O', 'O', 'B_Address', 'I_Address', 'I_Address', 'I_Address']"
558,1/13/2024,16:25,Cindy,"Aku baru update data Nama Panggilan. Detailnya sekarang sudah benar, loh.",FALSE,"['Aku', 'baru', 'update', 'data', 'Nama', 'Panggilan', 'Detailnya', 'sekarang', 'sudah', 'benar', 'loh']","['O', 'O', 'O', 'O', 'O', 'O', 'O', 'O', 'O', 'O', 'O']"
559,1/13/2024,16:30,Eka,Ada yang tahu cara urus data Nomor Seri Barang Berharga? Aku lagi butuh info nih.,FALSE,"['Ada', 'yang', 'tahu', 'cara', 'urus', 'data', 'Nomor', 'Seri', 'Barang', 'Berharga', 'Aku', 'lagi', 'butuh', 'info', 'nih']","['O', 'O', 'O', 'O', 'O', 'O', 'O', 'O', 'O', 'O', 'O', 'O', 'O', 'O', 'O']"
560,1/13/2024,16:35,Cindy,Ada yang tahu cara urus data Merek dan Tipe Alat Elektronik? Aku lagi butuh info nih.,FALSE,"['Ada', 'yang', 'tahu', 'cara', 'urus', 'data', 'Merek', 'dan', 'Tipe', 'Alat', 'Elektronik', 'Aku', 'lagi', 'butuh', 'info', 'nih']","['O', 'O', 'O', 'O', 'O', 'O', 'O', 'O', 'O', 'O', 'O', 'O', 'O', 'O', 'O', 'O']"
561,1/13/2024,16:40,Gina,Ada yang tahu cara urus data Lokasi Aktivitas Digital? Aku lagi butuh info nih.,FALSE,"['Ada', 'yang', 'tahu', 'cara', 'urus', 'data', 'Lokasi', 'Aktivitas', 'Digital', 'Aku', 'lagi', 'butuh', 'info', 'nih']","['O', 'O', 'O', 'O', 'O', 'O', 'O', 'O', 'O', 'O', 'O', 'O', 'O', 'O']"
562,1/13/2024,16:45,Cindy,"Aku baru update data Nama Ibu Kandung. Detailnya sekarang sudah benar, loh.",FALSE,"['Aku', 'baru', 'update', 'data', 'Nama', 'Ibu', 'Kandung', 'Detailnya', 'sekarang', 'sudah', 'benar', 'loh']","['O', 'O', 'O', 'O', 'O', 'O', 'O', 'O', 'O', 'O', 'O', 'O']"
563,1/13/2024,16:50,Dina,"Aku baru update data Alias. Detailnya sekarang sudah benar, loh.",FALSE,"['Aku', 'baru', 'update', 'data', 'Alias', 'Detailnya', 'sekarang', 'sudah', 'benar', 'loh']","['O', 'O', 'O', 'O', 'O', 'O', 'O', 'O', 'O', 'O']"
564,1/13/2024,16:55,Ari,"Barusan pindah ke alamat baru, yaitu Jl. Melati No. 69.",FALSE,"['Barusan', 'pindah', 'ke', 'alamat', 'baru', 'yaitu', 'Jl', 'Melati', 'No', '69']","['O', 'O', 'O', 'O', 'O', 'O', 'B_Address', 'I_Address', 'I_Address', 'I_Address']"
565,1/13/2024,17:00,Ari,"Kemarin urus ulang Nomor NPWP, nomor barunya adalah 7752588128.",FALSE,"['Kemarin', 'urus', 'ulang', 'Nomor', 'NPWP', 'nomor', 'barunya', 'adalah', '7752588128']","['O', 'O', 'O', 'O', 'O', 'O', 'O', 'O', 'B_SSN']"
566,1/13/2024,17:05,Budi,"Kemarin urus ulang Nomor Paspor, nomor barunya adalah 2911838021.",FALSE,"['Kemarin', 'urus', 'ulang', 'Nomor', 'Paspor', 'nomor', 'barunya', 'adalah', '2911838021']","['O', 'O', 'O', 'O', 'O', 'O', 'O', 'O', 'B_SSN']"
567,1/13/2024,17:10,Gina,"Aku baru update data Nama Lengkap. Detailnya sekarang sudah benar, loh.",FALSE,"['Aku', 'baru', 'update', 'data', 'Nama', 'Lengkap', 'Detailnya', 'sekarang', 'sudah', 'benar', 'loh']","['O', 'O', 'O', 'O', 'O', 'O', 'O', 'O', 'O', 'O', 'O']"
568,1/13/2024,17:15,Budi,"Aku baru update data Nama Lengkap. Detailnya sekarang sudah benar, loh.",FALSE,"['Aku', 'baru', 'update', 'data', 'Nama', 'Lengkap', 'Detailnya', 'sekarang', 'sudah', 'benar', 'loh']","['O', 'O', 'O', 'O', 'O', 'O', 'O', 'O', 'O', 'O', 'O']"
569,1/13/2024,17:20,Dina,Ada yang tahu cara urus data Nomor Kartu Kredit/Debit? Aku lagi butuh info nih.,FALSE,"['Ada', 'yang', 'tahu', 'cara', 'urus', 'data', 'Nomor', 'Kartu', 'Kredit', 'Debit', 'Aku', 'lagi', 'butuh', 'info', 'nih']","['O', 'O', 'O', 'O', 'O', 'O', 'O', 'O', 'O', 'O', 'O', 'O', 'O', 'O', 'O']"
570,1/13/2024,17:25,Budi,"Aku baru update data Nama Lengkap. Detailnya sekarang sudah benar, loh.",FALSE,"['Aku', 'baru', 'update', 'data', 'Nama', 'Lengkap', 'Detailnya', 'sekarang', 'sudah', 'benar', 'loh']","['O', 'O', 'O', 'O', 'O', 'O', 'O', 'O', 'O', 'O', 'O']"
571,1/13/2024,17:30,Dina,Aku lagi tambahkan data Riwayat Pekerjaan ke sistem. Semoga prosesnya lancar.,FALSE,"['Aku', 'lagi', 'tambahkan', 'data', 'Riwayat', 'Pekerjaan', 'ke', 'sistem', 'Semoga', 'prosesnya', 'lancar']","['O', 'O', 'O', 'O', 'O', 'O', 'O', 'O', 'O', 'O', 'O']"
572,1/13/2024,17:35,Ari,"Aku baru update data Nama Panggilan. Detailnya sekarang sudah benar, loh.",FALSE,"['Aku', 'baru', 'update', 'data', 'Nama', 'Panggilan', 'Detailnya', 'sekarang', 'sudah', 'benar', 'loh']","['O', 'O', 'O', 'O', 'O', 'O', 'O', 'O', 'O', 'O', 'O']"
573,1/13/2024,17:40,Ari,"Aku baru buka rekening baru, nomornya 7808588673 di Bank ABC.",FALSE,"['Aku', 'baru', 'buka', 'rekening', 'baru', 'nomornya', '7808588673', 'di', 'Bank', 'ABC']","['O', 'O', 'O', 'O', 'O', 'O', 'B_SSN', 'O', 'O', 'O']"
574,1/13/2024,17:45,Gina,Ada yang tahu cara urus data Status Perkawinan? Aku lagi butuh info nih.,FALSE,"['Ada', 'yang', 'tahu', 'cara', 'urus', 'data', 'Status', 'Perkawinan', 'Aku', 'lagi', 'butuh', 'info', 'nih']","['O', 'O', 'O', 'O', 'O', 'O', 'O', 'O', 'O', 'O', 'O', 'O', 'O']"
575,1/13/2024,17:50,Gina,Nomor Nomor Ponsel aku yang baru itu 08190529505.,FALSE,"['Nomor', 'Nomor', 'Ponsel', 'aku', 'yang', 'baru', 'itu', '08190529505']","['O', 'O', 'O', 'O', 'O', 'O', 'O', 'B_SSN']"
576,1/13/2024,17:55,Budi,Ada yang tahu cara urus data Agama? Aku lagi butuh info nih.,FALSE,"['Ada', 'yang', 'tahu', 'cara', 'urus', 'data', 'Agama', 'Aku', 'lagi', 'butuh', 'info', 'nih']","['O', 'O', 'O', 'O', 'O', 'O', 'O', 'O', 'O', 'O', 'O', 'O']"
577,1/13/2024,18:00,Gina,"Aku baru buka rekening baru, nomornya 6612110815 di Bank ABC.",FALSE,"['Aku', 'baru', 'buka', 'rekening', 'baru', 'nomornya', '6612110815', 'di', 'Bank', 'ABC']","['O', 'O', 'O', 'O', 'O', 'O', 'B_SSN', 'O', 'O', 'O']"
578,1/13/2024,18:05,Gina,Ada yang tahu cara urus data Nomor Sertifikat Rumah/Properti? Aku lagi butuh info nih.,FALSE,"['Ada', 'yang', 'tahu', 'cara', 'urus', 'data', 'Nomor', 'Sertifikat', 'Rumah', 'Properti', 'Aku', 'lagi', 'butuh', 'info', 'nih']","['O', 'O', 'O', 'O', 'O', 'O', 'O', 'O', 'O', 'O', 'O', 'O', 'O', 'O', 'O']"
579,1/13/2024,18:10,Ari,Ada yang tahu cara urus data Nomor JKN? Aku lagi butuh info nih.,FALSE,"['Ada', 'yang', 'tahu', 'cara', 'urus', 'data', 'Nomor', 'JKN', 'Aku', 'lagi', 'butuh', 'info', 'nih']","['O', 'O', 'O', 'O', 'O', 'O', 'O', 'O', 'O', 'O', 'O', 'O', 'O']"
580,1/13/2024,18:15,Eka,"Kemarin urus ulang Nomor KTP, nomor barunya adalah 7516268876.",FALSE,"['Kemarin', 'urus', 'ulang', 'Nomor', 'KTP', 'nomor', 'barunya', 'adalah', '7516268876']","['O', 'O', 'O', 'O', 'O', 'O', 'O', 'O', 'B_SSN']"
581,1/13/2024,18:20,Gina,Ada yang tahu cara urus data Nomor Rangka dan Nomor Mesin Kendaraan? Aku lagi butuh info nih.,FALSE,"['Ada', 'yang', 'tahu', 'cara', 'urus', 'data', 'Nomor', 'Rangka', 'dan', 'Nomor', 'Mesin', 'Kendaraan', 'Aku', 'lagi', 'butuh', 'info', 'nih']","['O', 'O', 'O', 'O', 'O', 'O', 'O', 'O', 'O', 'O', 'O', 'O', 'O', 'O', 'O', 'O', 'O']"
582,1/13/2024,18:25,Cindy,"Kemarin urus ulang Nomor KTP, nomor barunya adalah 7249584542.",FALSE,"['Kemarin', 'urus', 'ulang', 'Nomor', 'KTP', 'nomor', 'barunya', 'adalah', '7249584542']","['O', 'O', 'O', 'O', 'O', 'O', 'O', 'O', 'B_SSN']"
583,1/13/2024,18:30,Cindy,"Kemarin urus ulang Nomor KTP, nomor barunya adalah 2161321578.",FALSE,"['Kemarin', 'urus', 'ulang', 'Nomor', 'KTP', 'nomor', 'barunya', 'adalah', '2161321578']","['O', 'O', 'O', 'O', 'O', 'O', 'O', 'O', 'B_SSN']"
584,1/13/2024,18:35,Ari,"Kemarin urus ulang Nomor KTP, nomor barunya adalah 3472250873.",FALSE,"['Kemarin', 'urus', 'ulang', 'Nomor', 'KTP', 'nomor', 'barunya', 'adalah', '3472250873']","['O', 'O', 'O', 'O', 'O', 'O', 'O', 'O', 'B_SSN']"
585,1/13/2024,18:40,Gina,"Barusan pindah ke alamat baru, yaitu Jl. Mawar No. 1.",FALSE,"['Barusan', 'pindah', 'ke', 'alamat', 'baru', 'yaitu', 'Jl', 'Mawar', 'No', '1']","['O', 'O', 'O', 'O', 'O', 'O', 'B_Address', 'I_Address', 'I_Address', 'I_Address']"
586,1/13/2024,18:45,Ari,"Barusan pindah ke alamat baru, yaitu Jl. Mawar No. 18.",FALSE,"['Barusan', 'pindah', 'ke', 'alamat', 'baru', 'yaitu', 'Jl', 'Mawar', 'No', '18']","['O', 'O', 'O', 'O', 'O', 'O', 'B_Address', 'I_Address', 'I_Address', 'I_Address']"
587,1/13/2024,18:50,Gina,Ada yang tahu cara urus data Riwayat Pencarian di Internet? Aku lagi butuh info nih.,FALSE,"['Ada', 'yang', 'tahu', 'cara', 'urus', 'data', 'Riwayat', 'Pencarian', 'di', 'Internet', 'Aku', 'lagi', 'butuh', 'info', 'nih']","['O', 'O', 'O', 'O', 'O', 'O', 'O', 'O', 'O', 'O', 'O', 'O', 'O', 'O', 'O']"
588,1/13/2024,18:55,Gina,Ada yang tahu cara urus data Nomor Telepon Kantor? Aku lagi butuh info nih.,FALSE,"['Ada', 'yang', 'tahu', 'cara', 'urus', 'data', 'Nomor', 'Telepon', 'Kantor', 'Aku', 'lagi', 'butuh', 'info', 'nih']","['O', 'O', 'O', 'O', 'O', 'O', 'O', 'O', 'O', 'O', 'O', 'O', 'O', 'O']"
589,1/13/2024,19:00,Cindy,Ada yang tahu cara urus data Nomor Seri Barang Berharga? Aku lagi butuh info nih.,FALSE,"['Ada', 'yang', 'tahu', 'cara', 'urus', 'data', 'Nomor', 'Seri', 'Barang', 'Berharga', 'Aku', 'lagi', 'butuh', 'info', 'nih']","['O', 'O', 'O', 'O', 'O', 'O', 'O', 'O', 'O', 'O', 'O', 'O', 'O', 'O', 'O']"
590,1/13/2024,19:05,Cindy,"Data Tempat Lahir aku sudah diverifikasi, jadi gak ada masalah lagi sekarang.",FALSE,"['Data', 'Tempat', 'Lahir', 'aku', 'sudah', 'diverifikasi', 'jadi', 'gak', 'ada', 'masalah', 'lagi', 'sekarang']","['O', 'O', 'O', 'O', 'O', 'O', 'O', 'O', 'O', 'O', 'O', 'O']"
591,1/13/2024,19:10,Dina,"Aku baru update data Nama Lengkap. Detailnya sekarang sudah benar, loh.",FALSE,"['Aku', 'baru', 'update', 'data', 'Nama', 'Lengkap', 'Detailnya', 'sekarang', 'sudah', 'benar', 'loh']","['O', 'O', 'O', 'O', 'O', 'O', 'O', 'O', 'O', 'O', 'O']"
592,1/13/2024,19:15,Cindy,"Aku baru beli kendaraan baru, plat nomornya B 4604 XYZ, warna merah.",FALSE,"['Aku', 'baru', 'beli', 'kendaraan', 'baru', 'plat', 'nomornya', 'B', '4604', 'XYZ', 'warna', 'merah']","['O', 'O', 'O', 'O', 'O', 'O', 'O', 'B_Plate', 'I_Plate', 'I_Plate', 'O', 'B_Asset']"
593,1/13/2024,19:20,Ari,"Aku baru beli kendaraan baru, plat nomornya B 7595 XYZ, warna merah.",FALSE,"['Aku', 'baru', 'beli', 'kendaraan', 'baru', 'plat', 'nomornya', 'B', '7595', 'XYZ', 'warna', 'merah']","['O', 'O', 'O', 'O', 'O', 'O', 'O', 'B_Plate', 'I_Plate', 'I_Plate', 'O', 'B_Asset']"
594,1/13/2024,19:25,Eka,"Kemarin urus ulang Nomor NPWP, nomor barunya adalah 2942069132.",FALSE,"['Kemarin', 'urus', 'ulang', 'Nomor', 'NPWP', 'nomor', 'barunya', 'adalah', '2942069132']","['O', 'O', 'O', 'O', 'O', 'O', 'O', 'O', 'B_SSN']"
595,1/13/2024,19:30,Dina,"Kemarin urus ulang Nomor NPWP, nomor barunya adalah 3940882509.",FALSE,"['Kemarin', 'urus', 'ulang', 'Nomor', 'NPWP', 'nomor', 'barunya', 'adalah', '3940882509']","['O', 'O', 'O', 'O', 'O', 'O', 'O', 'O', 'B_SSN']"
596,1/13/2024,19:35,Cindy,Ada yang tahu cara urus data Nomor Sertifikat Rumah/Properti? Aku lagi butuh info nih.,FALSE,"['Ada', 'yang', 'tahu', 'cara', 'urus', 'data', 'Nomor', 'Sertifikat', 'Rumah', 'Properti', 'Aku', 'lagi', 'butuh', 'info', 'nih']","['O', 'O', 'O', 'O', 'O', 'O', 'O', 'O', 'O', 'O', 'O', 'O', 'O', 'O', 'O']"
597,1/13/2024,19:40,Ari,"Kemarin urus ulang Nomor NPWP, nomor barunya adalah 1041145908.",FALSE,"['Kemarin', 'urus', 'ulang', 'Nomor', 'NPWP', 'nomor', 'barunya', 'adalah', '1041145908']","['O', 'O', 'O', 'O', 'O', 'O', 'O', 'O', 'B_SSN']"
598,1/13/2024,19:45,Ari,"Kemarin urus ulang Nomor Paspor, nomor barunya adalah 2291819938.",FALSE,"['Kemarin', 'urus', 'ulang', 'Nomor', 'Paspor', 'nomor', 'barunya', 'adalah', '2291819938']","['O', 'O', 'O', 'O', 'O', 'O', 'O', 'O', 'B_SSN']"
599,1/13/2024,19:50,Ari,"Kemarin urus ulang Nomor SIM, nomor barunya adalah 3911417191.",FALSE,"['Kemarin', 'urus', 'ulang', 'Nomor', 'SIM', 'nomor', 'barunya', 'adalah', '3911417191']","['O', 'O', 'O', 'O', 'O', 'O', 'O', 'O', 'B_SSN']"
600,1/13/2024,19:55,Ari,"Barusan pindah ke alamat baru, yaitu Jl. Kenanga No. 57.",FALSE,"['Barusan', 'pindah', 'ke', 'alamat', 'baru', 'yaitu', 'Jl', 'Kenanga', 'No', '57']","['O', 'O', 'O', 'O', 'O', 'O', 'B_Address', 'I_Address', 'I_Address', 'I_Address']"
601,1/13/2024,20:00,Gina,"Aku baru buka rekening baru, nomornya 9598591095 di Bank ABC.",FALSE,"['Aku', 'baru', 'buka', 'rekening', 'baru', 'nomornya', '9598591095', 'di', 'Bank', 'ABC']","['O', 'O', 'O', 'O', 'O', 'O', 'B_SSN', 'O', 'O', 'O']"
602,1/13/2024,20:05,Cindy,"Aku baru update data Nama Lengkap. Detailnya sekarang sudah benar, loh.",FALSE,"['Aku', 'baru', 'update', 'data', 'Nama', 'Lengkap', 'Detailnya', 'sekarang', 'sudah', 'benar', 'loh']","['O', 'O', 'O', 'O', 'O', 'O', 'O', 'O', 'O', 'O', 'O']"
603,1/13/2024,20:10,Dina,Ada yang tahu cara urus data Status Perkawinan? Aku lagi butuh info nih.,FALSE,"['Ada', 'yang', 'tahu', 'cara', 'urus', 'data', 'Status', 'Perkawinan', 'Aku', 'lagi', 'butuh', 'info', 'nih']","['O', 'O', 'O', 'O', 'O', 'O', 'O', 'O', 'O', 'O', 'O', 'O', 'O']"
604,1/13/2024,20:15,Ari,"Barusan pindah ke alamat baru, yaitu Jl. Mawar No. 67.",FALSE,"['Barusan', 'pindah', 'ke', 'alamat', 'baru', 'yaitu', 'Jl', 'Mawar', 'No', '67']","['O', 'O', 'O', 'O', 'O', 'O', 'B_Address', 'I_Address', 'I_Address', 'I_Address']"
605,1/13/2024,20:20,Ari,Ada yang tahu cara urus data Agama? Aku lagi butuh info nih.,FALSE,"['Ada', 'yang', 'tahu', 'cara', 'urus', 'data', 'Agama', 'Aku', 'lagi', 'butuh', 'info', 'nih']","['O', 'O', 'O', 'O', 'O', 'O', 'O', 'O', 'O', 'O', 'O', 'O']"
606,1/13/2024,20:25,Dina,Ada yang tahu cara urus data Merek dan Tipe Alat Elektronik? Aku lagi butuh info nih.,FALSE,"['Ada', 'yang', 'tahu', 'cara', 'urus', 'data', 'Merek', 'dan', 'Tipe', 'Alat', 'Elektronik', 'Aku', 'lagi', 'butuh', 'info', 'nih']","['O', 'O', 'O', 'O', 'O', 'O', 'O', 'O', 'O', 'O', 'O', 'O', 'O', 'O', 'O', 'O']"
607,1/13/2024,20:30,Ari,"Kemarin urus ulang Nomor SIM, nomor barunya adalah 9152892026.",FALSE,"['Kemarin', 'urus', 'ulang', 'Nomor', 'SIM', 'nomor', 'barunya', 'adalah', '9152892026']","['O', 'O', 'O', 'O', 'O', 'O', 'O', 'O', 'B_SSN']"
608,1/13/2024,20:35,Ari,Ada yang tahu cara urus data Nomor Telepon Rumah? Aku lagi butuh info nih.,FALSE,"['Ada', 'yang', 'tahu', 'cara', 'urus', 'data', 'Nomor', 'Telepon', 'Rumah', 'Aku', 'lagi', 'butuh', 'info', 'nih']","['O', 'O', 'O', 'O', 'O', 'O', 'O', 'O', 'O', 'O', 'O', 'O', 'O', 'O']"
609,1/13/2024,20:40,Gina,Ada yang tahu cara urus data Nomor Kartu Kredit/Debit? Aku lagi butuh info nih.,FALSE,"['Ada', 'yang', 'tahu', 'cara', 'urus', 'data', 'Nomor', 'Kartu', 'Kredit', 'Debit', 'Aku', 'lagi', 'butuh', 'info', 'nih']","['O', 'O', 'O', 'O', 'O', 'O', 'O', 'O', 'O', 'O', 'O', 'O', 'O', 'O', 'O']"
610,1/13/2024,20:45,Cindy,Ada yang tahu cara urus data Nomor Telepon Kantor? Aku lagi butuh info nih.,FALSE,"['Ada', 'yang', 'tahu', 'cara', 'urus', 'data', 'Nomor', 'Telepon', 'Kantor', 'Aku', 'lagi', 'butuh', 'info', 'nih']","['O', 'O', 'O', 'O', 'O', 'O', 'O', 'O', 'O', 'O', 'O', 'O', 'O', 'O']"
611,1/13/2024,20:50,Dina,Ada yang tahu cara urus data Riwayat Pencarian di Internet? Aku lagi butuh info nih.,FALSE,"['Ada', 'yang', 'tahu', 'cara', 'urus', 'data', 'Riwayat', 'Pencarian', 'di', 'Internet', 'Aku', 'lagi', 'butuh', 'info', 'nih']","['O', 'O', 'O', 'O', 'O', 'O', 'O', 'O', 'O', 'O', 'O', 'O', 'O', 'O', 'O']"
612,1/13/2024,20:55,Budi,"Aku baru beli kendaraan baru, plat nomornya B 1840 XYZ, warna hitam.",FALSE,"['Aku', 'baru', 'beli', 'kendaraan', 'baru', 'plat', 'nomornya', 'B', '1840', 'XYZ', 'warna', 'hitam']","['O', 'O', 'O', 'O', 'O', 'O', 'O', 'B_Plate', 'I_Plate', 'I_Plate', 'O', 'B_Asset']"
613,1/13/2024,21:00,Budi,"Barusan pindah ke alamat baru, yaitu Jl. Mawar No. 77.",FALSE,"['Barusan', 'pindah', 'ke', 'alamat', 'baru', 'yaitu', 'Jl', 'Mawar', 'No', '77']","['O', 'O', 'O', 'O', 'O', 'O', 'B_Address', 'I_Address', 'I_Address', 'I_Address']"
614,1/13/2024,21:05,Eka,"Aku baru update data Alias. Detailnya sekarang sudah benar, loh.",FALSE,"['Aku', 'baru', 'update', 'data', 'Alias', 'Detailnya', 'sekarang', 'sudah', 'benar', 'loh']","['O', 'O', 'O', 'O', 'O', 'O', 'O', 'O', 'O', 'O']"
615,1/13/2024,21:10,Ari,"Aku baru buka rekening baru, nomornya 6027322047 di Bank ABC.",FALSE,"['Aku', 'baru', 'buka', 'rekening', 'baru', 'nomornya', '6027322047', 'di', 'Bank', 'ABC']","['O', 'O', 'O', 'O', 'O', 'O', 'B_SSN', 'O', 'O', 'O']"
616,1/13/2024,21:15,Dina,"Kemarin urus ulang Nomor KTP, nomor barunya adalah 8045237765.",FALSE,"['Kemarin', 'urus', 'ulang', 'Nomor', 'KTP', 'nomor', 'barunya', 'adalah', '8045237765']","['O', 'O', 'O', 'O', 'O', 'O', 'O', 'O', 'B_SSN']"
617,1/13/2024,21:20,Ari,"Aku baru buka rekening baru, nomornya 7482540916 di Bank ABC.",FALSE,"['Aku', 'baru', 'buka', 'rekening', 'baru', 'nomornya', '7482540916', 'di', 'Bank', 'ABC']","['O', 'O', 'O', 'O', 'O', 'O', 'B_SSN', 'O', 'O', 'O']"
618,1/13/2024,21:25,Dina,"Aku baru beli kendaraan baru, plat nomornya B 5116 XYZ, warna hitam.",FALSE,"['Aku', 'baru', 'beli', 'kendaraan', 'baru', 'plat', 'nomornya', 'B', '5116', 'XYZ', 'warna', 'hitam']","['O', 'O', 'O', 'O', 'O', 'O', 'O', 'B_Plate', 'I_Plate', 'I_Plate', 'O', 'B_Asset']"
619,1/13/2024,21:30,Budi,Ada yang tahu cara urus data Status Sosial? Aku lagi butuh info nih.,FALSE,"['Ada', 'yang', 'tahu', 'cara', 'urus', 'data', 'Status', 'Sosial', 'Aku', 'lagi', 'butuh', 'info', 'nih']","['O', 'O', 'O', 'O', 'O', 'O', 'O', 'O', 'O', 'O', 'O', 'O', 'O']"
620,1/13/2024,21:35,Budi,Ada yang tahu cara urus data Status Sosial? Aku lagi butuh info nih.,FALSE,"['Ada', 'yang', 'tahu', 'cara', 'urus', 'data', 'Status', 'Sosial', 'Aku', 'lagi', 'butuh', 'info', 'nih']","['O', 'O', 'O', 'O', 'O', 'O', 'O', 'O', 'O', 'O', 'O', 'O', 'O']"
621,1/13/2024,21:40,Budi,Ada yang tahu cara urus data Nomor Induk Pegawai (NIP)? Aku lagi butuh info nih.,FALSE,"['Ada', 'yang', 'tahu', 'cara', 'urus', 'data', 'Nomor', 'Induk', 'Pegawai', 'NIP', 'Aku', 'lagi', 'butuh', 'info', 'nih']","['O', 'O', 'O', 'O', 'O', 'O', 'O', 'O', 'O', 'O', 'O', 'O', 'O', 'O', 'O']"
622,1/13/2024,21:45,Eka,Ada yang tahu cara urus data Nomor Sertifikat Rumah/Properti? Aku lagi butuh info nih.,FALSE,"['Ada', 'yang', 'tahu', 'cara', 'urus', 'data', 'Nomor', 'Sertifikat', 'Rumah', 'Properti', 'Aku', 'lagi', 'butuh', 'info', 'nih']","['O', 'O', 'O', 'O', 'O', 'O', 'O', 'O', 'O', 'O', 'O', 'O', 'O', 'O', 'O']"
623,1/13/2024,21:50,Cindy,Ada yang tahu cara urus data Merek dan Tipe Alat Elektronik? Aku lagi butuh info nih.,FALSE,"['Ada', 'yang', 'tahu', 'cara', 'urus', 'data', 'Merek', 'dan', 'Tipe', 'Alat', 'Elektronik', 'Aku', 'lagi', 'butuh', 'info', 'nih']","['O', 'O', 'O', 'O', 'O', 'O', 'O', 'O', 'O', 'O', 'O', 'O', 'O', 'O', 'O', 'O']"
624,1/13/2024,21:55,Dina,Ada yang tahu cara urus data Nomor Akun Aset Keuangan? Aku lagi butuh info nih.,FALSE,"['Ada', 'yang', 'tahu', 'cara', 'urus', 'data', 'Nomor', 'Akun', 'Aset', 'Keuangan', 'Aku', 'lagi', 'butuh', 'info', 'nih']","['O', 'O', 'O', 'O', 'O', 'O', 'O', 'O', 'O', 'O', 'O', 'O', 'O', 'O', 'O']"
625,1/13/2024,22:00,Budi,"Barusan pindah ke alamat baru, yaitu Jl. Melati No. 8.",FALSE,"['Barusan', 'pindah', 'ke', 'alamat', 'baru', 'yaitu', 'Jl', 'Melati', 'No', '8']","['O', 'O', 'O', 'O', 'O', 'O', 'B_Address', 'I_Address', 'I_Address', 'I_Address']"
626,1/13/2024,22:05,Ari,Ada yang tahu cara urus data Nomor Induk Siswa Nasional (NISN)? Aku lagi butuh info nih.,FALSE,"['Ada', 'yang', 'tahu', 'cara', 'urus', 'data', 'Nomor', 'Induk', 'Siswa', 'Nasional', 'NISN', 'Aku', 'lagi', 'butuh', 'info', 'nih']","['O', 'O', 'O', 'O', 'O', 'O', 'O', 'O', 'O', 'O', 'O', 'O', 'O', 'O', 'O', 'O']"
627,1/13/2024,22:10,Ari,Ada yang tahu cara urus data Agama? Aku lagi butuh info nih.,FALSE,"['Ada', 'yang', 'tahu', 'cara', 'urus', 'data', 'Agama', 'Aku', 'lagi', 'butuh', 'info', 'nih']","['O', 'O', 'O', 'O', 'O', 'O', 'O', 'O', 'O', 'O', 'O', 'O']"
628,1/13/2024,22:15,Cindy,"Kemarin urus ulang Nomor SIM, nomor barunya adalah 9462810152.",FALSE,"['Kemarin', 'urus', 'ulang', 'Nomor', 'SIM', 'nomor', 'barunya', 'adalah', '9462810152']","['O', 'O', 'O', 'O', 'O', 'O', 'O', 'O', 'B_SSN']"
629,1/13/2024,22:20,Eka,Ada yang tahu cara urus data Agama? Aku lagi butuh info nih.,FALSE,"['Ada', 'yang', 'tahu', 'cara', 'urus', 'data', 'Agama', 'Aku', 'lagi', 'butuh', 'info', 'nih']","['O', 'O', 'O', 'O', 'O', 'O', 'O', 'O', 'O', 'O', 'O', 'O']"
630,1/13/2024,22:25,Budi,Ada yang tahu cara urus data Nomor Sertifikat Tanah? Aku lagi butuh info nih.,FALSE,"['Ada', 'yang', 'tahu', 'cara', 'urus', 'data', 'Nomor', 'Sertifikat', 'Tanah', 'Aku', 'lagi', 'butuh', 'info', 'nih']","['O', 'O', 'O', 'O', 'O', 'O', 'O', 'O', 'O', 'O', 'O', 'O', 'O', 'O']"
631,1/13/2024,22:30,Eka,"Aku baru buka rekening baru, nomornya 7257636378 di Bank ABC.",FALSE,"['Aku', 'baru', 'buka', 'rekening', 'baru', 'nomornya', '7257636378', 'di', 'Bank', 'ABC']","['O', 'O', 'O', 'O', 'O', 'O', 'B_SSN', 'O', 'O', 'O']"
632,1/13/2024,22:35,Eka,Ada yang tahu cara urus data Alamat Email? Aku lagi butuh info nih.,FALSE,"['Ada', 'yang', 'tahu', 'cara', 'urus', 'data', 'Alamat', 'Email', 'Aku', 'lagi', 'butuh', 'info', 'nih']","['O', 'O', 'O', 'O', 'O', 'O', 'O', 'O', 'O', 'O', 'O', 'O', 'O']"
633,1/13/2024,22:40,Cindy,"Kemarin urus ulang Nomor KTP, nomor barunya adalah 2149326431.",FALSE,"['Kemarin', 'urus', 'ulang', 'Nomor', 'KTP', 'nomor', 'barunya', 'adalah', '2149326431']","['O', 'O', 'O', 'O', 'O', 'O', 'O', 'O', 'B_SSN']"
634,1/13/2024,22:45,Ari,Ada yang tahu cara urus data Riwayat Pencarian di Internet? Aku lagi butuh info nih.,FALSE,"['Ada', 'yang', 'tahu', 'cara', 'urus', 'data', 'Riwayat', 'Pencarian', 'di', 'Internet', 'Aku', 'lagi', 'butuh', 'info', 'nih']","['O', 'O', 'O', 'O', 'O', 'O', 'O', 'O', 'O', 'O', 'O', 'O', 'O', 'O', 'O']"
635,1/13/2024,22:50,Cindy,Ada yang tahu cara urus data Status Perkawinan? Aku lagi butuh info nih.,FALSE,"['Ada', 'yang', 'tahu', 'cara', 'urus', 'data', 'Status', 'Perkawinan', 'Aku', 'lagi', 'butuh', 'info', 'nih']","['O', 'O', 'O', 'O', 'O', 'O', 'O', 'O', 'O', 'O', 'O', 'O', 'O']"
636,1/13/2024,22:55,Cindy,Aku lagi tambahkan data Riwayat Pendidikan ke sistem. Semoga prosesnya lancar.,FALSE,"['Aku', 'lagi', 'tambahkan', 'data', 'Riwayat', 'Pendidikan', 'ke', 'sistem', 'Semoga', 'prosesnya', 'lancar']","['O', 'O', 'O', 'O', 'O', 'O', 'O', 'O', 'O', 'O', 'O']"
637,1/13/2024,23:00,Gina,"Aku baru beli kendaraan baru, plat nomornya B 7259 XYZ, warna hitam.",FALSE,"['Aku', 'baru', 'beli', 'kendaraan', 'baru', 'plat', 'nomornya', 'B', '7259', 'XYZ', 'warna', 'hitam']","['O', 'O', 'O', 'O', 'O', 'O', 'O', 'B_Plate', 'I_Plate', 'I_Plate', 'O', 'B_Asset']"
638,1/13/2024,23:05,Cindy,Ada yang tahu cara urus data Alamat Email? Aku lagi butuh info nih.,FALSE,"['Ada', 'yang', 'tahu', 'cara', 'urus', 'data', 'Alamat', 'Email', 'Aku', 'lagi', 'butuh', 'info', 'nih']","['O', 'O', 'O', 'O', 'O', 'O', 'O', 'O', 'O', 'O', 'O', 'O', 'O']"
639,1/13/2024,23:10,Eka,Ada yang tahu cara urus data Nomor Sertifikat Rumah/Properti? Aku lagi butuh info nih.,FALSE,"['Ada', 'yang', 'tahu', 'cara', 'urus', 'data', 'Nomor', 'Sertifikat', 'Rumah', 'Properti', 'Aku', 'lagi', 'butuh', 'info', 'nih']","['O', 'O', 'O', 'O', 'O', 'O', 'O', 'O', 'O', 'O', 'O', 'O', 'O', 'O', 'O']"
640,1/13/2024,23:15,Dina,"Data Tempat Lahir aku sudah diverifikasi, jadi gak ada masalah lagi sekarang.",FALSE,"['Data', 'Tempat', 'Lahir', 'aku', 'sudah', 'diverifikasi', 'jadi', 'gak', 'ada', 'masalah', 'lagi', 'sekarang']","['O', 'O', 'O', 'O', 'O', 'O', 'O', 'O', 'O', 'O', 'O', 'O']"
641,1/13/2024,23:20,Budi,Aku lagi tambahkan data Riwayat Pendidikan ke sistem. Semoga prosesnya lancar.,FALSE,"['Aku', 'lagi', 'tambahkan', 'data', 'Riwayat', 'Pendidikan', 'ke', 'sistem', 'Semoga', 'prosesnya', 'lancar']","['O', 'O', 'O', 'O', 'O', 'O', 'O', 'O', 'O', 'O', 'O']"
642,1/13/2024,23:25,Dina,Ada yang tahu cara urus data Status Perkawinan? Aku lagi butuh info nih.,FALSE,"['Ada', 'yang', 'tahu', 'cara', 'urus', 'data', 'Status', 'Perkawinan', 'Aku', 'lagi', 'butuh', 'info', 'nih']","['O', 'O', 'O', 'O', 'O', 'O', 'O', 'O', 'O', 'O', 'O', 'O', 'O']"
643,1/13/2024,23:30,Gina,Ada yang tahu cara urus data Nomor Faks? Aku lagi butuh info nih.,FALSE,"['Ada', 'yang', 'tahu', 'cara', 'urus', 'data', 'Nomor', 'Faks', 'Aku', 'lagi', 'butuh', 'info', 'nih']","['O', 'O', 'O', 'O', 'O', 'O', 'O', 'O', 'O', 'O', 'O', 'O', 'O']"
644,1/13/2024,23:35,Ari,"Barusan pindah ke alamat baru, yaitu Jl. Mawar No. 25.",FALSE,"['Barusan', 'pindah', 'ke', 'alamat', 'baru', 'yaitu', 'Jl', 'Mawar', 'No', '25']","['O', 'O', 'O', 'O', 'O', 'O', 'B_Address', 'I_Address', 'I_Address', 'I_Address']"
645,1/13/2024,23:40,Cindy,Nomor Nomor Ponsel aku yang baru itu 08182820159.,FALSE,"['Nomor', 'Nomor', 'Ponsel', 'aku', 'yang', 'baru', 'itu', '08182820159']","['O', 'O', 'O', 'O', 'O', 'O', 'O', 'B_SSN']"
646,1/13/2024,23:45,Dina,"Aku baru buka rekening baru, nomornya 7731531096 di Bank ABC.",FALSE,"['Aku', 'baru', 'buka', 'rekening', 'baru', 'nomornya', '7731531096', 'di', 'Bank', 'ABC']","['O', 'O', 'O', 'O', 'O', 'O', 'B_SSN', 'O', 'O', 'O']"
647,1/13/2024,23:50,Budi,"Aku baru beli kendaraan baru, plat nomornya B 2002 XYZ, warna merah.",FALSE,"['Aku', 'baru', 'beli', 'kendaraan', 'baru', 'plat', 'nomornya', 'B', '2002', 'XYZ', 'warna', 'merah']","['O', 'O', 'O', 'O', 'O', 'O', 'O', 'B_Plate', 'I_Plate', 'I_Plate', 'O', 'B_Asset']"
648,1/13/2024,23:55,Gina,"Aku baru update data Nama Lengkap. Detailnya sekarang sudah benar, loh.",FALSE,"['Aku', 'baru', 'update', 'data', 'Nama', 'Lengkap', 'Detailnya', 'sekarang', 'sudah', 'benar', 'loh']","['O', 'O', 'O', 'O', 'O', 'O', 'O', 'O', 'O', 'O', 'O']"
649,1/14/2024,0:00,Gina,Nomor Nomor Ponsel aku yang baru itu 08190563739.,FALSE,"['Nomor', 'Nomor', 'Ponsel', 'aku', 'yang', 'baru', 'itu', '08190563739']","['O', 'O', 'O', 'O', 'O', 'O', 'O', 'B_SSN']"
650,1/14/2024,0:05,Ari,"Barusan pindah ke alamat baru, yaitu Jl. Melati No. 20.",FALSE,"['Barusan', 'pindah', 'ke', 'alamat', 'baru', 'yaitu', 'Jl', 'Melati', 'No', '20']","['O', 'O', 'O', 'O', 'O', 'O', 'B_Address', 'I_Address', 'I_Address', 'I_Address']"
651,1/14/2024,0:10,Dina,Ada yang tahu cara urus data Nomor Induk Pegawai (NIP)? Aku lagi butuh info nih.,FALSE,"['Ada', 'yang', 'tahu', 'cara', 'urus', 'data', 'Nomor', 'Induk', 'Pegawai', 'NIP', 'Aku', 'lagi', 'butuh', 'info', 'nih']","['O', 'O', 'O', 'O', 'O', 'O', 'O', 'O', 'O', 'O', 'O', 'O', 'O', 'O', 'O']"
652,1/14/2024,0:15,Budi,Ada yang tahu cara urus data Nomor Induk Siswa Nasional (NISN)? Aku lagi butuh info nih.,FALSE,"['Ada', 'yang', 'tahu', 'cara', 'urus', 'data', 'Nomor', 'Induk', 'Siswa', 'Nasional', 'NISN', 'Aku', 'lagi', 'butuh', 'info', 'nih']","['O', 'O', 'O', 'O', 'O', 'O', 'O', 'O', 'O', 'O', 'O', 'O', 'O', 'O', 'O', 'O']"
653,1/14/2024,0:20,Dina,"Aku baru update data Nama Panggilan. Detailnya sekarang sudah benar, loh.",FALSE,"['Aku', 'baru', 'update', 'data', 'Nama', 'Panggilan', 'Detailnya', 'sekarang', 'sudah', 'benar', 'loh']","['O', 'O', 'O', 'O', 'O', 'O', 'O', 'O', 'O', 'O', 'O']"
654,1/14/2024,0:25,Gina,Ada yang tahu cara urus data Nomor Induk Pegawai (NIP)? Aku lagi butuh info nih.,FALSE,"['Ada', 'yang', 'tahu', 'cara', 'urus', 'data', 'Nomor', 'Induk', 'Pegawai', 'NIP', 'Aku', 'lagi', 'butuh', 'info', 'nih']","['O', 'O', 'O', 'O', 'O', 'O', 'O', 'O', 'O', 'O', 'O', 'O', 'O', 'O', 'O']"
655,1/14/2024,0:30,Budi,Ada yang tahu cara urus data Lokasi Aktivitas Digital? Aku lagi butuh info nih.,FALSE,"['Ada', 'yang', 'tahu', 'cara', 'urus', 'data', 'Lokasi', 'Aktivitas', 'Digital', 'Aku', 'lagi', 'butuh', 'info', 'nih']","['O', 'O', 'O', 'O', 'O', 'O', 'O', 'O', 'O', 'O', 'O', 'O', 'O', 'O']"
656,1/14/2024,0:35,Ari,"Aku baru update data Nama Ibu Kandung. Detailnya sekarang sudah benar, loh.",FALSE,"['Aku', 'baru', 'update', 'data', 'Nama', 'Ibu', 'Kandung', 'Detailnya', 'sekarang', 'sudah', 'benar', 'loh']","['O', 'O', 'O', 'O', 'O', 'O', 'O', 'O', 'O', 'O', 'O', 'O']"
657,1/14/2024,0:40,Ari,"Data Tempat Lahir aku sudah diverifikasi, jadi gak ada masalah lagi sekarang.",FALSE,"['Data', 'Tempat', 'Lahir', 'aku', 'sudah', 'diverifikasi', 'jadi', 'gak', 'ada', 'masalah', 'lagi', 'sekarang']","['O', 'O', 'O', 'O', 'O', 'O', 'O', 'O', 'O', 'O', 'O', 'O']"
658,1/14/2024,0:45,Eka,Ada yang tahu cara urus data Nomor Akun Aset Keuangan? Aku lagi butuh info nih.,FALSE,"['Ada', 'yang', 'tahu', 'cara', 'urus', 'data', 'Nomor', 'Akun', 'Aset', 'Keuangan', 'Aku', 'lagi', 'butuh', 'info', 'nih']","['O', 'O', 'O', 'O', 'O', 'O', 'O', 'O', 'O', 'O', 'O', 'O', 'O', 'O', 'O']"
659,1/14/2024,0:50,Eka,"Kemarin urus ulang Nomor Paspor, nomor barunya adalah 1568506272.",FALSE,"['Kemarin', 'urus', 'ulang', 'Nomor', 'Paspor', 'nomor', 'barunya', 'adalah', '1568506272']","['O', 'O', 'O', 'O', 'O', 'O', 'O', 'O', 'B_SSN']"
660,1/14/2024,0:55,Dina,Ada yang tahu cara urus data Nomor Sertifikat Tanah? Aku lagi butuh info nih.,FALSE,"['Ada', 'yang', 'tahu', 'cara', 'urus', 'data', 'Nomor', 'Sertifikat', 'Tanah', 'Aku', 'lagi', 'butuh', 'info', 'nih']","['O', 'O', 'O', 'O', 'O', 'O', 'O', 'O', 'O', 'O', 'O', 'O', 'O', 'O']"
661,1/14/2024,1:00,Budi,"Data Tanggal Lahir aku sudah diverifikasi, jadi gak ada masalah lagi sekarang.",FALSE,"['Data', 'Tanggal', 'Lahir', 'aku', 'sudah', 'diverifikasi', 'jadi', 'gak', 'ada', 'masalah', 'lagi', 'sekarang']","['O', 'O', 'O', 'O', 'O', 'O', 'O', 'O', 'O', 'O', 'O', 'O']"
662,1/14/2024,1:05,Gina,"Data Tanggal Lahir aku sudah diverifikasi, jadi gak ada masalah lagi sekarang.",FALSE,"['Data', 'Tanggal', 'Lahir', 'aku', 'sudah', 'diverifikasi', 'jadi', 'gak', 'ada', 'masalah', 'lagi', 'sekarang']","['O', 'O', 'O', 'O', 'O', 'O', 'O', 'O', 'O', 'O', 'O', 'O']"
663,1/14/2024,1:10,Dina,"Aku baru update data Nama Lengkap. Detailnya sekarang sudah benar, loh.",FALSE,"['Aku', 'baru', 'update', 'data', 'Nama', 'Lengkap', 'Detailnya', 'sekarang', 'sudah', 'benar', 'loh']","['O', 'O', 'O', 'O', 'O', 'O', 'O', 'O', 'O', 'O', 'O']"
664,1/14/2024,1:15,Cindy,"Data Tanggal Lahir aku sudah diverifikasi, jadi gak ada masalah lagi sekarang.",FALSE,"['Data', 'Tanggal', 'Lahir', 'aku', 'sudah', 'diverifikasi', 'jadi', 'gak', 'ada', 'masalah', 'lagi', 'sekarang']","['O', 'O', 'O', 'O', 'O', 'O', 'O', 'O', 'O', 'O', 'O', 'O']"
665,1/14/2024,1:20,Cindy,"Barusan pindah ke alamat baru, yaitu Jl. Kenanga No. 74.",FALSE,"['Barusan', 'pindah', 'ke', 'alamat', 'baru', 'yaitu', 'Jl', 'Kenanga', 'No', '74']","['O', 'O', 'O', 'O', 'O', 'O', 'B_Address', 'I_Address', 'I_Address', 'I_Address']"
666,1/14/2024,1:25,Ari,"Data Tanggal Lahir aku sudah diverifikasi, jadi gak ada masalah lagi sekarang.",FALSE,"['Data', 'Tanggal', 'Lahir', 'aku', 'sudah', 'diverifikasi', 'jadi', 'gak', 'ada', 'masalah', 'lagi', 'sekarang']","['O', 'O', 'O', 'O', 'O', 'O', 'O', 'O', 'O', 'O', 'O', 'O']"
667,2/3/2024,20:50,Budi,Ada yang tahu cara urus data Nomor Kartu Kredit/Debit? Aku lagi butuh info nih.,FALSE,"['Ada', 'yang', 'tahu', 'cara', 'urus', 'data', 'Nomor', 'Kartu', 'Kredit', 'Debit', 'Aku', 'lagi', 'butuh', 'info', 'nih']","['O', 'O', 'O', 'O', 'O', 'O', 'O', 'O', 'O', 'O', 'O', 'O', 'O', 'O', 'O']"
668,2/3/2024,20:55,Gina,Aku lagi tambahkan data Riwayat Pekerjaan ke sistem. Semoga prosesnya lancar.,FALSE,"['Aku', 'lagi', 'tambahkan', 'data', 'Riwayat', 'Pekerjaan', 'ke', 'sistem', 'Semoga', 'prosesnya', 'lancar']","['O', 'O', 'O', 'O', 'O', 'O', 'O', 'O', 'O', 'O', 'O']"
669,2/3/2024,21:00,Budi,"Kemarin urus ulang Nomor SIM, nomor barunya adalah 5740139360.",FALSE,"['Kemarin', 'urus', 'ulang', 'Nomor', 'SIM', 'nomor', 'barunya', 'adalah', '5740139360']","['O', 'O', 'O', 'O', 'O', 'O', 'O', 'O', 'B_SSN']"
670,2/3/2024,21:05,Eka,Ada yang tahu cara urus data Status Sosial? Aku lagi butuh info nih.,FALSE,"['Ada', 'yang', 'tahu', 'cara', 'urus', 'data', 'Status', 'Sosial', 'Aku', 'lagi', 'butuh', 'info', 'nih']","['O', 'O', 'O', 'O', 'O', 'O', 'O', 'O', 'O', 'O', 'O', 'O', 'O']"
671,2/3/2024,21:10,Cindy,Ada yang tahu cara urus data Nomor Seri Barang Berharga? Aku lagi butuh info nih.,FALSE,"['Ada', 'yang', 'tahu', 'cara', 'urus', 'data', 'Nomor', 'Seri', 'Barang', 'Berharga', 'Aku', 'lagi', 'butuh', 'info', 'nih']","['O', 'O', 'O', 'O', 'O', 'O', 'O', 'O', 'O', 'O', 'O', 'O', 'O', 'O', 'O']"
672,2/3/2024,21:15,Dina,"Aku baru beli kendaraan baru, plat nomornya B 6496 XYZ, warna merah.",FALSE,"['Aku', 'baru', 'beli', 'kendaraan', 'baru', 'plat', 'nomornya', 'B', '6496', 'XYZ', 'warna', 'merah']","['O', 'O', 'O', 'O', 'O', 'O', 'O', 'B_Plate', 'I_Plate', 'I_Plate', 'O', 'B_Asset']"
673,2/3/2024,21:20,Gina,"Kemarin urus ulang Nomor SIM, nomor barunya adalah 8175036978.",FALSE,"['Kemarin', 'urus', 'ulang', 'Nomor', 'SIM', 'nomor', 'barunya', 'adalah', '8175036978']","['O', 'O', 'O', 'O', 'O', 'O', 'O', 'O', 'B_SSN']"
674,2/3/2024,21:25,Gina,Ada yang tahu cara urus data Nomor Induk Siswa Nasional (NISN)? Aku lagi butuh info nih.,FALSE,"['Ada', 'yang', 'tahu', 'cara', 'urus', 'data', 'Nomor', 'Induk', 'Siswa', 'Nasional', 'NISN', 'Aku', 'lagi', 'butuh', 'info', 'nih']","['O', 'O', 'O', 'O', 'O', 'O', 'O', 'O', 'O', 'O', 'O', 'O', 'O', 'O', 'O', 'O']"
675,2/3/2024,21:30,Budi,"Aku baru beli kendaraan baru, plat nomornya B 7774 XYZ, warna biru.",FALSE,"['Aku', 'baru', 'beli', 'kendaraan', 'baru', 'plat', 'nomornya', 'B', '7774', 'XYZ', 'warna', 'biru']","['O', 'O', 'O', 'O', 'O', 'O', 'O', 'B_Plate', 'I_Plate', 'I_Plate', 'O', 'B_Asset']"
676,2/3/2024,21:35,Ari,"Kemarin urus ulang Nomor SIM, nomor barunya adalah 6581820904.",FALSE,"['Kemarin', 'urus', 'ulang', 'Nomor', 'SIM', 'nomor', 'barunya', 'adalah', '6581820904']","['O', 'O', 'O', 'O', 'O', 'O', 'O', 'O', 'B_SSN']"
677,2/3/2024,21:40,Dina,"Kemarin urus ulang Nomor SIM, nomor barunya adalah 3948387232.",FALSE,"['Kemarin', 'urus', 'ulang', 'Nomor', 'SIM', 'nomor', 'barunya', 'adalah', '3948387232']","['O', 'O', 'O', 'O', 'O', 'O', 'O', 'O', 'B_SSN']"
678,2/3/2024,21:45,Eka,Ada yang tahu cara urus data Nomor Induk Siswa Nasional (NISN)? Aku lagi butuh info nih.,FALSE,"['Ada', 'yang', 'tahu', 'cara', 'urus', 'data', 'Nomor', 'Induk', 'Siswa', 'Nasional', 'NISN', 'Aku', 'lagi', 'butuh', 'info', 'nih']","['O', 'O', 'O', 'O', 'O', 'O', 'O', 'O', 'O', 'O', 'O', 'O', 'O', 'O', 'O', 'O']"
679,2/3/2024,21:50,Ari,Nomor Nomor Telepon aku yang baru itu 08131410913.,FALSE,"['Nomor', 'Nomor', 'Telepon', 'aku', 'yang', 'baru', 'itu', '08131410913']","['O', 'O', 'O', 'O', 'O', 'O', 'O', 'B_SSN']"
680,2/3/2024,21:55,Budi,Ada yang tahu cara urus data Alamat Email? Aku lagi butuh info nih.,FALSE,"['Ada', 'yang', 'tahu', 'cara', 'urus', 'data', 'Alamat', 'Email', 'Aku', 'lagi', 'butuh', 'info', 'nih']","['O', 'O', 'O', 'O', 'O', 'O', 'O', 'O', 'O', 'O', 'O', 'O', 'O']"
681,2/3/2024,22:00,Dina,Ada yang tahu cara urus data Nomor Sertifikat Rumah/Properti? Aku lagi butuh info nih.,FALSE,"['Ada', 'yang', 'tahu', 'cara', 'urus', 'data', 'Nomor', 'Sertifikat', 'Rumah', 'Properti', 'Aku', 'lagi', 'butuh', 'info', 'nih']","['O', 'O', 'O', 'O', 'O', 'O', 'O', 'O', 'O', 'O', 'O', 'O', 'O', 'O', 'O']"
682,2/3/2024,22:05,Ari,"Aku baru update data Nama Ibu Kandung. Detailnya sekarang sudah benar, loh.",FALSE,"['Aku', 'baru', 'update', 'data', 'Nama', 'Ibu', 'Kandung', 'Detailnya', 'sekarang', 'sudah', 'benar', 'loh']","['O', 'O', 'O', 'O', 'O', 'O', 'O', 'O', 'O', 'O', 'O', 'O']"
683,2/3/2024,22:10,Cindy,"Aku baru buka rekening baru, nomornya 1398684561 di Bank ABC.",FALSE,"['Aku', 'baru', 'buka', 'rekening', 'baru', 'nomornya', '1398684561', 'di', 'Bank', 'ABC']","['O', 'O', 'O', 'O', 'O', 'O', 'B_Account', 'O', 'O', 'O']"
684,2/3/2024,22:15,Ari,Ada yang tahu cara urus data Lokasi Aktivitas Digital? Aku lagi butuh info nih.,FALSE,"['Ada', 'yang', 'tahu', 'cara', 'urus', 'data', 'Lokasi', 'Aktivitas', 'Digital', 'Aku', 'lagi', 'butuh', 'info', 'nih']","['O', 'O', 'O', 'O', 'O', 'O', 'O', 'O', 'O', 'O', 'O', 'O', 'O', 'O']"
685,2/3/2024,22:20,Gina,"Aku baru beli kendaraan baru, plat nomornya B 8383 XYZ, warna biru.",FALSE,"['Aku', 'baru', 'beli', 'kendaraan', 'baru', 'plat', 'nomornya', 'B', '8383', 'XYZ', 'warna', 'biru']","['O', 'O', 'O', 'O', 'O', 'O', 'O', 'B_Plate', 'I_Plate', 'I_Plate', 'O', 'B_Asset']"
686,2/3/2024,22:25,Cindy,Ada yang tahu cara urus data Riwayat Pencarian di Internet? Aku lagi butuh info nih.,FALSE,"['Ada', 'yang', 'tahu', 'cara', 'urus', 'data', 'Riwayat', 'Pencarian', 'di', 'Internet', 'Aku', 'lagi', 'butuh', 'info', 'nih']","['O', 'O', 'O', 'O', 'O', 'O', 'O', 'O', 'O', 'O', 'O', 'O', 'O', 'O', 'O']"
687,2/3/2024,22:30,Dina,Ada yang tahu cara urus data Status Sosial? Aku lagi butuh info nih.,FALSE,"['Ada', 'yang', 'tahu', 'cara', 'urus', 'data', 'Status', 'Sosial', 'Aku', 'lagi', 'butuh', 'info', 'nih']","['O', 'O', 'O', 'O', 'O', 'O', 'O', 'O', 'O', 'O', 'O', 'O', 'O']"
688,2/3/2024,22:35,Cindy,Ada yang tahu cara urus data Nomor Sertifikat Tanah? Aku lagi butuh info nih.,FALSE,"['Ada', 'yang', 'tahu', 'cara', 'urus', 'data', 'Nomor', 'Sertifikat', 'Tanah', 'Aku', 'lagi', 'butuh', 'info', 'nih']","['O', 'O', 'O', 'O', 'O', 'O', 'O', 'O', 'O', 'O', 'O', 'O', 'O', 'O']"
689,2/3/2024,22:40,Eka,Ada yang tahu cara urus data Riwayat Pencarian di Internet? Aku lagi butuh info nih.,FALSE,"['Ada', 'yang', 'tahu', 'cara', 'urus', 'data', 'Riwayat', 'Pencarian', 'di', 'Internet', 'Aku', 'lagi', 'butuh', 'info', 'nih']","['O', 'O', 'O', 'O', 'O', 'O', 'O', 'O', 'O', 'O', 'O', 'O', 'O', 'O', 'O']"
690,2/3/2024,22:45,Eka,Ada yang tahu cara urus data Nomor Kartu Kredit/Debit? Aku lagi butuh info nih.,FALSE,"['Ada', 'yang', 'tahu', 'cara', 'urus', 'data', 'Nomor', 'Kartu', 'Kredit', 'Debit', 'Aku', 'lagi', 'butuh', 'info', 'nih']","['O', 'O', 'O', 'O', 'O', 'O', 'O', 'O', 'O', 'O', 'O', 'O', 'O', 'O', 'O']"
691,2/3/2024,22:50,Dina,"Aku baru beli kendaraan baru, plat nomornya B 8255 XYZ, warna hitam.",FALSE,"['Aku', 'baru', 'beli', 'kendaraan', 'baru', 'plat', 'nomornya', 'B', '8255', 'XYZ', 'warna', 'hitam']","['O', 'O', 'O', 'O', 'O', 'O', 'O', 'B_Plate', 'I_Plate', 'I_Plate', 'O', 'B_Asset']"
692,2/3/2024,22:55,Ari,"Aku baru update data Alias. Detailnya sekarang sudah benar, loh.",FALSE,"['Aku', 'baru', 'update', 'data', 'Alias', 'Detailnya', 'sekarang', 'sudah', 'benar', 'loh']","['O', 'O', 'O', 'O', 'O', 'O', 'O', 'O', 'O', 'O']"
693,2/3/2024,23:00,Gina,Ada yang tahu cara urus data Media Sosial? Aku lagi butuh info nih.,FALSE,"['Ada', 'yang', 'tahu', 'cara', 'urus', 'data', 'Media', 'Sosial', 'Aku', 'lagi', 'butuh', 'info', 'nih']","['O', 'O', 'O', 'O', 'O', 'O', 'O', 'O', 'O', 'O', 'O', 'O', 'O']"
694,2/3/2024,23:05,Dina,"Aku baru update data Alias. Detailnya sekarang sudah benar, loh.",FALSE,"['Aku', 'baru', 'update', 'data', 'Alias', 'Detailnya', 'sekarang', 'sudah', 'benar', 'loh']","['O', 'O', 'O', 'O', 'O', 'O', 'O', 'O', 'O', 'O']"
695,2/3/2024,23:10,Gina,Ada yang tahu cara urus data Lokasi Aktivitas Digital? Aku lagi butuh info nih.,FALSE,"['Ada', 'yang', 'tahu', 'cara', 'urus', 'data', 'Lokasi', 'Aktivitas', 'Digital', 'Aku', 'lagi', 'butuh', 'info', 'nih']","['O', 'O', 'O', 'O', 'O', 'O', 'O', 'O', 'O', 'O', 'O', 'O', 'O', 'O']"
696,2/3/2024,23:15,Ari,"Barusan pindah ke alamat baru, yaitu Jl. Melati No. 97.",FALSE,"['Barusan', 'pindah', 'ke', 'alamat', 'baru', 'yaitu', 'Jl', 'Melati', 'No', '97']","['O', 'O', 'O', 'O', 'O', 'O', 'B_Address', 'I_Address', 'I_Address', 'I_Address']"
697,2/3/2024,23:20,Gina,"Barusan pindah ke alamat baru, yaitu Jl. Kenanga No. 21.",FALSE,"['Barusan', 'pindah', 'ke', 'alamat', 'baru', 'yaitu', 'Jl', 'Kenanga', 'No', '21']","['O', 'O', 'O', 'O', 'O', 'O', 'B_Address', 'I_Address', 'I_Address', 'I_Address']"
698,2/3/2024,23:25,Ari,Ada yang tahu cara urus data Lokasi Aktivitas Digital? Aku lagi butuh info nih.,FALSE,"['Ada', 'yang', 'tahu', 'cara', 'urus', 'data', 'Lokasi', 'Aktivitas', 'Digital', 'Aku', 'lagi', 'butuh', 'info', 'nih']","['O', 'O', 'O', 'O', 'O', 'O', 'O', 'O', 'O', 'O', 'O', 'O', 'O', 'O']"
699,2/3/2024,23:30,Gina,"Aku baru beli kendaraan baru, plat nomornya B 7821 XYZ, warna merah.",FALSE,"['Aku', 'baru', 'beli', 'kendaraan', 'baru', 'plat', 'nomornya', 'B', '7821', 'XYZ', 'warna', 'merah']","['O', 'O', 'O', 'O', 'O', 'O', 'O', 'B_Plate', 'I_Plate', 'I_Plate', 'O', 'B_Asset']"
700,2/3/2024,23:35,Dina,"Kemarin urus ulang Nomor KTP, nomor barunya adalah 2739156580.",FALSE,"['Kemarin', 'urus', 'ulang', 'Nomor', 'KTP', 'nomor', 'barunya', 'adalah', '2739156580']","['O', 'O', 'O', 'O', 'O', 'O', 'O', 'O', 'B_SSN']"
701,2/3/2024,23:40,Cindy,"Aku baru beli kendaraan baru, plat nomornya B 7751 XYZ, warna merah.",FALSE,"['Aku', 'baru', 'beli', 'kendaraan', 'baru', 'plat', 'nomornya', 'B', '7751', 'XYZ', 'warna', 'merah']","['O', 'O', 'O', 'O', 'O', 'O', 'O', 'B_Plate', 'I_Plate', 'I_Plate', 'O', 'B_Asset']"
702,2/3/2024,23:45,Ari,"Aku baru update data Nama Panggilan. Detailnya sekarang sudah benar, loh.",FALSE,"['Aku', 'baru', 'update', 'data', 'Nama', 'Panggilan', 'Detailnya', 'sekarang', 'sudah', 'benar', 'loh']","['O', 'O', 'O', 'O', 'O', 'O', 'O', 'O', 'O', 'O', 'O']"
703,2/3/2024,23:50,Gina,"Aku baru beli kendaraan baru, plat nomornya B 6294 XYZ, warna hitam.",FALSE,"['Aku', 'baru', 'beli', 'kendaraan', 'baru', 'plat', 'nomornya', 'B', '6294', 'XYZ', 'warna', 'hitam']","['O', 'O', 'O', 'O', 'O', 'O', 'O', 'B_Plate', 'I_Plate', 'I_Plate', 'O', 'B_Asset']"
704,2/3/2024,23:55,Ari,Ada yang tahu cara urus data Nomor Akun Aset Keuangan? Aku lagi butuh info nih.,FALSE,"['Ada', 'yang', 'tahu', 'cara', 'urus', 'data', 'Nomor', 'Akun', 'Aset', 'Keuangan', 'Aku', 'lagi', 'butuh', 'info', 'nih']","['O', 'O', 'O', 'O', 'O', 'O', 'O', 'O', 'O', 'O', 'O', 'O', 'O', 'O', 'O']"
705,2/4/2024,0:00,Gina,"Aku baru update data Nama Lengkap. Detailnya sekarang sudah benar, loh.",FALSE,"['Aku', 'baru', 'update', 'data', 'Nama', 'Lengkap', 'Detailnya', 'sekarang', 'sudah', 'benar', 'loh']","['O', 'O', 'O', 'O', 'O', 'O', 'O', 'O', 'O', 'O', 'O']"
706,2/4/2024,0:05,Cindy,Ada yang tahu cara urus data Nomor Sertifikat Rumah/Properti? Aku lagi butuh info nih.,FALSE,"['Ada', 'yang', 'tahu', 'cara', 'urus', 'data', 'Nomor', 'Sertifikat', 'Rumah', 'Properti', 'Aku', 'lagi', 'butuh', 'info', 'nih']","['O', 'O', 'O', 'O', 'O', 'O', 'O', 'O', 'O', 'O', 'O', 'O', 'O', 'O', 'O']"
707,2/4/2024,0:10,Eka,"Barusan pindah ke alamat baru, yaitu Jl. Mawar No. 11.",FALSE,"['Barusan', 'pindah', 'ke', 'alamat', 'baru', 'yaitu', 'Jl', 'Mawar', 'No', '11']","['O', 'O', 'O', 'O', 'O', 'O', 'B_Address', 'I_Address', 'I_Address', 'I_Address']"
708,2/4/2024,0:15,Budi,Aku lagi tambahkan data Riwayat Pekerjaan ke sistem. Semoga prosesnya lancar.,FALSE,"['Aku', 'lagi', 'tambahkan', 'data', 'Riwayat', 'Pekerjaan', 'ke', 'sistem', 'Semoga', 'prosesnya', 'lancar']","['O', 'O', 'O', 'O', 'O', 'O', 'O', 'O', 'O', 'O', 'O']"
709,2/4/2024,0:20,Eka,"Aku baru update data Nama Panggilan. Detailnya sekarang sudah benar, loh.",FALSE,"['Aku', 'baru', 'update', 'data', 'Nama', 'Panggilan', 'Detailnya', 'sekarang', 'sudah', 'benar', 'loh']","['O', 'O', 'O', 'O', 'O', 'O', 'O', 'O', 'O', 'O', 'O']"
710,2/4/2024,0:25,Cindy,"Aku baru buka rekening baru, nomornya 1884126588 di Bank ABC.",FALSE,"['Aku', 'baru', 'buka', 'rekening', 'baru', 'nomornya', '1884126588', 'di', 'Bank', 'ABC']","['O', 'O', 'O', 'O', 'O', 'O', 'B_Account', 'O', 'O', 'O']"
711,2/4/2024,0:30,Gina,Ada yang tahu cara urus data Riwayat Pencarian di Internet? Aku lagi butuh info nih.,FALSE,"['Ada', 'yang', 'tahu', 'cara', 'urus', 'data', 'Riwayat', 'Pencarian', 'di', 'Internet', 'Aku', 'lagi', 'butuh', 'info', 'nih']","['O', 'O', 'O', 'O', 'O', 'O', 'O', 'O', 'O', 'O', 'O', 'O', 'O', 'O', 'O']"
712,2/4/2024,0:35,Ari,Ada yang tahu cara urus data Nomor Telepon Kantor? Aku lagi butuh info nih.,FALSE,"['Ada', 'yang', 'tahu', 'cara', 'urus', 'data', 'Nomor', 'Telepon', 'Kantor', 'Aku', 'lagi', 'butuh', 'info', 'nih']","['O', 'O', 'O', 'O', 'O', 'O', 'O', 'O', 'O', 'O', 'O', 'O', 'O', 'O']"
713,2/4/2024,0:40,Budi,Ada yang tahu cara urus data Status Sosial? Aku lagi butuh info nih.,FALSE,"['Ada', 'yang', 'tahu', 'cara', 'urus', 'data', 'Status', 'Sosial', 'Aku', 'lagi', 'butuh', 'info', 'nih']","['O', 'O', 'O', 'O', 'O', 'O', 'O', 'O', 'O', 'O', 'O', 'O', 'O']"
714,2/4/2024,0:45,Ari,"Aku baru update data Alias. Detailnya sekarang sudah benar, loh.",FALSE,"['Aku', 'baru', 'update', 'data', 'Alias', 'Detailnya', 'sekarang', 'sudah', 'benar', 'loh']","['O', 'O', 'O', 'O', 'O', 'O', 'O', 'O', 'O', 'O']"
715,2/4/2024,0:50,Dina,"Data Tanggal Lahir aku sudah diverifikasi, jadi gak ada masalah lagi sekarang.",FALSE,"['Data', 'Tanggal', 'Lahir', 'aku', 'sudah', 'diverifikasi', 'jadi', 'gak', 'ada', 'masalah', 'lagi', 'sekarang']","['O', 'O', 'O', 'O', 'O', 'O', 'O', 'O', 'O', 'O', 'O', 'O']"
716,2/4/2024,0:55,Eka,Aku lagi tambahkan data Riwayat Pendidikan ke sistem. Semoga prosesnya lancar.,FALSE,"['Aku', 'lagi', 'tambahkan', 'data', 'Riwayat', 'Pendidikan', 'ke', 'sistem', 'Semoga', 'prosesnya', 'lancar']","['O', 'O', 'O', 'O', 'O', 'O', 'O', 'O', 'O', 'O', 'O']"
717,2/4/2024,1:00,Cindy,Ada yang tahu cara urus data Nomor Induk Pegawai (NIP)? Aku lagi butuh info nih.,FALSE,"['Ada', 'yang', 'tahu', 'cara', 'urus', 'data', 'Nomor', 'Induk', 'Pegawai', 'NIP', 'Aku', 'lagi', 'butuh', 'info', 'nih']","['O', 'O', 'O', 'O', 'O', 'O', 'O', 'O', 'O', 'O', 'O', 'O', 'O', 'O', 'O']"
718,2/4/2024,1:05,Cindy,Ada yang tahu cara urus data Agama? Aku lagi butuh info nih.,FALSE,"['Ada', 'yang', 'tahu', 'cara', 'urus', 'data', 'Agama', 'Aku', 'lagi', 'butuh', 'info', 'nih']","['O', 'O', 'O', 'O', 'O', 'O', 'O', 'O', 'O', 'O', 'O', 'O']"
719,2/4/2024,1:10,Dina,"Aku baru buka rekening baru, nomornya 4617893160 di Bank ABC.",FALSE,"['Aku', 'baru', 'buka', 'rekening', 'baru', 'nomornya', '4617893160', 'di', 'Bank', 'ABC']","['O', 'O', 'O', 'O', 'O', 'O', 'B_Account', 'O', 'O', 'O']"
720,2/4/2024,1:15,Budi,Ada yang tahu cara urus data Nomor Sertifikat Tanah? Aku lagi butuh info nih.,FALSE,"['Ada', 'yang', 'tahu', 'cara', 'urus', 'data', 'Nomor', 'Sertifikat', 'Tanah', 'Aku', 'lagi', 'butuh', 'info', 'nih']","['O', 'O', 'O', 'O', 'O', 'O', 'O', 'O', 'O', 'O', 'O', 'O', 'O', 'O']"
721,2/4/2024,1:20,Cindy,Ada yang tahu cara urus data Lokasi Aktivitas Digital? Aku lagi butuh info nih.,FALSE,"['Ada', 'yang', 'tahu', 'cara', 'urus', 'data', 'Lokasi', 'Aktivitas', 'Digital', 'Aku', 'lagi', 'butuh', 'info', 'nih']","['O', 'O', 'O', 'O', 'O', 'O', 'O', 'O', 'O', 'O', 'O', 'O', 'O', 'O']"
722,2/4/2024,1:25,Ari,"Barusan pindah ke alamat baru, yaitu Jl. Kenanga No. 34.",FALSE,"['Barusan', 'pindah', 'ke', 'alamat', 'baru', 'yaitu', 'Jl', 'Kenanga', 'No', '34']","['O', 'O', 'O', 'O', 'O', 'O','B_Address', 'I_Address', 'I_Address', 'I_Address']"
723,2/4/2024,1:30,Cindy,Ada yang tahu cara urus data Nomor Telepon Rumah? Aku lagi butuh info nih.,FALSE,"['Ada', 'yang', 'tahu', 'cara', 'urus', 'data', 'Nomor', 'Telepon', 'Rumah', 'Aku', 'lagi', 'butuh', 'info', 'nih']","['O', 'O', 'O', 'O', 'O', 'O', 'O', 'O', 'O', 'O', 'O', 'O', 'O', 'O']"
724,2/4/2024,1:35,Eka,"Barusan pindah ke alamat baru, yaitu Jl. Melati No. 58.",FALSE,"['Barusan', 'pindah', 'ke', 'alamat', 'baru', 'yaitu', 'Jl', 'Melati', 'No', '58']","['O', 'O', 'O', 'O', 'O', 'O','B_Address', 'I_Address', 'I_Address', 'I_Address']"
725,2/4/2024,1:40,Ari,Ada yang tahu cara urus data Nomor Telepon Rumah? Aku lagi butuh info nih.,FALSE,"['Ada', 'yang', 'tahu', 'cara', 'urus', 'data', 'Nomor', 'Telepon', 'Rumah', 'Aku', 'lagi', 'butuh', 'info', 'nih']","['O', 'O', 'O', 'O', 'O', 'O', 'O', 'O', 'O', 'O', 'O', 'O', 'O', 'O']"
726,2/4/2024,1:45,Gina,Ada yang tahu cara urus data Nomor Kartu Kredit/Debit? Aku lagi butuh info nih.,FALSE,"['Ada', 'yang', 'tahu', 'cara', 'urus', 'data', 'Nomor', 'Kartu', 'Kredit', 'Debit', 'Aku', 'lagi', 'butuh', 'info', 'nih']","['O', 'O', 'O', 'O', 'O', 'O', 'O', 'O', 'O', 'O', 'O', 'O', 'O', 'O', 'O']"
727,2/4/2024,1:50,Ari,"Aku baru buka rekening baru, nomornya 9392218078 di Bank ABC.",FALSE,"['Aku', 'baru', 'buka', 'rekening', 'baru', 'nomornya', '9392218078', 'di', 'Bank', 'ABC']","['O', 'O', 'O', 'O', 'O', 'O', 'B_Account', 'O', 'O', 'O']"
728,2/4/2024,1:55,Dina,Ada yang tahu cara urus data Nomor Kartu Kredit/Debit? Aku lagi butuh info nih.,FALSE,"['Ada', 'yang', 'tahu', 'cara', 'urus', 'data', 'Nomor', 'Kartu', 'Kredit', 'Debit', 'Aku', 'lagi', 'butuh', 'info', 'nih']","['O', 'O', 'O', 'O', 'O', 'O', 'O', 'O', 'O', 'O', 'O', 'O', 'O', 'O', 'O']"
729,2/4/2024,2:00,Dina,"Aku baru update data Nama Lengkap. Detailnya sekarang sudah benar, loh.",FALSE,"['Aku', 'baru', 'update', 'data', 'Nama', 'Lengkap', 'Detailnya', 'sekarang', 'sudah', 'benar', 'loh']","['O', 'O', 'O', 'O', 'O', 'O', 'O', 'O', 'O', 'O', 'O']"
730,2/4/2024,2:05,Eka,Ada yang tahu cara urus data Nomor Telepon Kantor? Aku lagi butuh info nih.,FALSE,"['Ada', 'yang', 'tahu', 'cara', 'urus', 'data', 'Nomor', 'Telepon', 'Kantor', 'Aku', 'lagi', 'butuh', 'info', 'nih']","['O', 'O', 'O', 'O', 'O', 'O', 'O', 'O', 'O', 'O', 'O', 'O', 'O', 'O']"
731,2/4/2024,2:10,Ari,"Aku baru beli kendaraan baru, plat nomornya B 7595 XYZ, warna hitam.",FALSE,"['Aku', 'baru', 'beli', 'kendaraan', 'baru', 'plat', 'nomornya', 'B', '7595', 'XYZ', 'warna', 'hitam']","['O', 'O', 'O', 'O', 'O', 'O', 'O', 'B_Plate', 'I_Plate', 'I_Plate', 'O', 'B_Asset']"
732,2/4/2024,2:15,Cindy,Nomor Nomor Ponsel aku yang baru itu 08118423042.,FALSE,"['Nomor', 'Nomor', 'Ponsel', 'aku', 'yang', 'baru', 'itu', '08118423042']","['O', 'O', 'O', 'O', 'O', 'O', 'O', 'B_Phone_Number']"
733,2/4/2024,2:20,Eka,Ada yang tahu cara urus data Status Perkawinan? Aku lagi butuh info nih.,FALSE,"['Ada', 'yang', 'tahu', 'cara', 'urus', 'data', 'Status', 'Perkawinan', 'Aku', 'lagi', 'butuh', 'info', 'nih']","['O', 'O', 'O', 'O', 'O', 'O', 'O', 'O', 'O', 'O', 'O', 'O', 'O']"
734,2/4/2024,2:25,Eka,Ada yang tahu cara urus data Nomor Rangka dan Nomor Mesin Kendaraan? Aku lagi butuh info nih.,FALSE,"['Ada', 'yang', 'tahu', 'cara', 'urus', 'data', 'Nomor', 'Rangka', 'dan', 'Nomor', 'Mesin', 'Kendaraan', 'Aku', 'lagi', 'butuh', 'info', 'nih']","['O', 'O', 'O', 'O', 'O', 'O', 'O', 'O', 'O', 'O', 'O', 'O', 'O', 'O', 'O', 'O', 'O']"
735,2/4/2024,2:30,Eka,Nomor Nomor Telepon aku yang baru itu 08113993935.,FALSE,"['Nomor', 'Nomor', 'Telepon', 'aku', 'yang', 'baru', 'itu', '08113993935']","['O', 'O', 'O', 'O', 'O', 'O', 'O', 'B_Phone_Number']"
736,2/4/2024,2:35,Cindy,Ada yang tahu cara urus data Status Perkawinan? Aku lagi butuh info nih.,FALSE,"['Ada', 'yang', 'tahu', 'cara', 'urus', 'data', 'Status', 'Perkawinan', 'Aku', 'lagi', 'butuh', 'info', 'nih']","['O', 'O', 'O', 'O', 'O', 'O', 'O', 'O', 'O', 'O', 'O', 'O', 'O']"
737,2/4/2024,2:40,Dina,Ada yang tahu cara urus data Riwayat Pencarian di Internet? Aku lagi butuh info nih.,FALSE,"['Ada', 'yang', 'tahu', 'cara', 'urus', 'data', 'Riwayat', 'Pencarian', 'di', 'Internet', 'Aku', 'lagi', 'butuh', 'info', 'nih']","['O', 'O', 'O', 'O', 'O', 'O', 'O', 'O', 'O', 'O', 'O', 'O', 'O', 'O', 'O']"
738,2/4/2024,2:45,Ari,Ada yang tahu cara urus data Nomor Rangka dan Nomor Mesin Kendaraan? Aku lagi butuh info nih.,FALSE,"['Ada', 'yang', 'tahu', 'cara', 'urus', 'data', 'Nomor', 'Rangka', 'dan', 'Nomor', 'Mesin', 'Kendaraan', 'Aku', 'lagi', 'butuh', 'info', 'nih']","['O', 'O', 'O', 'O', 'O', 'O', 'O', 'O', 'O', 'O', 'O', 'O', 'O', 'O', 'O', 'O', 'O']"
739,2/4/2024,2:50,Ari,Ada yang tahu cara urus data Nomor Sertifikat Rumah/Properti? Aku lagi butuh info nih.,FALSE,"['Ada', 'yang', 'tahu', 'cara', 'urus', 'data', 'Nomor', 'Sertifikat', 'Rumah', 'Properti', 'Aku', 'lagi', 'butuh', 'info', 'nih']","['O', 'O', 'O', 'O', 'O', 'O', 'O', 'O', 'O', 'O', 'O', 'O', 'O', 'O', 'O']"
740,2/4/2024,2:55,Cindy,"Aku baru beli kendaraan baru, plat nomornya B 7437 XYZ, warna merah.",FALSE,"['Aku', 'baru', 'beli', 'kendaraan', 'baru', 'plat', 'nomornya', 'B', '7437', 'XYZ', 'warna', 'merah']","['O', 'O', 'O', 'O', 'O', 'O', 'O', 'B_Plate', 'I_Plate', 'I_Plate', 'O', 'B_Asset']"
741,2/4/2024,3:00,Dina,"Aku baru buka rekening baru, nomornya 7366633715 di Bank ABC.",FALSE,"['Aku', 'baru', 'buka', 'rekening', 'baru', 'nomornya', '7366633715', 'di', 'Bank', 'ABC']","['O', 'O', 'O', 'O', 'O', 'O', 'B_Account', 'O', 'O', 'O']"
742,2/4/2024,3:05,Eka,Ada yang tahu cara urus data Nomor Induk Siswa Nasional (NISN)? Aku lagi butuh info nih.,FALSE,"['Ada', 'yang', 'tahu', 'cara', 'urus', 'data', 'Nomor', 'Induk', 'Siswa', 'Nasional', 'NISN', 'Aku', 'lagi', 'butuh', 'info', 'nih']","['O', 'O', 'O', 'O', 'O', 'O', 'O', 'O', 'O', 'O', 'O', 'O', 'O', 'O', 'O', 'O']"
743,2/4/2024,3:10,Budi,Ada yang tahu cara urus data Nomor Akun Aset Keuangan? Aku lagi butuh info nih.,FALSE,"['Ada', 'yang', 'tahu', 'cara', 'urus', 'data', 'Nomor', 'Akun', 'Aset', 'Keuangan', 'Aku', 'lagi', 'butuh', 'info', 'nih']","['O', 'O', 'O', 'O', 'O', 'O', 'O', 'O', 'O', 'O', 'O', 'O', 'O', 'O', 'O']"
744,2/4/2024,3:15,Ari,Ada yang tahu cara urus data Nomor JKN? Aku lagi butuh info nih.,FALSE,"['Ada', 'yang', 'tahu', 'cara', 'urus', 'data', 'Nomor', 'JKN', 'Aku', 'lagi', 'butuh', 'info', 'nih']","['O', 'O', 'O', 'O', 'O', 'O', 'O', 'O', 'O', 'O', 'O', 'O', 'O']"
745,2/4/2024,3:20,Gina,"Aku baru update data Nama Panggilan. Detailnya sekarang sudah benar, loh.",FALSE,"['Aku', 'baru', 'update', 'data', 'Nama', 'Panggilan', 'Detailnya', 'sekarang', 'sudah', 'benar', 'loh']","['O', 'O', 'O', 'O', 'O', 'O', 'O', 'O', 'O', 'O', 'O']"
746,2/4/2024,3:25,Dina,"Aku baru update data Nama Panggilan. Detailnya sekarang sudah benar, loh.",FALSE,"['Aku', 'baru', 'update', 'data', 'Nama', 'Panggilan', 'Detailnya', 'sekarang', 'sudah', 'benar', 'loh']","['O', 'O', 'O', 'O', 'O', 'O', 'O', 'O', 'O', 'O', 'O']"
747,2/4/2024,3:30,Eka,"Data Tanggal Lahir aku sudah diverifikasi, jadi gak ada masalah lagi sekarang.",FALSE,"['Data', 'Tanggal', 'Lahir', 'aku', 'sudah', 'diverifikasi', 'jadi', 'gak', 'ada', 'masalah', 'lagi', 'sekarang']","['O', 'O', 'O', 'O', 'O', 'O', 'O', 'O', 'O', 'O', 'O', 'O']"
748,2/4/2024,3:35,Eka,"Aku baru update data Nama Panggilan. Detailnya sekarang sudah benar, loh.",FALSE,"['Aku', 'baru', 'update', 'data', 'Nama', 'Panggilan', 'Detailnya', 'sekarang', 'sudah', 'benar', 'loh']","['O', 'O', 'O', 'O', 'O', 'O', 'O', 'O', 'O', 'O', 'O']"
749,2/4/2024,3:40,Dina,"Kemarin urus ulang Nomor Paspor, nomor barunya adalah 5543913998.",FALSE,"['Kemarin', 'urus', 'ulang', 'Nomor', 'Paspor', 'nomor', 'barunya', 'adalah', '5543913998']","['O', 'O', 'O', 'O', 'O', 'O', 'O', 'O', 'B_SSN']"
750,2/4/2024,3:45,Ari,Ada yang tahu cara urus data Nomor Sertifikat Tanah? Aku lagi butuh info nih.,FALSE,"['Ada', 'yang', 'tahu', 'cara', 'urus', 'data', 'Nomor', 'Sertifikat', 'Tanah', 'Aku', 'lagi', 'butuh', 'info', 'nih']","['O', 'O', 'O', 'O', 'O', 'O', 'O', 'O', 'O', 'O', 'O', 'O', 'O', 'O']"
751,2/4/2024,3:50,Cindy,Ada yang tahu cara urus data Riwayat Pencarian di Internet? Aku lagi butuh info nih.,FALSE,"['Ada', 'yang', 'tahu', 'cara', 'urus', 'data', 'Riwayat', 'Pencarian', 'di', 'Internet', 'Aku', 'lagi', 'butuh', 'info', 'nih']","['O', 'O', 'O', 'O', 'O', 'O', 'O', 'O', 'O', 'O', 'O', 'O', 'O', 'O', 'O']"
752,2/4/2024,3:55,Ari,Ada yang tahu cara urus data Nomor Induk Siswa Nasional (NISN)? Aku lagi butuh info nih.,FALSE,"['Ada', 'yang', 'tahu', 'cara', 'urus', 'data', 'Nomor', 'Induk', 'Siswa', 'Nasional', 'NISN', 'Aku', 'lagi', 'butuh', 'info', 'nih']","['O', 'O', 'O', 'O', 'O', 'O', 'O', 'O', 'O', 'O', 'O', 'O', 'O', 'O', 'O', 'O']"
753,2/4/2024,4:00,Budi,Ada yang tahu cara urus data Nomor Seri Barang Berharga? Aku lagi butuh info nih.,FALSE,"['Ada', 'yang', 'tahu', 'cara', 'urus', 'data', 'Nomor', 'Seri', 'Barang', 'Berharga', 'Aku', 'lagi', 'butuh', 'info', 'nih']","['O', 'O', 'O', 'O', 'O', 'O', 'O', 'O', 'O', 'O', 'O', 'O', 'O', 'O', 'O']"
754,2/4/2024,4:05,Ari,Ada yang tahu cara urus data Nomor Kartu Kredit/Debit? Aku lagi butuh info nih.,FALSE,"['Ada', 'yang', 'tahu', 'cara', 'urus', 'data', 'Nomor', 'Kartu', 'Kredit', 'Debit', 'Aku', 'lagi', 'butuh', 'info', 'nih']","['O', 'O', 'O', 'O', 'O', 'O', 'O', 'O', 'O', 'O', 'O', 'O', 'O', 'O', 'O']"
755,2/4/2024,4:10,Cindy,Ada yang tahu cara urus data Alamat Email? Aku lagi butuh info nih.,FALSE,"['Ada', 'yang', 'tahu', 'cara', 'urus', 'data', 'Alamat', 'Email', 'Aku', 'lagi', 'butuh', 'info', 'nih']","['O', 'O', 'O', 'O', 'O', 'O', 'O', 'O', 'O', 'O', 'O', 'O', 'O']"
756,2/4/2024,4:15,Eka,Ada yang tahu cara urus data Agama? Aku lagi butuh info nih.,FALSE,"['Ada', 'yang', 'tahu', 'cara', 'urus', 'data', 'Agama', 'Aku', 'lagi', 'butuh', 'info', 'nih']","['O', 'O', 'O', 'O', 'O', 'O', 'O', 'O', 'O', 'O', 'O', 'O']"
757,2/4/2024,4:20,Cindy,Ada yang tahu cara urus data Nomor JKN? Aku lagi butuh info nih.,FALSE,"['Ada', 'yang', 'tahu', 'cara', 'urus', 'data', 'Nomor', 'JKN', 'Aku', 'lagi', 'butuh', 'info', 'nih']","['O', 'O', 'O', 'O', 'O', 'O', 'O', 'O', 'O', 'O', 'O', 'O', 'O']"
758,2/4/2024,4:25,Dina,"Aku baru beli kendaraan baru, plat nomornya B 6411 XYZ, warna biru.",FALSE,"['Aku', 'baru', 'beli', 'kendaraan', 'baru', 'plat', 'nomornya', 'B', '6411', 'XYZ', 'warna', 'biru']","['O', 'O', 'O', 'O', 'O', 'O', 'O', 'B_Plate', 'I_Plate', 'I_Plate', 'O', 'B_Asset']"
759,2/4/2024,4:30,Ari,"Kemarin urus ulang Nomor BPJS, nomor barunya adalah 5480011877.",FALSE,"['Kemarin', 'urus', 'ulang', 'Nomor', 'BPJS', 'nomor', 'barunya', 'adalah', '5480011877']","['O', 'O', 'O', 'O', 'O', 'O', 'O', 'O', 'B_SSN']"
760,2/4/2024,4:35,Budi,Ada yang tahu cara urus data Nomor JKN? Aku lagi butuh info nih.,FALSE,"['Ada', 'yang', 'tahu', 'cara', 'urus', 'data', 'Nomor', 'JKN', 'Aku', 'lagi', 'butuh', 'info', 'nih']","['O', 'O', 'O', 'O', 'O', 'O', 'O', 'O', 'O', 'O', 'O', 'O', 'O']"
761,2/4/2024,4:40,Cindy,Ada yang tahu cara urus data Nomor Kartu Kredit/Debit? Aku lagi butuh info nih.,FALSE,"['Ada', 'yang', 'tahu', 'cara', 'urus', 'data', 'Nomor', 'Kartu', 'Kredit', 'Debit', 'Aku', 'lagi', 'butuh', 'info', 'nih']","['O', 'O', 'O', 'O', 'O', 'O', 'O', 'O', 'O', 'O', 'O', 'O', 'O', 'O', 'O']"
762,2/4/2024,4:45,Dina,"Barusan pindah ke alamat baru, yaitu Jl. Melati No. 56.",FALSE,"['Barusan', 'pindah', 'ke', 'alamat', 'baru', 'yaitu', 'Jl', 'Melati', 'No', '56']","['O', 'O', 'O', 'O', 'O', 'O','B_Address', 'I_Address', 'I_Address', 'I_Address']"
763,2/4/2024,4:50,Eka,Ada yang tahu cara urus data Status Perkawinan? Aku lagi butuh info nih.,FALSE,"['Ada', 'yang', 'tahu', 'cara', 'urus', 'data', 'Status', 'Perkawinan', 'Aku', 'lagi', 'butuh', 'info', 'nih']","['O', 'O', 'O', 'O', 'O', 'O', 'O', 'O', 'O', 'O', 'O', 'O', 'O']"
764,2/4/2024,4:55,Dina,"Data Tempat Lahir aku sudah diverifikasi, jadi gak ada masalah lagi sekarang.",FALSE,"['Data', 'Tempat', 'Lahir', 'aku', 'sudah', 'diverifikasi', 'jadi', 'gak', 'ada', 'masalah', 'lagi', 'sekarang']","['O', 'O', 'O', 'O', 'O', 'O', 'O', 'O', 'O', 'O', 'O', 'O']"
765,2/4/2024,5:00,Budi,"Kemarin urus ulang Nomor SIM, nomor barunya adalah 4428332843.",FALSE,"['Kemarin', 'urus', 'ulang', 'Nomor', 'SIM', 'nomor', 'barunya', 'adalah', '4428332843']","['O', 'O', 'O', 'O', 'O', 'O', 'O', 'O', 'B_SSN']"
766,2/4/2024,5:05,Budi,"Aku baru update data Nama Lengkap. Detailnya sekarang sudah benar, loh.",FALSE,"['Aku', 'baru', 'update', 'data', 'Nama', 'Lengkap', 'Detailnya', 'sekarang', 'sudah', 'benar', 'loh']","['O', 'O', 'O', 'O', 'O', 'O', 'O', 'O', 'O', 'O', 'O']"
767,2/4/2024,5:10,Cindy,Ada yang tahu cara urus data Nomor Telepon Rumah? Aku lagi butuh info nih.,FALSE,"['Ada', 'yang', 'tahu', 'cara', 'urus', 'data', 'Nomor', 'Telepon', 'Rumah', 'Aku', 'lagi', 'butuh', 'info', 'nih']","['O', 'O', 'O', 'O', 'O', 'O', 'O', 'O', 'O', 'O', 'O', 'O', 'O', 'O']"
768,2/4/2024,5:15,Gina,Aku lagi tambahkan data Riwayat Pekerjaan ke sistem. Semoga prosesnya lancar.,FALSE,"['Aku', 'lagi', 'tambahkan', 'data', 'Riwayat', 'Pekerjaan', 'ke', 'sistem', 'Semoga', 'prosesnya', 'lancar']","['O', 'O', 'O', 'O', 'O', 'O', 'O', 'O', 'O', 'O', 'O']"
769,2/4/2024,5:20,Dina,"Aku baru beli kendaraan baru, plat nomornya B 6890 XYZ, warna merah.",FALSE,"['Aku', 'baru', 'beli', 'kendaraan', 'baru', 'plat', 'nomornya', 'B', '6890', 'XYZ', 'warna', 'merah']","['O', 'O', 'O', 'O', 'O', 'O', 'O', 'B_Plate', 'I_Plate', 'I_Plate', 'O', 'B_Asset']"
770,2/4/2024,5:25,Cindy,Ada yang tahu cara urus data Nomor Induk Siswa Nasional (NISN)? Aku lagi butuh info nih.,FALSE,"['Ada', 'yang', 'tahu', 'cara', 'urus', 'data', 'Nomor', 'Induk', 'Siswa', 'Nasional', 'NISN', 'Aku', 'lagi', 'butuh', 'info', 'nih']","['O', 'O', 'O', 'O', 'O', 'O', 'O', 'O', 'O', 'O', 'O', 'O', 'O', 'O', 'O', 'O']"
771,2/4/2024,5:30,Gina,"Aku baru beli kendaraan baru, plat nomornya B 9659 XYZ, warna hitam.",FALSE,"['Aku', 'baru', 'beli', 'kendaraan', 'baru', 'plat', 'nomornya', 'B', '9659', 'XYZ', 'warna', 'hitam']","['O', 'O', 'O', 'O', 'O', 'O', 'O', 'B_Plate', 'I_Plate', 'I_Plate', 'O', 'B_Asset']"
772,2/4/2024,5:35,Eka,Ada yang tahu cara urus data Riwayat Pencarian di Internet? Aku lagi butuh info nih.,FALSE,"['Ada', 'yang', 'tahu', 'cara', 'urus', 'data', 'Riwayat', 'Pencarian', 'di', 'Internet', 'Aku', 'lagi', 'butuh', 'info', 'nih']","['O', 'O', 'O', 'O', 'O', 'O', 'O', 'O', 'O', 'O', 'O', 'O', 'O', 'O', 'O']"
773,2/4/2024,5:40,Cindy,"Data Tanggal Lahir aku sudah diverifikasi, jadi gak ada masalah lagi sekarang.",FALSE,"['Data', 'Tanggal', 'Lahir', 'aku', 'sudah', 'diverifikasi', 'jadi', 'gak', 'ada', 'masalah', 'lagi', 'sekarang']","['O', 'O', 'O', 'O', 'O', 'O', 'O', 'O', 'O', 'O', 'O', 'O']"
774,2/4/2024,5:45,Budi,Ada yang tahu cara urus data Nomor Kartu Kredit/Debit? Aku lagi butuh info nih.,FALSE,"['Ada', 'yang', 'tahu', 'cara', 'urus', 'data', 'Nomor', 'Kartu', 'Kredit', 'Debit', 'Aku', 'lagi', 'butuh', 'info', 'nih']","['O', 'O', 'O', 'O', 'O', 'O', 'O', 'O', 'O', 'O', 'O', 'O', 'O', 'O', 'O']"
775,2/4/2024,5:50,Gina,Ada yang tahu cara urus data Nomor Rangka dan Nomor Mesin Kendaraan? Aku lagi butuh info nih.,FALSE,"['Ada', 'yang', 'tahu', 'cara', 'urus', 'data', 'Nomor', 'Rangka', 'dan', 'Nomor', 'Mesin', 'Kendaraan', 'Aku', 'lagi', 'butuh', 'info', 'nih']","['O', 'O', 'O', 'O', 'O', 'O', 'O', 'O', 'O', 'O', 'O', 'O', 'O', 'O', 'O', 'O', 'O']"
776,2/4/2024,5:55,Cindy,Ada yang tahu cara urus data Nomor Sertifikat Tanah? Aku lagi butuh info nih.,FALSE,"['Ada', 'yang', 'tahu', 'cara', 'urus', 'data', 'Nomor', 'Sertifikat', 'Tanah', 'Aku', 'lagi', 'butuh', 'info', 'nih']","['O', 'O', 'O', 'O', 'O', 'O', 'O', 'O', 'O', 'O', 'O', 'O', 'O', 'O']"
777,2/4/2024,6:00,Gina,Ada yang tahu cara urus data Nomor Induk Pegawai (NIP)? Aku lagi butuh info nih.,FALSE,"['Ada', 'yang', 'tahu', 'cara', 'urus', 'data', 'Nomor', 'Induk', 'Pegawai', 'NIP', 'Aku', 'lagi', 'butuh', 'info', 'nih']","['O', 'O', 'O', 'O', 'O', 'O', 'O', 'O', 'O', 'O', 'O', 'O', 'O', 'O', 'O']"
778,2/4/2024,6:05,Ari,"Barusan pindah ke alamat baru, yaitu Jl. Kenanga No. 91.",FALSE,"['Barusan', 'pindah', 'ke', 'alamat', 'baru', 'yaitu', 'Jl', 'Kenanga', 'No', '91']","['O', 'O', 'O', 'O', 'O', 'O','B_Address', 'I_Address', 'I_Address', 'I_Address']"
779,2/4/2024,6:10,Dina,"Aku baru beli kendaraan baru, plat nomornya B 9004 XYZ, warna hitam.",FALSE,"['Aku', 'baru', 'beli', 'kendaraan', 'baru', 'plat', 'nomornya', 'B', '9004', 'XYZ', 'warna', 'hitam']","['O', 'O', 'O', 'O', 'O', 'O', 'O', 'B_Plate', 'I_Plate', 'I_Plate', 'O', 'B_Asset']"
780,2/4/2024,6:15,Eka,Ada yang tahu cara urus data Nomor Seri Barang Berharga? Aku lagi butuh info nih.,FALSE,"['Ada', 'yang', 'tahu', 'cara', 'urus', 'data', 'Nomor', 'Seri', 'Barang', 'Berharga', 'Aku', 'lagi', 'butuh', 'info', 'nih']","['O', 'O', 'O', 'O', 'O', 'O', 'O', 'O', 'O', 'O', 'O', 'O', 'O', 'O', 'O']"
781,2/4/2024,6:20,Cindy,"Aku baru beli kendaraan baru, plat nomornya B 2091 XYZ, warna merah.",FALSE,"['Aku', 'baru', 'beli', 'kendaraan', 'baru', 'plat', 'nomornya', 'B', '2091', 'XYZ', 'warna', 'merah']","['O', 'O', 'O', 'O', 'O', 'O', 'O', 'B_Plate', 'I_Plate', 'I_Plate', 'O', 'B_Asset']"
782,2/4/2024,6:25,Cindy,Nomor Nomor Telepon aku yang baru itu 08155480340.,FALSE,"['Nomor', 'Nomor', 'Telepon', 'aku', 'yang', 'baru', 'itu', '08155480340']","['O', 'O', 'O', 'O', 'O', 'O', 'O', 'B_Phone_Number']"
783,2/4/2024,6:30,Gina,Ada yang tahu cara urus data Nomor Akun Aset Keuangan? Aku lagi butuh info nih.,FALSE,"['Ada', 'yang', 'tahu', 'cara', 'urus', 'data', 'Nomor', 'Akun', 'Aset', 'Keuangan', 'Aku', 'lagi', 'butuh', 'info', 'nih']","['O', 'O', 'O', 'O', 'O', 'O', 'O', 'O', 'O', 'O', 'O', 'O', 'O', 'O', 'O']"
784,2/4/2024,6:35,Gina,"Barusan pindah ke alamat baru, yaitu Jl. Melati No. 43.",FALSE,"['Barusan', 'pindah', 'ke', 'alamat', 'baru', 'yaitu', 'Jl', 'Melati', 'No', '43']","['O', 'O', 'O', 'O', 'O', 'O','B_Address', 'I_Address', 'I_Address', 'I_Address']"
785,2/4/2024,6:40,Budi,Ada yang tahu cara urus data Nomor Rangka dan Nomor Mesin Kendaraan? Aku lagi butuh info nih.,FALSE,"['Ada', 'yang', 'tahu', 'cara', 'urus', 'data', 'Nomor', 'Rangka', 'dan', 'Nomor', 'Mesin', 'Kendaraan', 'Aku', 'lagi', 'butuh', 'info', 'nih']","['O', 'O', 'O', 'O', 'O', 'O', 'O', 'O', 'O', 'O', 'O', 'O', 'O', 'O', 'O', 'O', 'O']"
786,2/4/2024,6:45,Dina,"Kemarin urus ulang Nomor NPWP, nomor barunya adalah 7612767978.",FALSE,"['Kemarin', 'urus', 'ulang', 'Nomor', 'NPWP', 'nomor', 'barunya', 'adalah', '7612767978']","['O', 'O', 'O', 'O', 'O', 'O', 'O', 'O', 'B_SSN']"
787,2/4/2024,6:50,Gina,Ada yang tahu cara urus data Nomor Sertifikat Rumah/Properti? Aku lagi butuh info nih.,FALSE,"['Ada', 'yang', 'tahu', 'cara', 'urus', 'data', 'Nomor', 'Sertifikat', 'Rumah', 'Properti', 'Aku', 'lagi', 'butuh', 'info', 'nih']","['O', 'O', 'O', 'O', 'O', 'O', 'O', 'O', 'O', 'O', 'O', 'O', 'O', 'O', 'O']"
788,2/4/2024,6:55,Budi,Ada yang tahu cara urus data Agama? Aku lagi butuh info nih.,FALSE,"['Ada', 'yang', 'tahu', 'cara', 'urus', 'data', 'Agama', 'Aku', 'lagi', 'butuh', 'info', 'nih']","['O', 'O', 'O', 'O', 'O', 'O', 'O', 'O', 'O', 'O', 'O', 'O']"
789,2/4/2024,7:00,Gina,"Aku baru beli kendaraan baru, plat nomornya B 4479 XYZ, warna biru.",FALSE,"['Aku', 'baru', 'beli', 'kendaraan', 'baru', 'plat', 'nomornya', 'B', '4479', 'XYZ', 'warna', 'biru']","['O', 'O', 'O', 'O', 'O', 'O', 'O', 'B_Plate', 'I_Plate', 'I_Plate', 'O', 'B_Asset']"
790,2/4/2024,7:05,Ari,"Barusan pindah ke alamat baru, yaitu Jl. Kenanga No. 4.",FALSE,"['Barusan', 'pindah', 'ke', 'alamat', 'baru', 'yaitu', 'Jl', 'Kenanga', 'No', '4']","['O', 'O', 'O', 'O', 'O', 'O', 'B_Address', 'I_Address', 'I_Address', 'I_Address']"
791,2/4/2024,7:10,Eka,"Kemarin urus ulang Nomor NPWP, nomor barunya adalah 5259972108.",FALSE,"['Kemarin', 'urus', 'ulang', 'Nomor', 'NPWP', 'nomor', 'barunya', 'adalah', '5259972108']","['O', 'O', 'O', 'O', 'O', 'O', 'O', 'O', 'B_SSN']"
792,2/4/2024,7:15,Ari,"Aku baru beli kendaraan baru, plat nomornya B 9579 XYZ, warna biru.",FALSE,"['Aku', 'baru', 'beli', 'kendaraan', 'baru', 'plat', 'nomornya', 'B', '9579', 'XYZ', 'warna', 'biru']","['O', 'O', 'O', 'O', 'O', 'O', 'O', 'B_Plate', 'I_Plate', 'I_Plate', 'O', 'B_Asset']"
793,2/4/2024,7:20,Eka,"Kemarin urus ulang Nomor NPWP, nomor barunya adalah 4181020213.",FALSE,"['Kemarin', 'urus', 'ulang', 'Nomor', 'NPWP', 'nomor', 'barunya', 'adalah', '4181020213']","['O', 'O', 'O', 'O', 'O', 'O', 'O', 'O', 'B_SSN']"
794,2/4/2024,7:25,Ari,Nomor Nomor Ponsel aku yang baru itu 08114796152.,FALSE,"['Nomor', 'Nomor', 'Ponsel', 'aku', 'yang', 'baru', 'itu', '08114796152']","['O', 'O', 'O', 'O', 'O', 'O', 'O', 'B_Phone_Number']"
795,2/4/2024,7:30,Dina,"Aku baru beli kendaraan baru, plat nomornya B 6528 XYZ, warna merah.",FALSE,"['Aku', 'baru', 'beli', 'kendaraan', 'baru', 'plat', 'nomornya', 'B', '6528', 'XYZ', 'warna', 'merah']","['O', 'O', 'O', 'O', 'O', 'O', 'O', 'B_Plate', 'I_Plate', 'I_Plate', 'O', 'B_Asset']"
796,2/4/2024,7:35,Ari,Ada yang tahu cara urus data Nomor Sertifikat Rumah/Properti? Aku lagi butuh info nih.,FALSE,"['Ada', 'yang', 'tahu', 'cara', 'urus', 'data', 'Nomor', 'Sertifikat', 'Rumah', 'Properti', 'Aku', 'lagi', 'butuh', 'info', 'nih']","['O', 'O', 'O', 'O', 'O', 'O', 'O', 'O', 'O', 'O', 'O', 'O', 'O', 'O', 'O']"
797,2/4/2024,7:40,Cindy,"Barusan pindah ke alamat baru, yaitu Jl. Melati No. 100.",FALSE,"['Barusan', 'pindah', 'ke', 'alamat', 'baru', 'yaitu', 'Jl', 'Melati', 'No', '100']","['O', 'O', 'O', 'O', 'O', 'O', 'B_Address', 'I_Address', 'I_Address', 'I_Address']"
798,2/4/2024,7:45,Ari,Ada yang tahu cara urus data Media Sosial? Aku lagi butuh info nih.,FALSE,"['Ada', 'yang', 'tahu', 'cara', 'urus', 'data', 'Media', 'Sosial', 'Aku', 'lagi', 'butuh', 'info', 'nih']","['O', 'O', 'O', 'O', 'O', 'O', 'O', 'O', 'O', 'O', 'O', 'O', 'O']"
799,2/4/2024,7:50,Dina,"Kemarin urus ulang Nomor Paspor, nomor barunya adalah 3154546268.",FALSE,"['Kemarin', 'urus', 'ulang', 'Nomor', 'Paspor', 'nomor', 'barunya', 'adalah', '3154546268']","['O', 'O', 'O', 'O', 'O', 'O', 'O', 'O', 'B_SSN']"
800,2/4/2024,7:55,Gina,Ada yang tahu cara urus data Nomor Kartu Kredit/Debit? Aku lagi butuh info nih.,FALSE,"['Ada', 'yang', 'tahu', 'cara', 'urus', 'data', 'Nomor', 'Kartu', 'Kredit', 'Debit', 'Aku', 'lagi', 'butuh', 'info', 'nih']","['O', 'O', 'O', 'O', 'O', 'O', 'O', 'O', 'O', 'O', 'O', 'O', 'O', 'O', 'O']"
801,2/4/2024,8:00,Gina,"Aku baru buka rekening baru, nomornya 8074107861 di Bank ABC.",FALSE,"['Aku', 'baru', 'buka', 'rekening', 'baru', 'nomornya', '8074107861', 'di', 'Bank', 'ABC']","['O', 'O', 'O', 'O', 'O', 'O', 'B_Account', 'O', 'O', 'O']"
802,2/4/2024,8:05,Ari,Ada yang tahu cara urus data Merek dan Tipe Alat Elektronik? Aku lagi butuh info nih.,FALSE,"['Ada', 'yang', 'tahu', 'cara', 'urus', 'data', 'Merek', 'dan', 'Tipe', 'Alat', 'Elektronik', 'Aku', 'lagi', 'butuh', 'info', 'nih']","['O', 'O', 'O', 'O', 'O', 'O', 'O', 'O', 'O', 'O', 'O', 'O', 'O', 'O', 'O', 'O']"
803,2/4/2024,8:10,Cindy,Ada yang tahu cara urus data Nomor Telepon Kantor? Aku lagi butuh info nih.,FALSE,"['Ada', 'yang', 'tahu', 'cara', 'urus', 'data', 'Nomor', 'Telepon', 'Kantor', 'Aku', 'lagi', 'butuh', 'info', 'nih']","['O', 'O', 'O', 'O', 'O', 'O', 'O', 'O', 'O', 'O', 'O', 'O', 'O', 'O']"
804,2/4/2024,8:15,Eka,Ada yang tahu cara urus data Nomor Rangka dan Nomor Mesin Kendaraan? Aku lagi butuh info nih.,FALSE,"['Ada', 'yang', 'tahu', 'cara', 'urus', 'data', 'Nomor', 'Rangka', 'dan', 'Nomor', 'Mesin', 'Kendaraan', 'Aku', 'lagi', 'butuh', 'info', 'nih']","['O', 'O', 'O', 'O', 'O', 'O', 'O', 'O', 'O', 'O', 'O', 'O', 'O', 'O', 'O', 'O', 'O']"
805,2/4/2024,8:20,Budi,Ada yang tahu cara urus data Nomor Telepon Kantor? Aku lagi butuh info nih.,FALSE,"['Ada', 'yang', 'tahu', 'cara', 'urus', 'data', 'Nomor', 'Telepon', 'Kantor', 'Aku', 'lagi', 'butuh', 'info', 'nih']","['O', 'O', 'O', 'O', 'O', 'O', 'O', 'O', 'O', 'O', 'O', 'O', 'O', 'O']"
806,2/4/2024,8:25,Gina,Ada yang tahu cara urus data Nomor Kartu Kredit/Debit? Aku lagi butuh info nih.,FALSE,"['Ada', 'yang', 'tahu', 'cara', 'urus', 'data', 'Nomor', 'Kartu', 'Kredit', 'Debit', 'Aku', 'lagi', 'butuh', 'info', 'nih']","['O', 'O', 'O', 'O', 'O', 'O', 'O', 'O', 'O', 'O', 'O', 'O', 'O', 'O', 'O']"
807,2/4/2024,8:30,Dina,Ada yang tahu cara urus data Nomor Akun Aset Keuangan? Aku lagi butuh info nih.,FALSE,"['Ada', 'yang', 'tahu', 'cara', 'urus', 'data', 'Nomor', 'Akun', 'Aset', 'Keuangan', 'Aku', 'lagi', 'butuh', 'info', 'nih']","['O', 'O', 'O', 'O', 'O', 'O', 'O', 'O', 'O', 'O', 'O', 'O', 'O', 'O', 'O']"
808,2/4/2024,8:35,Cindy,"Data Tempat Lahir aku sudah diverifikasi, jadi gak ada masalah lagi sekarang.",FALSE,"['Data', 'Tempat', 'Lahir', 'aku', 'sudah', 'diverifikasi', 'jadi', 'gak', 'ada', 'masalah', 'lagi', 'sekarang']","['O', 'O', 'O', 'O', 'O', 'O', 'O', 'O', 'O', 'O', 'O', 'O']"
809,2/4/2024,8:40,Budi,Ada yang tahu cara urus data Nomor Seri Barang Berharga? Aku lagi butuh info nih.,FALSE,"['Ada', 'yang', 'tahu', 'cara', 'urus', 'data', 'Nomor', 'Seri', 'Barang', 'Berharga', 'Aku', 'lagi', 'butuh', 'info', 'nih']","['O', 'O', 'O', 'O', 'O', 'O', 'O', 'O', 'O', 'O', 'O', 'O', 'O', 'O', 'O']"
810,2/4/2024,8:45,Gina,Ada yang tahu cara urus data Status Sosial? Aku lagi butuh info nih.,FALSE,"['Ada', 'yang', 'tahu', 'cara', 'urus', 'data', 'Status', 'Sosial', 'Aku', 'lagi', 'butuh', 'info', 'nih']","['O', 'O', 'O', 'O', 'O', 'O', 'O', 'O', 'O', 'O', 'O', 'O', 'O']"
811,2/4/2024,8:50,Cindy,"Aku baru update data Nama Panggilan. Detailnya sekarang sudah benar, loh.",FALSE,"['Aku', 'baru', 'update', 'data', 'Nama', 'Panggilan', 'Detailnya', 'sekarang', 'sudah', 'benar', 'loh']","['O', 'O', 'O', 'O', 'O', 'O', 'O', 'O', 'O', 'O', 'O']"
812,2/4/2024,8:55,Budi,Ada yang tahu cara urus data Alamat Email? Aku lagi butuh info nih.,FALSE,"['Ada', 'yang', 'tahu', 'cara', 'urus', 'data', 'Alamat', 'Email', 'Aku', 'lagi', 'butuh', 'info', 'nih']","['O', 'O', 'O', 'O', 'O', 'O', 'O', 'O', 'O', 'O', 'O', 'O', 'O']"
813,2/4/2024,9:00,Budi,Ada yang tahu cara urus data Lokasi Aktivitas Digital? Aku lagi butuh info nih.,FALSE,"['Ada', 'yang', 'tahu', 'cara', 'urus', 'data', 'Lokasi', 'Aktivitas', 'Digital', 'Aku', 'lagi', 'butuh', 'info', 'nih']","['O', 'O', 'O', 'O', 'O', 'O', 'O', 'O', 'O', 'O', 'O', 'O', 'O', 'O']"
814,2/4/2024,9:05,Budi,Ada yang tahu cara urus data Riwayat Pencarian di Internet? Aku lagi butuh info nih.,FALSE,"['Ada', 'yang', 'tahu', 'cara', 'urus', 'data', 'Riwayat', 'Pencarian', 'di', 'Internet', 'Aku', 'lagi', 'butuh', 'info', 'nih']","['O', 'O', 'O', 'O', 'O', 'O', 'O', 'O', 'O', 'O', 'O', 'O', 'O', 'O', 'O']"
815,2/4/2024,9:10,Eka,"Aku baru beli kendaraan baru, plat nomornya B 4688 XYZ, warna biru.",FALSE,"['Aku', 'baru', 'beli', 'kendaraan', 'baru', 'plat', 'nomornya', 'B', '4688', 'XYZ', 'warna', 'biru']","['O', 'O', 'O', 'O', 'O', 'O', 'O', 'B_Plate', 'I_Plate', 'I_Plate', 'O', 'B_Asset']"
816,2/4/2024,9:15,Dina,Ada yang tahu cara urus data Lokasi Aktivitas Digital? Aku lagi butuh info nih.,FALSE,"['Ada', 'yang', 'tahu', 'cara', 'urus', 'data', 'Lokasi', 'Aktivitas', 'Digital', 'Aku', 'lagi', 'butuh', 'info', 'nih']","['O', 'O', 'O', 'O', 'O', 'O', 'O', 'O', 'O', 'O', 'O', 'O', 'O', 'O']"
817,2/4/2024,9:20,Budi,"Kemarin urus ulang Nomor BPJS, nomor barunya adalah 1209256803.",FALSE,"['Kemarin', 'urus', 'ulang', 'Nomor', 'BPJS', 'nomor', 'barunya', 'adalah', '1209256803']","['O', 'O', 'O', 'O', 'O', 'O', 'O', 'O', 'B_SSN']"
818,2/4/2024,9:25,Eka,Ada yang tahu cara urus data Nomor Telepon Kantor? Aku lagi butuh info nih.,FALSE,"['Ada', 'yang', 'tahu', 'cara', 'urus', 'data', 'Nomor', 'Telepon', 'Kantor', 'Aku', 'lagi', 'butuh', 'info', 'nih']","['O', 'O', 'O', 'O', 'O', 'O', 'O', 'O', 'O', 'O', 'O', 'O', 'O', 'O']"
819,2/4/2024,9:30,Eka,Ada yang tahu cara urus data Nomor Kartu Kredit/Debit? Aku lagi butuh info nih.,FALSE,"['Ada', 'yang', 'tahu', 'cara', 'urus', 'data', 'Nomor', 'Kartu', 'Kredit', 'Debit', 'Aku', 'lagi', 'butuh', 'info', 'nih']","['O', 'O', 'O', 'O', 'O', 'O', 'O', 'O', 'O', 'O', 'O', 'O', 'O', 'O', 'O']"
820,2/4/2024,9:35,Gina,"Barusan pindah ke alamat baru, yaitu Jl. Kenanga No. 71.",FALSE,"['Barusan', 'pindah', 'ke', 'alamat', 'baru', 'yaitu', 'Jl', 'Kenanga', 'No', '71']","['O', 'O', 'O', 'O', 'O', 'O', 'B_Address', 'I_Address', 'I_Address', 'I_Address']"
821,2/4/2024,9:40,Ari,Ada yang tahu cara urus data Nomor JKN? Aku lagi butuh info nih.,FALSE,"['Ada', 'yang', 'tahu', 'cara', 'urus', 'data', 'Nomor', 'JKN', 'Aku', 'lagi', 'butuh', 'info', 'nih']","['O', 'O', 'O', 'O', 'O', 'O', 'O', 'O', 'O', 'O', 'O', 'O', 'O']"
822,2/4/2024,9:45,Ari,"Barusan pindah ke alamat baru, yaitu Jl. Melati No. 96.",FALSE,"['Barusan', 'pindah', 'ke', 'alamat', 'baru', 'yaitu', 'Jl', 'Melati', 'No', '96']","['O', 'O', 'O', 'O', 'O', 'O','B_Address', 'I_Address', 'I_Address', 'I_Address']"
823,2/4/2024,9:50,Budi,Ada yang tahu cara urus data Nomor Telepon Rumah? Aku lagi butuh info nih.,FALSE,"['Ada', 'yang', 'tahu', 'cara', 'urus', 'data', 'Nomor', 'Telepon', 'Rumah', 'Aku', 'lagi', 'butuh', 'info', 'nih']","['O', 'O', 'O', 'O', 'O', 'O', 'O', 'O', 'O', 'O', 'O', 'O', 'O', 'O']"
824,2/4/2024,9:55,Budi,Ada yang tahu cara urus data Nomor Induk Pegawai (NIP)? Aku lagi butuh info nih.,FALSE,"['Ada', 'yang', 'tahu', 'cara', 'urus', 'data', 'Nomor', 'Induk', 'Pegawai', 'NIP', 'Aku', 'lagi', 'butuh', 'info', 'nih']","['O', 'O', 'O', 'O', 'O', 'O', 'O', 'O', 'O', 'O', 'O', 'O', 'O', 'O', 'O']"
825,2/4/2024,10:00,Gina,"Aku baru update data Nama Ibu Kandung. Detailnya sekarang sudah benar, loh.",FALSE,"['Aku', 'baru', 'update', 'data', 'Nama', 'Ibu', 'Kandung', 'Detailnya', 'sekarang', 'sudah', 'benar', 'loh']","['O', 'O', 'O', 'O', 'O', 'O', 'O', 'O', 'O', 'O', 'O', 'O']"
826,2/4/2024,10:05,Eka,Ada yang tahu cara urus data Nomor Rangka dan Nomor Mesin Kendaraan? Aku lagi butuh info nih.,FALSE,"['Ada', 'yang', 'tahu', 'cara', 'urus', 'data', 'Nomor', 'Rangka', 'dan', 'Nomor', 'Mesin', 'Kendaraan', 'Aku', 'lagi', 'butuh', 'info', 'nih']","['O', 'O', 'O', 'O', 'O', 'O', 'O', 'O', 'O', 'O', 'O', 'O', 'O', 'O', 'O', 'O', 'O']"
827,2/4/2024,10:10,Ari,"Aku baru update data Nama Panggilan. Detailnya sekarang sudah benar, loh.",FALSE,"['Aku', 'baru', 'update', 'data', 'Nama', 'Panggilan', 'Detailnya', 'sekarang', 'sudah', 'benar', 'loh']","['O', 'O', 'O', 'O', 'O', 'O', 'O', 'O', 'O', 'O', 'O']"
828,2/4/2024,10:15,Gina,Ada yang tahu cara urus data Nomor Telepon Kantor? Aku lagi butuh info nih.,FALSE,"['Ada', 'yang', 'tahu', 'cara', 'urus', 'data', 'Nomor', 'Telepon', 'Kantor', 'Aku', 'lagi', 'butuh', 'info', 'nih']","['O', 'O', 'O', 'O', 'O', 'O', 'O', 'O', 'O', 'O', 'O', 'O', 'O', 'O']"
829,2/4/2024,10:20,Ari,Ada yang tahu cara urus data Status Sosial? Aku lagi butuh info nih.,FALSE,"['Ada', 'yang', 'tahu', 'cara', 'urus', 'data', 'Status', 'Sosial', 'Aku', 'lagi', 'butuh', 'info', 'nih']","['O', 'O', 'O', 'O', 'O', 'O', 'O', 'O', 'O', 'O', 'O', 'O', 'O']"
830,2/4/2024,10:25,Cindy,"Aku baru update data Nama Ibu Kandung. Detailnya sekarang sudah benar, loh.",FALSE,"['Aku', 'baru', 'update', 'data', 'Nama', 'Ibu', 'Kandung', 'Detailnya', 'sekarang', 'sudah', 'benar', 'loh']","['O', 'O', 'O', 'O', 'O', 'O', 'O', 'O', 'O', 'O', 'O', 'O']"
831,2/4/2024,10:30,Budi,"Kemarin urus ulang Nomor NPWP, nomor barunya adalah 5048868596.",FALSE,"['Kemarin', 'urus', 'ulang', 'Nomor', 'NPWP', 'nomor', 'barunya', 'adalah', '5048868596']","['O', 'O', 'O', 'O', 'O', 'O', 'O', 'O', 'B_SSN']"
832,2/4/2024,10:35,Cindy,Ada yang tahu cara urus data Nomor Rangka dan Nomor Mesin Kendaraan? Aku lagi butuh info nih.,FALSE,"['Ada', 'yang', 'tahu', 'cara', 'urus', 'data', 'Nomor', 'Rangka', 'dan', 'Nomor', 'Mesin', 'Kendaraan', 'Aku', 'lagi', 'butuh', 'info', 'nih']","['O', 'O', 'O', 'O', 'O', 'O', 'O', 'O', 'O', 'O', 'O', 'O', 'O', 'O', 'O', 'O', 'O']"
833,2/4/2024,10:40,Ari,"Barusan pindah ke alamat baru, yaitu Jl. Melati No. 73.",FALSE,"['Barusan', 'pindah', 'ke', 'alamat', 'baru', 'yaitu', 'Jl', 'Melati', 'No', '73']","['O', 'O', 'O', 'O', 'O', 'O','B_Address', 'I_Address', 'I_Address', 'I_Address']"
834,2/4/2024,10:45,Budi,Ada yang tahu cara urus data Merek dan Tipe Alat Elektronik? Aku lagi butuh info nih.,FALSE,"['Ada', 'yang', 'tahu', 'cara', 'urus', 'data', 'Merek', 'dan', 'Tipe', 'Alat', 'Elektronik', 'Aku', 'lagi', 'butuh', 'info', 'nih']","['O', 'O', 'O', 'O', 'O', 'O', 'O', 'O', 'O', 'O', 'O', 'O', 'O', 'O', 'O', 'O']"
835,2/4/2024,10:50,Dina,"Kemarin urus ulang Nomor NPWP, nomor barunya adalah 6631608920.",FALSE,"['Kemarin', 'urus', 'ulang', 'Nomor', 'NPWP', 'nomor', 'barunya', 'adalah', '6631608920']","['O', 'O', 'O', 'O', 'O', 'O', 'O', 'O', 'B_SSN']"
836,2/4/2024,10:55,Dina,"Aku baru update data Nama Lengkap. Detailnya sekarang sudah benar, loh.",FALSE,"['Aku', 'baru', 'update', 'data', 'Nama', 'Lengkap', 'Detailnya', 'sekarang', 'sudah', 'benar', 'loh']","['O', 'O', 'O', 'O', 'O', 'O', 'O', 'O', 'O', 'O', 'O']"
837,2/4/2024,11:00,Budi,"Barusan pindah ke alamat baru, yaitu Jl. Mawar No. 52.",FALSE,"['Barusan', 'pindah', 'ke', 'alamat', 'baru', 'yaitu', 'Jl', 'Mawar', 'No', '52']","['O', 'O', 'O', 'O', 'O', 'O', 'B_Address', 'I_Address', 'I_Address', 'I_Address']"
838,2/4/2024,11:05,Ari,"Aku baru beli kendaraan baru, plat nomornya B 6595 XYZ, warna hitam.",FALSE,"['Aku', 'baru', 'beli', 'kendaraan', 'baru', 'plat', 'nomornya', 'B', '6595', 'XYZ', 'warna', 'hitam']","['O', 'O', 'O', 'O', 'O', 'O', 'O', 'B_Plate', 'I_Plate', 'I_Plate', 'O', 'B_Asset']"
839,2/4/2024,11:10,Eka,Ada yang tahu cara urus data Nomor Sertifikat Rumah/Properti? Aku lagi butuh info nih.,FALSE,"['Ada', 'yang', 'tahu', 'cara', 'urus', 'data', 'Nomor', 'Sertifikat', 'Rumah', 'Properti', 'Aku', 'lagi', 'butuh', 'info', 'nih']","['O', 'O', 'O', 'O', 'O', 'O', 'O', 'O', 'O', 'O', 'O', 'O', 'O', 'O', 'O']"
840,2/4/2024,11:15,Dina,"Aku baru beli kendaraan baru, plat nomornya B 8776 XYZ, warna merah.",FALSE,"['Aku', 'baru', 'beli', 'kendaraan', 'baru', 'plat', 'nomornya', 'B', '8776', 'XYZ', 'warna', 'merah']","['O', 'O', 'O', 'O', 'O', 'O', 'O', 'B_Plate', 'I_Plate', 'I_Plate', 'O', 'B_Asset']"
841,2/4/2024,11:20,Cindy,"Kemarin urus ulang Nomor BPJS, nomor barunya adalah 6501753415.",FALSE,"['Kemarin', 'urus', 'ulang', 'Nomor', 'BPJS', 'nomor', 'barunya', 'adalah', '6501753415']","['O', 'O', 'O', 'O', 'O', 'O', 'O', 'O', 'B_SSN']"
842,2/4/2024,11:25,Eka,"Kemarin urus ulang Nomor Paspor, nomor barunya adalah 2040804067.",FALSE,"['Kemarin', 'urus', 'ulang', 'Nomor', 'Paspor', 'nomor', 'barunya', 'adalah', '2040804067']","['O', 'O', 'O', 'O', 'O', 'O', 'O', 'O', 'B_SSN']"
843,2/4/2024,11:30,Budi,Ada yang tahu cara urus data Status Perkawinan? Aku lagi butuh info nih.,FALSE,"['Ada', 'yang', 'tahu', 'cara', 'urus', 'data', 'Status', 'Perkawinan', 'Aku', 'lagi', 'butuh', 'info', 'nih']","['O', 'O', 'O', 'O', 'O', 'O', 'O', 'O', 'O', 'O', 'O', 'O', 'O']"
844,2/4/2024,11:35,Cindy,Nomor Nomor Telepon aku yang baru itu 08158067756.,FALSE,"['Nomor', 'Nomor', 'Telepon', 'aku', 'yang', 'baru', 'itu', '08158067756']","['O', 'O', 'O', 'O', 'O', 'O', 'O', 'B_Phone_Number']"
845,2/4/2024,11:40,Dina,Ada yang tahu cara urus data Nomor JKN? Aku lagi butuh info nih.,FALSE,"['Ada', 'yang', 'tahu', 'cara', 'urus', 'data', 'Nomor', 'JKN', 'Aku', 'lagi', 'butuh', 'info', 'nih']","['O', 'O', 'O', 'O', 'O', 'O', 'O', 'O', 'O', 'O', 'O', 'O', 'O']"
846,2/4/2024,11:45,Ari,Ada yang tahu cara urus data Alamat Email? Aku lagi butuh info nih.,FALSE,"['Ada', 'yang', 'tahu', 'cara', 'urus', 'data', 'Alamat', 'Email', 'Aku', 'lagi', 'butuh', 'info', 'nih']","['O', 'O', 'O', 'O', 'O', 'O', 'O', 'O', 'O', 'O', 'O', 'O', 'O']"
847,2/4/2024,11:50,Ari,Ada yang tahu cara urus data Riwayat Pencarian di Internet? Aku lagi butuh info nih.,FALSE,"['Ada', 'yang', 'tahu', 'cara', 'urus', 'data', 'Riwayat', 'Pencarian', 'di', 'Internet', 'Aku', 'lagi', 'butuh', 'info', 'nih']","['O', 'O', 'O', 'O', 'O', 'O', 'O', 'O', 'O', 'O', 'O', 'O', 'O', 'O', 'O']"
848,2/4/2024,11:55,Dina,Ada yang tahu cara urus data Nomor Kartu Kredit/Debit? Aku lagi butuh info nih.,FALSE,"['Ada', 'yang', 'tahu', 'cara', 'urus', 'data', 'Nomor', 'Kartu', 'Kredit', 'Debit', 'Aku', 'lagi', 'butuh', 'info', 'nih']","['O', 'O', 'O', 'O', 'O', 'O', 'O', 'O', 'O', 'O', 'O', 'O', 'O', 'O', 'O']"
849,2/4/2024,12:00,Cindy,Ada yang tahu cara urus data Nomor Sertifikat Rumah/Properti? Aku lagi butuh info nih.,FALSE,"['Ada', 'yang', 'tahu', 'cara', 'urus', 'data', 'Nomor', 'Sertifikat', 'Rumah', 'Properti', 'Aku', 'lagi', 'butuh', 'info', 'nih']","['O', 'O', 'O', 'O', 'O', 'O', 'O', 'O', 'O', 'O', 'O', 'O', 'O', 'O', 'O']"
850,2/4/2024,12:05,Cindy,"Aku baru beli kendaraan baru, plat nomornya B 8585 XYZ, warna hitam.",FALSE,"['Aku', 'baru', 'beli', 'kendaraan', 'baru', 'plat', 'nomornya', 'B', '8585', 'XYZ', 'warna', 'hitam']","['O', 'O', 'O', 'O', 'O', 'O', 'O', 'B_Plate', 'I_Plate', 'I_Plate', 'O', 'B_Asset']"
851,2/4/2024,12:10,Budi,Nomor Nomor Telepon aku yang baru itu 08157152126.,FALSE,"['Nomor', 'Nomor', 'Telepon', 'aku', 'yang', 'baru', 'itu', '08157152126']","['O', 'O', 'O', 'O', 'O', 'O', 'O', 'B_Phone_Number']"
852,2/4/2024,12:15,Eka,Ada yang tahu cara urus data Nomor Faks? Aku lagi butuh info nih.,FALSE,"['Ada', 'yang', 'tahu', 'cara', 'urus', 'data', 'Nomor', 'Faks', 'Aku', 'lagi', 'butuh', 'info', 'nih']","['O', 'O', 'O', 'O', 'O', 'O', 'O', 'O', 'O', 'O', 'O', 'O', 'O']"
853,2/4/2024,12:20,Dina,Ada yang tahu cara urus data Nomor Faks? Aku lagi butuh info nih.,FALSE,"['Ada', 'yang', 'tahu', 'cara', 'urus', 'data', 'Nomor', 'Faks', 'Aku', 'lagi', 'butuh', 'info', 'nih']","['O', 'O', 'O', 'O', 'O', 'O', 'O', 'O', 'O', 'O', 'O', 'O', 'O']"
854,2/4/2024,12:25,Cindy,Ada yang tahu cara urus data Nomor Induk Pegawai (NIP)? Aku lagi butuh info nih.,FALSE,"['Ada', 'yang', 'tahu', 'cara', 'urus', 'data', 'Nomor', 'Induk', 'Pegawai', 'NIP', 'Aku', 'lagi', 'butuh', 'info', 'nih']","['O', 'O', 'O', 'O', 'O', 'O', 'O', 'O', 'O', 'O', 'O', 'O', 'O', 'O', 'O']"
855,2/4/2024,12:30,Dina,"Aku baru beli kendaraan baru, plat nomornya B 6160 XYZ, warna biru.",FALSE,"['Aku', 'baru', 'beli', 'kendaraan', 'baru', 'plat', 'nomornya', 'B', '6160', 'XYZ', 'warna', 'biru']","['O', 'O', 'O', 'O', 'O', 'O', 'O', 'B_Plate', 'I_Plate', 'I_Plate', 'O', 'B_Asset']"
856,2/4/2024,12:35,Cindy,Ada yang tahu cara urus data Nomor Sertifikat Rumah/Properti? Aku lagi butuh info nih.,FALSE,"['Ada', 'yang', 'tahu', 'cara', 'urus', 'data', 'Nomor', 'Sertifikat', 'Rumah', 'Properti', 'Aku', 'lagi', 'butuh', 'info', 'nih']","['O', 'O', 'O', 'O', 'O', 'O', 'O', 'O', 'O', 'O', 'O', 'O', 'O', 'O', 'O']"
857,2/4/2024,12:40,Gina,Ada yang tahu cara urus data Nomor Akun Aset Keuangan? Aku lagi butuh info nih.,FALSE,"['Ada', 'yang', 'tahu', 'cara', 'urus', 'data', 'Nomor', 'Akun', 'Aset', 'Keuangan', 'Aku', 'lagi', 'butuh', 'info', 'nih']","['O', 'O', 'O', 'O', 'O', 'O', 'O', 'O', 'O', 'O', 'O', 'O', 'O', 'O', 'O']"
858,2/4/2024,12:45,Eka,Ada yang tahu cara urus data Nomor Induk Siswa Nasional (NISN)? Aku lagi butuh info nih.,FALSE,"['Ada', 'yang', 'tahu', 'cara', 'urus', 'data', 'Nomor', 'Induk', 'Siswa', 'Nasional', 'NISN', 'Aku', 'lagi', 'butuh', 'info', 'nih']","['O', 'O', 'O', 'O', 'O', 'O', 'O', 'O', 'O', 'O', 'O', 'O', 'O', 'O', 'O', 'O']"
859,2/4/2024,12:50,Gina,Ada yang tahu cara urus data Nomor Seri Barang Berharga? Aku lagi butuh info nih.,FALSE,"['Ada', 'yang', 'tahu', 'cara', 'urus', 'data', 'Nomor', 'Seri', 'Barang', 'Berharga', 'Aku', 'lagi', 'butuh', 'info', 'nih']","['O', 'O', 'O', 'O', 'O', 'O', 'O', 'O', 'O', 'O', 'O', 'O', 'O', 'O', 'O']"
860,2/4/2024,12:55,Cindy,"Data Tanggal Lahir aku sudah diverifikasi, jadi gak ada masalah lagi sekarang.",FALSE,"['Data', 'Tanggal', 'Lahir', 'aku', 'sudah', 'diverifikasi', 'jadi', 'gak', 'ada', 'masalah', 'lagi', 'sekarang']","['O', 'O', 'O', 'O', 'O', 'O', 'O', 'O', 'O', 'O', 'O', 'O']"
861,2/4/2024,13:00,Dina,Ada yang tahu cara urus data Nomor Faks? Aku lagi butuh info nih.,FALSE,"['Ada', 'yang', 'tahu', 'cara', 'urus', 'data', 'Nomor', 'Faks', 'Aku', 'lagi', 'butuh', 'info', 'nih']","['O', 'O', 'O', 'O', 'O', 'O', 'O', 'O', 'O', 'O', 'O', 'O', 'O']"
862,2/4/2024,13:05,Cindy,"Barusan pindah ke alamat baru, yaitu Jl. Mawar No. 88.",FALSE,"['Barusan', 'pindah', 'ke', 'alamat', 'baru', 'yaitu', 'Jl', 'Mawar', 'No', '88']","['O', 'O', 'O', 'O', 'O', 'O', 'B_Address', 'I_Address', 'I_Address', 'I_Address']"
863,2/4/2024,13:10,Dina,"Aku baru update data Alias. Detailnya sekarang sudah benar, loh.",FALSE,"['Aku', 'baru', 'update', 'data', 'Alias', 'Detailnya', 'sekarang', 'sudah', 'benar', 'loh']","['O', 'O', 'O', 'O', 'O', 'O', 'O', 'O', 'O', 'O']"
864,2/4/2024,13:15,Cindy,"Kemarin urus ulang Nomor Paspor, nomor barunya adalah 1027981811.",FALSE,"['Kemarin', 'urus', 'ulang', 'Nomor', 'Paspor', 'nomor', 'barunya', 'adalah', '1027981811']","['O', 'O', 'O', 'O', 'O', 'O', 'O', 'O', 'B_SSN']"
865,2/4/2024,13:20,Gina,Ada yang tahu cara urus data Status Perkawinan? Aku lagi butuh info nih.,FALSE,"['Ada', 'yang', 'tahu', 'cara', 'urus', 'data', 'Status', 'Perkawinan', 'Aku', 'lagi', 'butuh', 'info', 'nih']","['O', 'O', 'O', 'O', 'O', 'O', 'O', 'O', 'O', 'O', 'O', 'O', 'O']"
866,2/4/2024,13:25,Dina,Ada yang tahu cara urus data Nomor Faks? Aku lagi butuh info nih.,FALSE,"['Ada', 'yang', 'tahu', 'cara', 'urus', 'data', 'Nomor', 'Faks', 'Aku', 'lagi', 'butuh', 'info', 'nih']","['O', 'O', 'O', 'O', 'O', 'O', 'O', 'O', 'O', 'O', 'O', 'O', 'O']"
867,2/4/2024,13:30,Dina,"Kemarin urus ulang Nomor KTP, nomor barunya adalah 1635772778.",FALSE,"['Kemarin', 'urus', 'ulang', 'Nomor', 'KTP', 'nomor', 'barunya', 'adalah', '1635772778']","['O', 'O', 'O', 'O', 'O', 'O', 'O', 'O', 'B_SSN']"
868,2/4/2024,13:35,Dina,"Aku baru beli kendaraan baru, plat nomornya B 8749 XYZ, warna biru.",FALSE,"['Aku', 'baru', 'beli', 'kendaraan', 'baru', 'plat', 'nomornya', 'B', '8749', 'XYZ', 'warna', 'biru']","['O', 'O', 'O', 'O', 'O', 'O', 'O', 'B_Plate', 'I_Plate', 'I_Plate', 'O', 'B_Asset']"
869,2/4/2024,13:40,Eka,"Aku baru update data Alias. Detailnya sekarang sudah benar, loh.",FALSE,"['Aku', 'baru', 'update', 'data', 'Alias', 'Detailnya', 'sekarang', 'sudah', 'benar', 'loh']","['O', 'O', 'O', 'O', 'O', 'O', 'O', 'O', 'O', 'O']"
870,2/4/2024,13:45,Budi,Nomor Nomor Telepon aku yang baru itu 08197698093.,FALSE,"['Nomor', 'Nomor', 'Telepon', 'aku', 'yang', 'baru', 'itu', '08197698093']","['O', 'O', 'O', 'O', 'O', 'O', 'O', 'B_SSN']"
871,2/4/2024,13:50,Ari,Ada yang tahu cara urus data Nomor Rangka dan Nomor Mesin Kendaraan? Aku lagi butuh info nih.,FALSE,"['Ada', 'yang', 'tahu', 'cara', 'urus', 'data', 'Nomor', 'Rangka', 'dan', 'Nomor', 'Mesin', 'Kendaraan', 'Aku', 'lagi', 'butuh', 'info', 'nih']","['O', 'O', 'O', 'O', 'O', 'O', 'O', 'O', 'O', 'O', 'O', 'O', 'O', 'O', 'O', 'O', 'O']"
872,2/4/2024,13:55,Dina,Aku lagi tambahkan data Riwayat Pendidikan ke sistem. Semoga prosesnya lancar.,FALSE,"['Aku', 'lagi', 'tambahkan', 'data', 'Riwayat', 'Pendidikan', 'ke', 'sistem', 'Semoga', 'prosesnya', 'lancar']","['O', 'O', 'O', 'O', 'O', 'O', 'O', 'O', 'O', 'O', 'O']"
873,2/4/2024,14:00,Budi,Ada yang tahu cara urus data Media Sosial? Aku lagi butuh info nih.,FALSE,"['Ada', 'yang', 'tahu', 'cara', 'urus', 'data', 'Media', 'Sosial', 'Aku', 'lagi', 'butuh', 'info', 'nih']","['O', 'O', 'O', 'O', 'O', 'O', 'O', 'O', 'O', 'O', 'O', 'O', 'O']"
874,2/4/2024,14:05,Cindy,"Barusan pindah ke alamat baru, yaitu Jl. Mawar No. 60.",FALSE,"['Barusan', 'pindah', 'ke', 'alamat', 'baru', 'yaitu', 'Jl', 'Mawar', 'No', '60']","['O', 'O', 'O', 'O', 'O', 'O', 'B_Address', 'I_Address', 'I_Address', 'I_Address']"
875,2/4/2024,14:10,Gina,Ada yang tahu cara urus data Nomor Sertifikat Tanah? Aku lagi butuh info nih.,FALSE,"['Ada', 'yang', 'tahu', 'cara', 'urus', 'data', 'Nomor', 'Sertifikat', 'Tanah', 'Aku', 'lagi', 'butuh', 'info', 'nih']","['O', 'O', 'O', 'O', 'O', 'O', 'O', 'O', 'O', 'O', 'O', 'O', 'O', 'O']"
876,2/4/2024,14:15,Ari,"Barusan pindah ke alamat baru, yaitu Jl. Mawar No. 88.",FALSE,"['Barusan', 'pindah', 'ke', 'alamat', 'baru', 'yaitu', 'Jl', 'Mawar', 'No', '88']","['O', 'O', 'O', 'O', 'O', 'O', 'B_Address', 'I_Address', 'I_Address', 'I_Address']"
877,2/4/2024,14:20,Ari,Ada yang tahu cara urus data Status Perkawinan? Aku lagi butuh info nih.,FALSE,"['Ada', 'yang', 'tahu', 'cara', 'urus', 'data', 'Status', 'Perkawinan', 'Aku', 'lagi', 'butuh', 'info', 'nih']","['O', 'O', 'O', 'O', 'O', 'O', 'O', 'O', 'O', 'O', 'O', 'O', 'O']"
878,2/4/2024,14:25,Dina,Ada yang tahu cara urus data Nomor Sertifikat Rumah/Properti? Aku lagi butuh info nih.,FALSE,"['Ada', 'yang', 'tahu', 'cara', 'urus', 'data', 'Nomor', 'Sertifikat', 'Rumah', 'Properti', 'Aku', 'lagi', 'butuh', 'info', 'nih']","['O', 'O', 'O', 'O', 'O', 'O', 'O', 'O', 'O', 'O', 'O', 'O', 'O', 'O', 'O']"
879,2/4/2024,14:30,Cindy,Ada yang tahu cara urus data Nomor Induk Siswa Nasional (NISN)? Aku lagi butuh info nih.,FALSE,"['Ada', 'yang', 'tahu', 'cara', 'urus', 'data', 'Nomor', 'Induk', 'Siswa', 'Nasional', 'NISN', 'Aku', 'lagi', 'butuh', 'info', 'nih']","['O', 'O', 'O', 'O', 'O', 'O', 'O', 'O', 'O', 'O', 'O', 'O', 'O', 'O', 'O', 'O']"
880,2/4/2024,14:35,Dina,"Barusan pindah ke alamat baru, yaitu Jl. Mawar No. 47.",FALSE,"['Barusan', 'pindah', 'ke', 'alamat', 'baru', 'yaitu', 'Jl', 'Mawar', 'No', '47']","['O', 'O', 'O', 'O', 'O', 'O', 'B_Address', 'I_Address', 'I_Address', 'I_Address']"
881,2/4/2024,14:40,Cindy,Ada yang tahu cara urus data Nomor Seri Barang Berharga? Aku lagi butuh info nih.,FALSE,"['Ada', 'yang', 'tahu', 'cara', 'urus', 'data', 'Nomor', 'Seri', 'Barang', 'Berharga', 'Aku', 'lagi', 'butuh', 'info', 'nih']","['O', 'O', 'O', 'O', 'O', 'O', 'O', 'O', 'O', 'O', 'O', 'O', 'O', 'O', 'O']"
882,2/4/2024,14:45,Cindy,"Aku baru beli kendaraan baru, plat nomornya B 4213 XYZ, warna merah.",FALSE,"['Aku', 'baru', 'beli', 'kendaraan', 'baru', 'plat', 'nomornya', 'B', '4213', 'XYZ', 'warna', 'merah']","['O', 'O', 'O', 'O', 'O', 'O', 'O', 'B_Plate', 'I_Plate', 'I_Plate', 'O', 'B_Asset']"
883,2/4/2024,14:50,Gina,Nomor Nomor Ponsel aku yang baru itu 08163874049.,FALSE,"['Nomor', 'Nomor', 'Ponsel', 'aku', 'yang', 'baru', 'itu', '08163874049']","['O', 'O', 'O', 'O', 'O', 'O', 'O', 'B_SSN']"
884,2/4/2024,14:55,Gina,Ada yang tahu cara urus data Alamat Email? Aku lagi butuh info nih.,FALSE,"['Ada', 'yang', 'tahu', 'cara', 'urus', 'data', 'Alamat', 'Email', 'Aku', 'lagi', 'butuh', 'info', 'nih']","['O', 'O', 'O', 'O', 'O', 'O', 'O', 'O', 'O', 'O', 'O', 'O', 'O']"
885,2/4/2024,15:00,Gina,"Barusan pindah ke alamat baru, yaitu Jl. Melati No. 2.",FALSE,"['Barusan', 'pindah', 'ke', 'alamat', 'baru', 'yaitu', 'Jl', 'Melati', 'No', '2']","['O', 'O', 'O', 'O', 'O', 'O','B_Address', 'I_Address', 'I_Address', 'I_Address']"
886,2/4/2024,15:05,Gina,Ada yang tahu cara urus data Agama? Aku lagi butuh info nih.,FALSE,"['Ada', 'yang', 'tahu', 'cara', 'urus', 'data', 'Agama', 'Aku', 'lagi', 'butuh', 'info', 'nih']","['O', 'O', 'O', 'O', 'O', 'O', 'O', 'O', 'O', 'O', 'O', 'O']"
887,2/4/2024,15:10,Gina,"Aku baru beli kendaraan baru, plat nomornya B 5021 XYZ, warna biru.",FALSE,"['Aku', 'baru', 'beli', 'kendaraan', 'baru', 'plat', 'nomornya', 'B', '5021', 'XYZ', 'warna', 'biru']","['O', 'O', 'O', 'O', 'O', 'O', 'O', 'B_Plate', 'I_Plate', 'I_Plate', 'O', 'B_Asset']"
888,2/4/2024,15:15,Dina,Ada yang tahu cara urus data Nomor Rangka dan Nomor Mesin Kendaraan? Aku lagi butuh info nih.,FALSE,"['Ada', 'yang', 'tahu', 'cara', 'urus', 'data', 'Nomor', 'Rangka', 'dan', 'Nomor', 'Mesin', 'Kendaraan', 'Aku', 'lagi', 'butuh', 'info', 'nih']","['O', 'O', 'O', 'O', 'O', 'O', 'O', 'O', 'O', 'O', 'O', 'O', 'O', 'O', 'O', 'O', 'O']"
889,2/4/2024,15:20,Cindy,"Kemarin urus ulang Nomor Paspor, nomor barunya adalah 8262193670.",FALSE,"['Kemarin', 'urus', 'ulang', 'Nomor', 'Paspor', 'nomor', 'barunya', 'adalah', '8262193670']","['O', 'O', 'O', 'O', 'O', 'O', 'O', 'O', 'B_SSN']"
890,2/4/2024,15:25,Dina,"Kemarin urus ulang Nomor KTP, nomor barunya adalah 3575558568.",FALSE,"['Kemarin', 'urus', 'ulang', 'Nomor', 'KTP', 'nomor', 'barunya', 'adalah', '3575558568']","['O', 'O', 'O', 'O', 'O', 'O', 'O', 'O', 'B_SSN']"
891,2/4/2024,15:30,Budi,Ada yang tahu cara urus data Nomor Sertifikat Rumah/Properti? Aku lagi butuh info nih.,FALSE,"['Ada', 'yang', 'tahu', 'cara', 'urus', 'data', 'Nomor', 'Sertifikat', 'Rumah', 'Properti', 'Aku', 'lagi', 'butuh', 'info', 'nih']","['O', 'O', 'O', 'O', 'O', 'O', 'O', 'O', 'O', 'O', 'O', 'O', 'O', 'O', 'O']"
892,2/4/2024,15:35,Budi,"Kemarin urus ulang Nomor Paspor, nomor barunya adalah 3034128885.",FALSE,"['Kemarin', 'urus', 'ulang', 'Nomor', 'Paspor', 'nomor', 'barunya', 'adalah', '3034128885']","['O', 'O', 'O', 'O', 'O', 'O', 'O', 'O', 'B_SSN']"
893,2/4/2024,15:40,Ari,"Barusan pindah ke alamat baru, yaitu Jl. Mawar No. 76.",FALSE,"['Barusan', 'pindah', 'ke', 'alamat', 'baru', 'yaitu', 'Jl', 'Mawar', 'No', '76']","['O', 'O', 'O', 'O', 'O', 'O', 'B_Address', 'I_Address', 'I_Address', 'I_Address']"
894,2/4/2024,15:45,Ari,Ada yang tahu cara urus data Nomor Telepon Rumah? Aku lagi butuh info nih.,FALSE,"['Ada', 'yang', 'tahu', 'cara', 'urus', 'data', 'Nomor', 'Telepon', 'Rumah', 'Aku', 'lagi', 'butuh', 'info', 'nih']","['O', 'O', 'O', 'O', 'O', 'O', 'O', 'O', 'O', 'O', 'O', 'O', 'O', 'O']"
895,2/4/2024,15:50,Cindy,Nomor Nomor Telepon aku yang baru itu 08187005700.,FALSE,"['Nomor', 'Nomor', 'Telepon', 'aku', 'yang', 'baru', 'itu', '08187005700']","['O', 'O', 'O', 'O', 'O', 'O', 'O', 'B_Phone_Number']"
896,2/4/2024,15:55,Gina,"Kemarin urus ulang Nomor NPWP, nomor barunya adalah 3582077612.",FALSE,"['Kemarin', 'urus', 'ulang', 'Nomor', 'NPWP', 'nomor', 'barunya', 'adalah', '3582077612']","['O', 'O', 'O', 'O', 'O', 'O', 'O', 'O', 'B_SSN']"
897,2/4/2024,16:00,Dina,Ada yang tahu cara urus data Nomor Induk Siswa Nasional (NISN)? Aku lagi butuh info nih.,FALSE,"['Ada', 'yang', 'tahu', 'cara', 'urus', 'data', 'Nomor', 'Induk', 'Siswa', 'Nasional', 'NISN', 'Aku', 'lagi', 'butuh', 'info', 'nih']","['O', 'O', 'O', 'O', 'O', 'O', 'O', 'O', 'O', 'O', 'O', 'O', 'O', 'O', 'O', 'O']"
898,2/4/2024,16:05,Ari,"Aku baru beli kendaraan baru, plat nomornya B 3454 XYZ, warna biru.",FALSE,"['Aku', 'baru', 'beli', 'kendaraan', 'baru', 'plat', 'nomornya', 'B', '3454', 'XYZ', 'warna', 'biru']","['O', 'O', 'O', 'O', 'O', 'O', 'O', 'B_Plate', 'I_Plate', 'I_Plate', 'O', 'B_Asset']"
899,2/4/2024,16:10,Dina,Ada yang tahu cara urus data Nomor Akun Aset Keuangan? Aku lagi butuh info nih.,FALSE,"['Ada', 'yang', 'tahu', 'cara', 'urus', 'data', 'Nomor', 'Akun', 'Aset', 'Keuangan', 'Aku', 'lagi', 'butuh', 'info', 'nih']","['O', 'O', 'O', 'O', 'O', 'O', 'O', 'O', 'O', 'O', 'O', 'O', 'O', 'O', 'O']"
900,2/4/2024,16:15,Ari,"Aku baru beli kendaraan baru, plat nomornya B 8829 XYZ, warna merah.",FALSE,"['Aku', 'baru', 'beli', 'kendaraan', 'baru', 'plat', 'nomornya', 'B', '8829', 'XYZ', 'warna', 'merah']","['O', 'O', 'O', 'O', 'O', 'O', 'O', 'B_Plate', 'I_Plate', 'I_Plate', 'O', 'B_Asset']"
901,2/4/2024,16:20,Gina,"Kemarin urus ulang Nomor Paspor, nomor barunya adalah 2080640466.",FALSE,"['Kemarin', 'urus', 'ulang', 'Nomor', 'Paspor', 'nomor', 'barunya', 'adalah', '2080640466']","['O', 'O', 'O', 'O', 'O', 'O', 'O', 'O', 'B_SSN']"
902,2/4/2024,16:25,Cindy,Ada yang tahu cara urus data Nomor Telepon Rumah? Aku lagi butuh info nih.,FALSE,"['Ada', 'yang', 'tahu', 'cara', 'urus', 'data', 'Nomor', 'Telepon', 'Rumah', 'Aku', 'lagi', 'butuh', 'info', 'nih']","['O', 'O', 'O', 'O', 'O', 'O', 'O', 'O', 'O', 'O', 'O', 'O', 'O', 'O']"
903,2/4/2024,16:30,Gina,Aku lagi tambahkan data Riwayat Pekerjaan ke sistem. Semoga prosesnya lancar.,FALSE,"['Aku', 'lagi', 'tambahkan', 'data', 'Riwayat', 'Pekerjaan', 'ke', 'sistem', 'Semoga', 'prosesnya', 'lancar']","['O', 'O', 'O', 'O', 'O', 'O', 'O', 'O', 'O', 'O', 'O']"
904,2/4/2024,16:35,Budi,"Kemarin urus ulang Nomor SIM, nomor barunya adalah 3143006169.",FALSE,"['Kemarin', 'urus', 'ulang', 'Nomor', 'SIM', 'nomor', 'barunya', 'adalah', '3143006169']","['O', 'O', 'O', 'O', 'O', 'O', 'O', 'O', 'B_SSN']"
905,2/4/2024,16:40,Eka,"Aku baru beli kendaraan baru, plat nomornya B 4809 XYZ, warna hitam.",FALSE,"['Aku', 'baru', 'beli', 'kendaraan', 'baru', 'plat', 'nomornya', 'B', '4809', 'XYZ', 'warna', 'hitam']","['O', 'O', 'O', 'O', 'O', 'O', 'O', 'B_Plate', 'I_Plate', 'I_Plate', 'O', 'B_Asset']"
906,2/4/2024,16:45,Eka,"Aku baru update data Alias. Detailnya sekarang sudah benar, loh.",FALSE,"['Aku', 'baru', 'update', 'data', 'Alias', 'Detailnya', 'sekarang', 'sudah', 'benar', 'loh']","['O', 'O', 'O', 'O', 'O', 'O', 'O', 'O', 'O', 'O']"
907,2/4/2024,16:50,Ari,Ada yang tahu cara urus data Nomor Seri Barang Berharga? Aku lagi butuh info nih.,FALSE,"['Ada', 'yang', 'tahu', 'cara', 'urus', 'data', 'Nomor', 'Seri', 'Barang', 'Berharga', 'Aku', 'lagi', 'butuh', 'info', 'nih']","['O', 'O', 'O', 'O', 'O', 'O', 'O', 'O', 'O', 'O', 'O', 'O', 'O', 'O', 'O']"
908,2/4/2024,16:55,Eka,Ada yang tahu cara urus data Lokasi Aktivitas Digital? Aku lagi butuh info nih.,FALSE,"['Ada', 'yang', 'tahu', 'cara', 'urus', 'data', 'Lokasi', 'Aktivitas', 'Digital', 'Aku', 'lagi', 'butuh', 'info', 'nih']","['O', 'O', 'O', 'O', 'O', 'O', 'O', 'O', 'O', 'O', 'O', 'O', 'O', 'O']"
909,2/4/2024,17:00,Eka,Ada yang tahu cara urus data Nomor Sertifikat Rumah/Properti? Aku lagi butuh info nih.,FALSE,"['Ada', 'yang', 'tahu', 'cara', 'urus', 'data', 'Nomor', 'Sertifikat', 'Rumah', 'Properti', 'Aku', 'lagi', 'butuh', 'info', 'nih']","['O', 'O', 'O', 'O', 'O', 'O', 'O', 'O', 'O', 'O', 'O', 'O', 'O', 'O', 'O']"
910,2/4/2024,17:05,Cindy,"Barusan pindah ke alamat baru, yaitu Jl. Mawar No. 50.",FALSE,"['Barusan', 'pindah', 'ke', 'alamat', 'baru', 'yaitu', 'Jl', 'Mawar', 'No', '50']","['O', 'O', 'O', 'O', 'O', 'O', 'B_Address', 'I_Address', 'I_Address', 'I_Address']"
911,2/4/2024,17:10,Gina,"Data Tanggal Lahir aku sudah diverifikasi, jadi gak ada masalah lagi sekarang.",FALSE,"['Data', 'Tanggal', 'Lahir', 'aku', 'sudah', 'diverifikasi', 'jadi', 'gak', 'ada', 'masalah', 'lagi', 'sekarang']","['O', 'O', 'O', 'O', 'O', 'O', 'O', 'O', 'O', 'O', 'O', 'O']"
912,2/4/2024,17:15,Eka,Ada yang tahu cara urus data Lokasi Aktivitas Digital? Aku lagi butuh info nih.,FALSE,"['Ada', 'yang', 'tahu', 'cara', 'urus', 'data', 'Lokasi', 'Aktivitas', 'Digital', 'Aku', 'lagi', 'butuh', 'info', 'nih']","['O', 'O', 'O', 'O', 'O', 'O', 'O', 'O', 'O', 'O', 'O', 'O', 'O', 'O']"
913,2/4/2024,17:20,Cindy,"Kemarin urus ulang Nomor NPWP, nomor barunya adalah 5586314120.",FALSE,"['Kemarin', 'urus', 'ulang', 'Nomor', 'NPWP', 'nomor', 'barunya', 'adalah', '5586314120']","['O', 'O', 'O', 'O', 'O', 'O', 'O', 'O', 'B_SSN']"
914,2/4/2024,17:25,Ari,"Aku baru update data Nama Lengkap. Detailnya sekarang sudah benar, loh.",FALSE,"['Aku', 'baru', 'update', 'data', 'Nama', 'Lengkap', 'Detailnya', 'sekarang', 'sudah', 'benar', 'loh']","['O', 'O', 'O', 'O', 'O', 'O', 'O', 'O', 'O', 'O', 'O']"
915,2/4/2024,17:30,Dina,Ada yang tahu cara urus data Nomor Telepon Kantor? Aku lagi butuh info nih.,FALSE,"['Ada', 'yang', 'tahu', 'cara', 'urus', 'data', 'Nomor', 'Telepon', 'Kantor', 'Aku', 'lagi', 'butuh', 'info', 'nih']","['O', 'O', 'O', 'O', 'O', 'O', 'O', 'O', 'O', 'O', 'O', 'O', 'O', 'O']"
916,2/4/2024,17:35,Ari,Ada yang tahu cara urus data Riwayat Pencarian di Internet? Aku lagi butuh info nih.,FALSE,"['Ada', 'yang', 'tahu', 'cara', 'urus', 'data', 'Riwayat', 'Pencarian', 'di', 'Internet', 'Aku', 'lagi', 'butuh', 'info', 'nih']","['O', 'O', 'O', 'O', 'O', 'O', 'O', 'O', 'O', 'O', 'O', 'O', 'O', 'O', 'O']"
917,2/4/2024,17:40,Eka,Ada yang tahu cara urus data Nomor Telepon Kantor? Aku lagi butuh info nih.,FALSE,"['Ada', 'yang', 'tahu', 'cara', 'urus', 'data', 'Nomor', 'Telepon', 'Kantor', 'Aku', 'lagi', 'butuh', 'info', 'nih']","['O', 'O', 'O', 'O', 'O', 'O', 'O', 'O', 'O', 'O', 'O', 'O', 'O', 'O']"
918,2/4/2024,17:45,Gina,Ada yang tahu cara urus data Nomor Sertifikat Tanah? Aku lagi butuh info nih.,FALSE,"['Ada', 'yang', 'tahu', 'cara', 'urus', 'data', 'Nomor', 'Sertifikat', 'Tanah', 'Aku', 'lagi', 'butuh', 'info', 'nih']","['O', 'O', 'O', 'O', 'O', 'O', 'O', 'O', 'O', 'O', 'O', 'O', 'O', 'O']"
919,2/4/2024,17:50,Budi,"Data Tempat Lahir aku sudah diverifikasi, jadi gak ada masalah lagi sekarang.",FALSE,"['Data', 'Tempat', 'Lahir', 'aku', 'sudah', 'diverifikasi', 'jadi', 'gak', 'ada', 'masalah', 'lagi', 'sekarang']","['O', 'O', 'O', 'O', 'O', 'O', 'O', 'O', 'O', 'O', 'O', 'O']"
920,2/4/2024,17:55,Gina,"Aku baru beli kendaraan baru, plat nomornya B 4577 XYZ, warna biru.",FALSE,"['Aku', 'baru', 'beli', 'kendaraan', 'baru', 'plat', 'nomornya', 'B', '4577', 'XYZ', 'warna', 'biru']","['O', 'O', 'O', 'O', 'O', 'O', 'O', 'B_Plate', 'I_Plate', 'I_Plate', 'O', 'B_Asset']"
921,2/4/2024,18:00,Budi,"Aku baru buka rekening baru, nomornya 3888701991 di Bank ABC.",FALSE,"['Aku', 'baru', 'buka', 'rekening', 'baru', 'nomornya', '3888701991', 'di', 'Bank', 'ABC']","['O', 'O', 'O', 'O', 'O', 'O', 'B_Account', 'O', 'O', 'O']"
922,2/4/2024,18:05,Gina,Ada yang tahu cara urus data Nomor Sertifikat Tanah? Aku lagi butuh info nih.,FALSE,"['Ada', 'yang', 'tahu', 'cara', 'urus', 'data', 'Nomor', 'Sertifikat', 'Tanah', 'Aku', 'lagi', 'butuh', 'info', 'nih']","['O', 'O', 'O', 'O', 'O', 'O', 'O', 'O', 'O', 'O', 'O', 'O', 'O', 'O']"
923,2/4/2024,18:10,Ari,Ada yang tahu cara urus data Nomor Sertifikat Tanah? Aku lagi butuh info nih.,FALSE,"['Ada', 'yang', 'tahu', 'cara', 'urus', 'data', 'Nomor', 'Sertifikat', 'Tanah', 'Aku', 'lagi', 'butuh', 'info', 'nih']","['O', 'O', 'O', 'O', 'O', 'O', 'O', 'O', 'O', 'O', 'O', 'O', 'O', 'O']"
924,2/4/2024,18:15,Gina,"Aku baru buka rekening baru, nomornya 5624913093 di Bank ABC.",FALSE,"['Aku', 'baru', 'buka', 'rekening', 'baru', 'nomornya', '5624913093', 'di', 'Bank', 'ABC']","['O', 'O', 'O', 'O', 'O', 'O', 'B_Account', 'O', 'O', 'O']"
925,2/4/2024,18:20,Ari,"Data Tempat Lahir aku sudah diverifikasi, jadi gak ada masalah lagi sekarang.",FALSE,"['Data', 'Tempat', 'Lahir', 'aku', 'sudah', 'diverifikasi', 'jadi', 'gak', 'ada', 'masalah', 'lagi', 'sekarang']","['O', 'O', 'O', 'O', 'O', 'O', 'O', 'O', 'O', 'O', 'O', 'O']"
926,2/4/2024,18:25,Ari,Nomor Nomor Ponsel aku yang baru itu 08148097712.,FALSE,"['Nomor', 'Nomor', 'Ponsel', 'aku', 'yang', 'baru', 'itu', '08148097712']","['O', 'O', 'O', 'O', 'O', 'O', 'O', 'B_Phone_Number']"
927,2/4/2024,18:30,Eka,Ada yang tahu cara urus data Status Sosial? Aku lagi butuh info nih.,FALSE,"['Ada', 'yang', 'tahu', 'cara', 'urus', 'data', 'Status', 'Sosial', 'Aku', 'lagi', 'butuh', 'info', 'nih']","['O', 'O', 'O', 'O', 'O', 'O', 'O', 'O', 'O', 'O', 'O', 'O', 'O']"
928,2/4/2024,18:35,Budi,Ada yang tahu cara urus data Riwayat Pencarian di Internet? Aku lagi butuh info nih.,FALSE,"['Ada', 'yang', 'tahu', 'cara', 'urus', 'data', 'Riwayat', 'Pencarian', 'di', 'Internet', 'Aku', 'lagi', 'butuh', 'info', 'nih']","['O', 'O', 'O', 'O', 'O', 'O', 'O', 'O', 'O', 'O', 'O', 'O', 'O', 'O', 'O']"
929,2/4/2024,18:40,Dina,Ada yang tahu cara urus data Nomor Akun Aset Keuangan? Aku lagi butuh info nih.,FALSE,"['Ada', 'yang', 'tahu', 'cara', 'urus', 'data', 'Nomor', 'Akun', 'Aset', 'Keuangan', 'Aku', 'lagi', 'butuh', 'info', 'nih']","['O', 'O', 'O', 'O', 'O', 'O', 'O', 'O', 'O', 'O', 'O', 'O', 'O', 'O', 'O']"
930,2/4/2024,18:45,Budi,Ada yang tahu cara urus data Nomor Kartu Kredit/Debit? Aku lagi butuh info nih.,FALSE,"['Ada', 'yang', 'tahu', 'cara', 'urus', 'data', 'Nomor', 'Kartu', 'Kredit', 'Debit', 'Aku', 'lagi', 'butuh', 'info', 'nih']","['O', 'O', 'O', 'O', 'O', 'O', 'O', 'O', 'O', 'O', 'O', 'O', 'O', 'O', 'O']"
931,2/4/2024,18:50,Dina,"Aku baru update data Alias. Detailnya sekarang sudah benar, loh.",FALSE,"['Aku', 'baru', 'update', 'data', 'Alias', 'Detailnya', 'sekarang', 'sudah', 'benar', 'loh']","['O', 'O', 'O', 'O', 'O', 'O', 'O', 'O', 'O', 'O']"
932,2/4/2024,18:55,Cindy,Ada yang tahu cara urus data Nomor Telepon Rumah? Aku lagi butuh info nih.,FALSE,"['Ada', 'yang', 'tahu', 'cara', 'urus', 'data', 'Nomor', 'Telepon', 'Rumah', 'Aku', 'lagi', 'butuh', 'info', 'nih']","['O', 'O', 'O', 'O', 'O', 'O', 'O', 'O', 'O', 'O', 'O', 'O', 'O', 'O']"
933,2/4/2024,19:00,Budi,"Kemarin urus ulang Nomor SIM, nomor barunya adalah 3103085284.",FALSE,"['Kemarin', 'urus', 'ulang', 'Nomor', 'SIM', 'nomor', 'barunya', 'adalah', '3103085284']","['O', 'O', 'O', 'O', 'O', 'O', 'O', 'O', 'B_SSN']"
934,2/4/2024,19:05,Dina,Ada yang tahu cara urus data Nomor Seri Barang Berharga? Aku lagi butuh info nih.,FALSE,"['Ada', 'yang', 'tahu', 'cara', 'urus', 'data', 'Nomor', 'Seri', 'Barang', 'Berharga', 'Aku', 'lagi', 'butuh', 'info', 'nih']","['O', 'O', 'O', 'O', 'O', 'O', 'O', 'O', 'O', 'O', 'O', 'O', 'O', 'O', 'O']"
935,2/4/2024,19:10,Gina,"Kemarin urus ulang Nomor BPJS, nomor barunya adalah 3999096575.",FALSE,"['Kemarin', 'urus', 'ulang', 'Nomor', 'BPJS', 'nomor', 'barunya', 'adalah', '3999096575']","['O', 'O', 'O', 'O', 'O', 'O', 'O', 'O', 'B_SSN']"
936,2/4/2024,19:15,Dina,"Kemarin urus ulang Nomor BPJS, nomor barunya adalah 3411679504.",FALSE,"['Kemarin', 'urus', 'ulang', 'Nomor', 'BPJS', 'nomor', 'barunya', 'adalah', '3411679504']","['O', 'O', 'O', 'O', 'O', 'O', 'O', 'O', 'B_SSN']"
937,2/4/2024,19:20,Cindy,Ada yang tahu cara urus data Status Perkawinan? Aku lagi butuh info nih.,FALSE,"['Ada', 'yang', 'tahu', 'cara', 'urus', 'data', 'Status', 'Perkawinan', 'Aku', 'lagi', 'butuh', 'info', 'nih']","['O', 'O', 'O', 'O', 'O', 'O', 'O', 'O', 'O', 'O', 'O', 'O', 'O']"
938,2/4/2024,19:25,Cindy,"Aku baru update data Nama Ibu Kandung. Detailnya sekarang sudah benar, loh.",FALSE,"['Aku', 'baru', 'update', 'data', 'Nama', 'Ibu', 'Kandung', 'Detailnya', 'sekarang', 'sudah', 'benar', 'loh']","['O', 'O', 'O', 'O', 'O', 'O', 'O', 'O', 'O', 'O', 'O', 'O']"
939,2/4/2024,19:30,Ari,"Aku baru buka rekening baru, nomornya 1829410898 di Bank ABC.",FALSE,"['Aku', 'baru', 'buka', 'rekening', 'baru', 'nomornya', '1829410898', 'di', 'Bank', 'ABC']","['O', 'O', 'O', 'O', 'O', 'O', 'B_Account', 'O', 'O', 'O']"
940,2/4/2024,19:35,Gina,Nomor Nomor Ponsel aku yang baru itu 08139298794.,FALSE,"['Nomor', 'Nomor', 'Ponsel', 'aku', 'yang', 'baru', 'itu', '08139298794']","['O', 'O', 'O', 'O', 'O', 'O', 'O', 'B_Phone_Number']"
941,2/4/2024,19:40,Budi,"Aku baru update data Nama Panggilan. Detailnya sekarang sudah benar, loh.",FALSE,"['Aku', 'baru', 'update', 'data', 'Nama', 'Panggilan', 'Detailnya', 'sekarang', 'sudah', 'benar', 'loh']","['O', 'O', 'O', 'O', 'O', 'O', 'O', 'O', 'O', 'O', 'O']"
942,2/4/2024,19:45,Gina,Ada yang tahu cara urus data Nomor Seri Barang Berharga? Aku lagi butuh info nih.,FALSE,"['Ada', 'yang', 'tahu', 'cara', 'urus', 'data', 'Nomor', 'Seri', 'Barang', 'Berharga', 'Aku', 'lagi', 'butuh', 'info', 'nih']","['O', 'O', 'O', 'O', 'O', 'O', 'O', 'O', 'O', 'O', 'O', 'O', 'O', 'O', 'O']"
943,2/4/2024,19:50,Gina,Ada yang tahu cara urus data Nomor Telepon Rumah? Aku lagi butuh info nih.,FALSE,"['Ada', 'yang', 'tahu', 'cara', 'urus', 'data', 'Nomor', 'Telepon', 'Rumah', 'Aku', 'lagi', 'butuh', 'info', 'nih']","['O', 'O', 'O', 'O', 'O', 'O', 'O', 'O', 'O', 'O', 'O', 'O', 'O', 'O']"
944,2/4/2024,19:55,Gina,Ada yang tahu cara urus data Nomor Faks? Aku lagi butuh info nih.,FALSE,"['Ada', 'yang', 'tahu', 'cara', 'urus', 'data', 'Nomor', 'Faks', 'Aku', 'lagi', 'butuh', 'info', 'nih']","['O', 'O', 'O', 'O', 'O', 'O', 'O', 'O', 'O', 'O', 'O', 'O', 'O']"
945,2/4/2024,20:00,Dina,Ada yang tahu cara urus data Nomor Sertifikat Tanah? Aku lagi butuh info nih.,FALSE,"['Ada', 'yang', 'tahu', 'cara', 'urus', 'data', 'Nomor', 'Sertifikat', 'Tanah', 'Aku', 'lagi', 'butuh', 'info', 'nih']","['O', 'O', 'O', 'O', 'O', 'O', 'O', 'O', 'O', 'O', 'O', 'O', 'O', 'O']"
946,2/4/2024,20:05,Eka,Ada yang tahu cara urus data Nomor JKN? Aku lagi butuh info nih.,FALSE,"['Ada', 'yang', 'tahu', 'cara', 'urus', 'data', 'Nomor', 'JKN', 'Aku', 'lagi', 'butuh', 'info', 'nih']","['O', 'O', 'O', 'O', 'O', 'O', 'O', 'O', 'O', 'O', 'O', 'O', 'O']"
947,2/4/2024,20:10,Gina,Aku lagi tambahkan data Riwayat Pekerjaan ke sistem. Semoga prosesnya lancar.,FALSE,"['Aku', 'lagi', 'tambahkan', 'data', 'Riwayat', 'Pekerjaan', 'ke', 'sistem', 'Semoga', 'prosesnya', 'lancar']","['O', 'O', 'O', 'O', 'O', 'O', 'O', 'O', 'O', 'O', 'O']"
948,2/4/2024,20:15,Eka,Ada yang tahu cara urus data Merek dan Tipe Alat Elektronik? Aku lagi butuh info nih.,FALSE,"['Ada', 'yang', 'tahu', 'cara', 'urus', 'data', 'Merek', 'dan', 'Tipe', 'Alat', 'Elektronik', 'Aku', 'lagi', 'butuh', 'info', 'nih']","['O', 'O', 'O', 'O', 'O', 'O', 'O', 'O', 'O', 'O', 'O', 'O', 'O', 'O', 'O', 'O']"
949,2/4/2024,20:20,Budi,Aku lagi tambahkan data Riwayat Pekerjaan ke sistem. Semoga prosesnya lancar.,FALSE,"['Aku', 'lagi', 'tambahkan', 'data', 'Riwayat', 'Pekerjaan', 'ke', 'sistem', 'Semoga', 'prosesnya', 'lancar']","['O', 'O', 'O', 'O', 'O', 'O', 'O', 'O', 'O', 'O', 'O']"
950,2/4/2024,20:25,Eka,"Barusan pindah ke alamat baru, yaitu Jl. Kenanga No. 63.",FALSE,"['Barusan', 'pindah', 'ke', 'alamat', 'baru', 'yaitu', 'Jl', 'Kenanga', 'No', '63']","['O', 'O', 'O', 'O', 'O', 'O', 'B_Address', 'I_Address', 'I_Address', 'I_Address']"
951,2/4/2024,20:30,Eka,Ada yang tahu cara urus data Nomor JKN? Aku lagi butuh info nih.,FALSE,"['Ada', 'yang', 'tahu', 'cara', 'urus', 'data', 'Nomor', 'JKN', 'Aku', 'lagi', 'butuh', 'info', 'nih']","['O', 'O', 'O', 'O', 'O', 'O', 'O', 'O', 'O', 'O', 'O', 'O', 'O']"
952,2/4/2024,20:35,Cindy,"Aku baru buka rekening baru, nomornya 5800864424 di Bank ABC.",FALSE,"['Aku', 'baru', 'buka', 'rekening', 'baru', 'nomornya', '5800864424', 'di', 'Bank', 'ABC']","['O', 'O', 'O', 'O', 'O', 'O', 'B_Account', 'O', 'O', 'O']"
953,2/4/2024,20:40,Dina,"Aku baru beli kendaraan baru, plat nomornya B 7168 XYZ, warna biru.",FALSE,"['Aku', 'baru', 'beli', 'kendaraan', 'baru', 'plat', 'nomornya', 'B', '7168', 'XYZ', 'warna', 'biru']","['O', 'O', 'O', 'O', 'O', 'O', 'O', 'B_Plate', 'I_Plate', 'I_Plate', 'O', 'B_Asset']"
954,2/4/2024,20:45,Gina,Ada yang tahu cara urus data Nomor JKN? Aku lagi butuh info nih.,FALSE,"['Ada', 'yang', 'tahu', 'cara', 'urus', 'data', 'Nomor', 'JKN', 'Aku', 'lagi', 'butuh', 'info', 'nih']","['O', 'O', 'O', 'O', 'O', 'O', 'O', 'O', 'O', 'O', 'O', 'O', 'O']"
955,2/4/2024,20:50,Ari,Ada yang tahu cara urus data Nomor Seri Barang Berharga? Aku lagi butuh info nih.,FALSE,"['Ada', 'yang', 'tahu', 'cara', 'urus', 'data', 'Nomor', 'Seri', 'Barang', 'Berharga', 'Aku', 'lagi', 'butuh', 'info', 'nih']","['O', 'O', 'O', 'O', 'O', 'O', 'O', 'O', 'O', 'O', 'O', 'O', 'O', 'O', 'O']"
956,2/4/2024,20:55,Eka,"Barusan pindah ke alamat baru, yaitu Jl. Kenanga No. 36.",FALSE,"['Barusan', 'pindah', 'ke', 'alamat', 'baru', 'yaitu', 'Jl', 'Kenanga', 'No', '36']","['O', 'O', 'O', 'O', 'O', 'O',  'B_Address', 'I_Address', 'I_Address', 'I_Address']"
957,2/4/2024,21:00,Eka,Ada yang tahu cara urus data Nomor Seri Barang Berharga? Aku lagi butuh info nih.,FALSE,"['Ada', 'yang', 'tahu', 'cara', 'urus', 'data', 'Nomor', 'Seri', 'Barang', 'Berharga', 'Aku', 'lagi', 'butuh', 'info', 'nih']","['O', 'O', 'O', 'O', 'O', 'O', 'O', 'O', 'O', 'O', 'O', 'O', 'O', 'O', 'O']"
958,2/4/2024,21:05,Budi,"Barusan pindah ke alamat baru, yaitu Jl. Melati No. 34.",FALSE,"['Barusan', 'pindah', 'ke', 'alamat', 'baru', 'yaitu', 'Jl', 'Melati', 'No', '34']","['O', 'O', 'O', 'O', 'O', 'O', 'B_Address', 'I_Address', 'I_Address', 'I_Address']"
959,2/4/2024,21:10,Eka,"Aku baru update data Nama Panggilan. Detailnya sekarang sudah benar, loh.",FALSE,"['Aku', 'baru', 'update', 'data', 'Nama', 'Panggilan', 'Detailnya', 'sekarang', 'sudah', 'benar', 'loh']","['O', 'O', 'O', 'O', 'O', 'O', 'O', 'O', 'O', 'O', 'O']"
960,2/4/2024,21:15,Budi,"Kemarin urus ulang Nomor KTP, nomor barunya adalah 4946980271.",FALSE,"['Kemarin', 'urus', 'ulang', 'Nomor', 'KTP', 'nomor', 'barunya', 'adalah', '4946980271']","['O', 'O', 'O', 'O', 'O', 'O', 'O', 'O', 'B_SSN']"
961,2/4/2024,21:20,Ari,Ada yang tahu cara urus data Alamat Email? Aku lagi butuh info nih.,FALSE,"['Ada', 'yang', 'tahu', 'cara', 'urus', 'data', 'Alamat', 'Email', 'Aku', 'lagi', 'butuh', 'info', 'nih']","['O', 'O', 'O', 'O', 'O', 'O', 'O', 'O', 'O', 'O', 'O', 'O', 'O']"
962,2/4/2024,21:25,Gina,Nomor Nomor Telepon aku yang baru itu 08194458203.,FALSE,"['Nomor', 'Nomor', 'Telepon', 'aku', 'yang', 'baru', 'itu', '08194458203']","['O', 'O', 'O', 'O', 'O', 'O', 'O', 'B_Phone_Number']"
963,2/4/2024,21:30,Cindy,Aku lagi tambahkan data Riwayat Pekerjaan ke sistem. Semoga prosesnya lancar.,FALSE,"['Aku', 'lagi', 'tambahkan', 'data', 'Riwayat', 'Pekerjaan', 'ke', 'sistem', 'Semoga', 'prosesnya', 'lancar']","['O', 'O', 'O', 'O', 'O', 'O', 'O', 'O', 'O', 'O', 'O']"
964,2/4/2024,21:35,Dina,Aku lagi tambahkan data Riwayat Pekerjaan ke sistem. Semoga prosesnya lancar.,FALSE,"['Aku', 'lagi', 'tambahkan', 'data', 'Riwayat', 'Pekerjaan', 'ke', 'sistem', 'Semoga', 'prosesnya', 'lancar']","['O', 'O', 'O', 'O', 'O', 'O', 'O', 'O', 'O', 'O', 'O']"
965,2/4/2024,21:40,Ari,Ada yang tahu cara urus data Alamat Email? Aku lagi butuh info nih.,FALSE,"['Ada', 'yang', 'tahu', 'cara', 'urus', 'data', 'Alamat', 'Email', 'Aku', 'lagi', 'butuh', 'info', 'nih']","['O', 'O', 'O', 'O', 'O', 'O', 'O', 'O', 'O', 'O', 'O', 'O', 'O']"
966,2/4/2024,21:45,Ari,Ada yang tahu cara urus data Nomor Akun Aset Keuangan? Aku lagi butuh info nih.,FALSE,"['Ada', 'yang', 'tahu', 'cara', 'urus', 'data', 'Nomor', 'Akun', 'Aset', 'Keuangan', 'Aku', 'lagi', 'butuh', 'info', 'nih']","['O', 'O', 'O', 'O', 'O', 'O', 'O', 'O', 'O', 'O', 'O', 'O', 'O', 'O', 'O']"
967,2/4/2024,21:50,Gina,Nomor Nomor Ponsel aku yang baru itu 08177020424.,FALSE,"['Nomor', 'Nomor', 'Ponsel', 'aku', 'yang', 'baru', 'itu', '08177020424']","['O', 'O', 'O', 'O', 'O', 'O', 'O', 'B_Phone_Number']"
968,2/4/2024,21:55,Budi,"Aku baru beli kendaraan baru, plat nomornya B 4964 XYZ, warna hitam.",FALSE,"['Aku', 'baru', 'beli', 'kendaraan', 'baru', 'plat', 'nomornya', 'B', '4964', 'XYZ', 'warna', 'hitam']","['O', 'O', 'O', 'O', 'O', 'O', 'O', 'B_Plate', 'I_Plate', 'I_Plate', 'O', 'B_Asset']"
969,2/4/2024,22:00,Gina,Aku lagi tambahkan data Riwayat Pendidikan ke sistem. Semoga prosesnya lancar.,FALSE,"['Aku', 'lagi', 'tambahkan', 'data', 'Riwayat', 'Pendidikan', 'ke', 'sistem', 'Semoga', 'prosesnya', 'lancar']","['O', 'O', 'O', 'O', 'O', 'O', 'O', 'O', 'O', 'O', 'O']"
970,2/4/2024,22:05,Eka,Ada yang tahu cara urus data Nomor Telepon Rumah? Aku lagi butuh info nih.,FALSE,"['Ada', 'yang', 'tahu', 'cara', 'urus', 'data', 'Nomor', 'Telepon', 'Rumah', 'Aku', 'lagi', 'butuh', 'info', 'nih']","['O', 'O', 'O', 'O', 'O', 'O', 'O', 'O', 'O', 'O', 'O', 'O', 'O', 'O']"
971,2/4/2024,22:10,Budi,"Barusan pindah ke alamat baru, yaitu Jl. Mawar No. 94.",FALSE,"['Barusan', 'pindah', 'ke', 'alamat', 'baru', 'yaitu', 'Jl', 'Mawar', 'No', '94']","['O', 'O', 'O', 'O', 'O', 'O', 'B_Address', 'I_Address', 'I_Address', 'I_Address']"
972,2/4/2024,22:15,Cindy,Nomor Nomor Telepon aku yang baru itu 08180687055.,FALSE,"['Nomor', 'Nomor', 'Telepon', 'aku', 'yang', 'baru', 'itu', '08180687055']","['O', 'O', 'O', 'O', 'O', 'O', 'O', 'B_Phone_Number']"
973,2/4/2024,22:20,Dina,"Kemarin urus ulang Nomor Paspor, nomor barunya adalah 9767421992.",FALSE,"['Kemarin', 'urus', 'ulang', 'Nomor', 'Paspor', 'nomor', 'barunya', 'adalah', '9767421992']","['O', 'O', 'O', 'O', 'O', 'O', 'O', 'O', 'B_SSN']"
974,2/4/2024,22:25,Cindy,Ada yang tahu cara urus data Lokasi Aktivitas Digital? Aku lagi butuh info nih.,FALSE,"['Ada', 'yang', 'tahu', 'cara', 'urus', 'data', 'Lokasi', 'Aktivitas', 'Digital', 'Aku', 'lagi', 'butuh', 'info', 'nih']","['O', 'O', 'O', 'O', 'O', 'O', 'O', 'O', 'O', 'O', 'O', 'O', 'O', 'O']"
975,2/4/2024,22:30,Cindy,Ada yang tahu cara urus data Nomor Telepon Rumah? Aku lagi butuh info nih.,FALSE,"['Ada', 'yang', 'tahu', 'cara', 'urus', 'data', 'Nomor', 'Telepon', 'Rumah', 'Aku', 'lagi', 'butuh', 'info', 'nih']","['O', 'O', 'O', 'O', 'O', 'O', 'O', 'O', 'O', 'O', 'O', 'O', 'O', 'O']"
976,2/4/2024,22:35,Ari,"Kemarin urus ulang Nomor BPJS, nomor barunya adalah 9162247613.",FALSE,"['Kemarin', 'urus', 'ulang', 'Nomor', 'BPJS', 'nomor', 'barunya', 'adalah', '9162247613']","['O', 'O', 'O', 'O', 'O', 'O', 'O', 'O', 'B_SSN']"
977,2/4/2024,22:40,Gina,Ada yang tahu cara urus data Nomor Induk Siswa Nasional (NISN)? Aku lagi butuh info nih.,FALSE,"['Ada', 'yang', 'tahu', 'cara', 'urus', 'data', 'Nomor', 'Induk', 'Siswa', 'Nasional', 'NISN', 'Aku', 'lagi', 'butuh', 'info', 'nih']","['O', 'O', 'O', 'O', 'O', 'O', 'O', 'O', 'O', 'O', 'O', 'O', 'O', 'O', 'O', 'O']"
978,2/4/2024,22:45,Budi,"Aku baru buka rekening baru, nomornya 6392982121 di Bank ABC.",FALSE,"['Aku', 'baru', 'buka', 'rekening', 'baru', 'nomornya', '6392982121', 'di', 'Bank', 'ABC']","['O', 'O', 'O', 'O', 'O', 'O', 'B_Account', 'O', 'O', 'O']"
979,2/4/2024,22:50,Ari,Aku lagi tambahkan data Riwayat Pendidikan ke sistem. Semoga prosesnya lancar.,FALSE,"['Aku', 'lagi', 'tambahkan', 'data', 'Riwayat', 'Pendidikan', 'ke', 'sistem', 'Semoga', 'prosesnya', 'lancar']","['O', 'O', 'O', 'O', 'O', 'O', 'O', 'O', 'O', 'O', 'O']"
980,2/4/2024,22:55,Budi,"Kemarin urus ulang Nomor BPJS, nomor barunya adalah 3481373464.",FALSE,"['Kemarin', 'urus', 'ulang', 'Nomor', 'BPJS', 'nomor', 'barunya', 'adalah', '3481373464']","['O', 'O', 'O', 'O', 'O', 'O', 'O', 'O', 'B_SSN']"
981,2/4/2024,23:00,Cindy,"Aku baru beli kendaraan baru, plat nomornya B 2535 XYZ, warna hitam.",FALSE,"['Aku', 'baru', 'beli', 'kendaraan', 'baru', 'plat', 'nomornya', 'B', '2535', 'XYZ', 'warna', 'hitam']","['O', 'O', 'O', 'O', 'O', 'O', 'O', 'B_Plate', 'I_Plate', 'I_Plate', 'O', 'B_Asset']"
982,2/4/2024,23:05,Cindy,"Aku baru beli kendaraan baru, plat nomornya B 6029 XYZ, warna hitam.",FALSE,"['Aku', 'baru', 'beli', 'kendaraan', 'baru', 'plat', 'nomornya', 'B', '6029', 'XYZ', 'warna', 'hitam']","['O', 'O', 'O', 'O', 'O', 'O', 'O', 'B_Plate', 'I_Plate', 'I_Plate', 'O', 'B_Asset']"
983,2/4/2024,23:10,Dina,"Data Tempat Lahir aku sudah diverifikasi, jadi gak ada masalah lagi sekarang.",FALSE,"['Data', 'Tempat', 'Lahir', 'aku', 'sudah', 'diverifikasi', 'jadi', 'gak', 'ada', 'masalah', 'lagi', 'sekarang']","['O', 'O', 'O', 'O', 'O', 'O', 'O', 'O', 'O', 'O', 'O', 'O']"
984,2/4/2024,23:15,Ari,Ada yang tahu cara urus data Nomor Induk Pegawai (NIP)? Aku lagi butuh info nih.,FALSE,"['Ada', 'yang', 'tahu', 'cara', 'urus', 'data', 'Nomor', 'Induk', 'Pegawai', 'NIP', 'Aku', 'lagi', 'butuh', 'info', 'nih']","['O', 'O', 'O', 'O', 'O', 'O', 'O', 'O', 'O', 'O', 'O', 'O', 'O', 'O', 'O']"
985,2/4/2024,23:20,Eka,"Kemarin urus ulang Nomor NPWP, nomor barunya adalah 1746696113.",FALSE,"['Kemarin', 'urus', 'ulang', 'Nomor', 'NPWP', 'nomor', 'barunya', 'adalah', '1746696113']","['O', 'O', 'O', 'O', 'O', 'O', 'O', 'O', 'B_SSN']"
986,2/4/2024,23:25,Dina,"Aku baru update data Nama Ibu Kandung. Detailnya sekarang sudah benar, loh.",FALSE,"['Aku', 'baru', 'update', 'data', 'Nama', 'Ibu', 'Kandung', 'Detailnya', 'sekarang', 'sudah', 'benar', 'loh']","['O', 'O', 'O', 'O', 'O', 'O', 'O', 'O', 'O', 'O', 'O', 'O']"
987,2/4/2024,23:30,Gina,Ada yang tahu cara urus data Lokasi Aktivitas Digital? Aku lagi butuh info nih.,FALSE,"['Ada', 'yang', 'tahu', 'cara', 'urus', 'data', 'Lokasi', 'Aktivitas', 'Digital', 'Aku', 'lagi', 'butuh', 'info', 'nih']","['O', 'O', 'O', 'O', 'O', 'O', 'O', 'O', 'O', 'O', 'O', 'O', 'O', 'O']"
988,2/4/2024,23:35,Budi,Ada yang tahu cara urus data Media Sosial? Aku lagi butuh info nih.,FALSE,"['Ada', 'yang', 'tahu', 'cara', 'urus', 'data', 'Media', 'Sosial', 'Aku', 'lagi', 'butuh', 'info', 'nih']","['O', 'O', 'O', 'O', 'O', 'O', 'O', 'O', 'O', 'O', 'O', 'O', 'O']"
989,2/4/2024,23:40,Budi,Aku lagi tambahkan data Riwayat Pendidikan ke sistem. Semoga prosesnya lancar.,FALSE,"['Aku', 'lagi', 'tambahkan', 'data', 'Riwayat', 'Pendidikan', 'ke', 'sistem', 'Semoga', 'prosesnya', 'lancar']","['O', 'O', 'O', 'O', 'O', 'O', 'O', 'O', 'O', 'O', 'O']"
990,2/4/2024,23:45,Dina,Ada yang tahu cara urus data Nomor Kartu Kredit/Debit? Aku lagi butuh info nih.,FALSE,"['Ada', 'yang', 'tahu', 'cara', 'urus', 'data', 'Nomor', 'Kartu', 'Kredit', 'Debit', 'Aku', 'lagi', 'butuh', 'info', 'nih']","['O', 'O', 'O', 'O', 'O', 'O', 'O', 'O', 'O', 'O', 'O', 'O', 'O', 'O', 'O']"
991,2/4/2024,23:50,Ari,"Barusan pindah ke alamat baru, yaitu Jl. Mawar No. 17.",FALSE,"['Barusan', 'pindah', 'ke', 'alamat', 'baru', 'yaitu', 'Jl', 'Mawar', 'No', '17']","['O', 'O', 'O', 'O', 'O', 'O', 'B_Address', 'I_Address', 'I_Address', 'I_Address']"
992,2/4/2024,23:55,Eka,Ada yang tahu cara urus data Status Sosial? Aku lagi butuh info nih.,FALSE,"['Ada', 'yang', 'tahu', 'cara', 'urus', 'data', 'Status', 'Sosial', 'Aku', 'lagi', 'butuh', 'info', 'nih']","['O', 'O', 'O', 'O', 'O', 'O', 'O', 'O', 'O', 'O', 'O', 'O', 'O']"
993,2/5/2024,0:00,Dina,Ada yang tahu cara urus data Agama? Aku lagi butuh info nih.,FALSE,"['Ada', 'yang', 'tahu', 'cara', 'urus', 'data', 'Agama', 'Aku', 'lagi', 'butuh', 'info', 'nih']","['O', 'O', 'O', 'O', 'O', 'O', 'O', 'O', 'O', 'O', 'O', 'O']"
994,2/5/2024,0:05,Eka,Ada yang tahu cara urus data Nomor Telepon Rumah? Aku lagi butuh info nih.,FALSE,"['Ada', 'yang', 'tahu', 'cara', 'urus', 'data', 'Nomor', 'Telepon', 'Rumah', 'Aku', 'lagi', 'butuh', 'info', 'nih']","['O', 'O', 'O', 'O', 'O', 'O', 'O', 'O', 'O', 'O', 'O', 'O', 'O', 'O']"
995,2/5/2024,0:10,Cindy,Ada yang tahu cara urus data Nomor Induk Siswa Nasional (NISN)? Aku lagi butuh info nih.,FALSE,"['Ada', 'yang', 'tahu', 'cara', 'urus', 'data', 'Nomor', 'Induk', 'Siswa', 'Nasional', 'NISN', 'Aku', 'lagi', 'butuh', 'info', 'nih']","['O', 'O', 'O', 'O', 'O', 'O', 'O', 'O', 'O', 'O', 'O', 'O', 'O', 'O', 'O', 'O']"
996,2/5/2024,0:15,Eka,Ada yang tahu cara urus data Status Sosial? Aku lagi butuh info nih.,FALSE,"['Ada', 'yang', 'tahu', 'cara', 'urus', 'data', 'Status', 'Sosial', 'Aku', 'lagi', 'butuh', 'info', 'nih']","['O', 'O', 'O', 'O', 'O', 'O', 'O', 'O', 'O', 'O', 'O', 'O', 'O']"
997,2/5/2024,0:20,Budi,Ada yang tahu cara urus data Status Sosial? Aku lagi butuh info nih.,FALSE,"['Ada', 'yang', 'tahu', 'cara', 'urus', 'data', 'Status', 'Sosial', 'Aku', 'lagi', 'butuh', 'info', 'nih']","['O', 'O', 'O', 'O', 'O', 'O', 'O', 'O', 'O', 'O', 'O', 'O', 'O']"
998,2/5/2024,0:25,Cindy,Ada yang tahu cara urus data Merek dan Tipe Alat Elektronik? Aku lagi butuh info nih.,FALSE,"['Ada', 'yang', 'tahu', 'cara', 'urus', 'data', 'Merek', 'dan', 'Tipe', 'Alat', 'Elektronik', 'Aku', 'lagi', 'butuh', 'info', 'nih']","['O', 'O', 'O', 'O', 'O', 'O', 'O', 'O', 'O', 'O', 'O', 'O', 'O', 'O', 'O', 'O']"
999,2/5/2024,0:30,Eka,"Aku baru update data Nama Lengkap. Detailnya sekarang sudah benar, loh.",FALSE,"['Aku', 'baru', 'update', 'data', 'Nama', 'Lengkap', 'Detailnya', 'sekarang', 'sudah', 'benar', 'loh']","['O', 'O', 'O', 'O', 'O', 'O', 'O', 'O', 'O', 'O', 'O']"
1000,2/5/2024,0:35,Budi,Ada yang tahu cara urus data Nomor Akun Aset Keuangan? Aku lagi butuh info nih.,FALSE,"['Ada', 'yang', 'tahu', 'cara', 'urus', 'data', 'Nomor', 'Akun', 'Aset', 'Keuangan', 'Aku', 'lagi', 'butuh', 'info', 'nih']","['O', 'O', 'O', 'O', 'O', 'O', 'O', 'O', 'O', 'O', 'O', 'O', 'O', 'O', 'O']"
1001,2/5/2024,0:40,Ari,Ada yang tahu cara urus data Nomor Faks? Aku lagi butuh info nih.,FALSE,"['Ada', 'yang', 'tahu', 'cara', 'urus', 'data', 'Nomor', 'Faks', 'Aku', 'lagi', 'butuh', 'info', 'nih']","['O', 'O', 'O', 'O', 'O', 'O', 'O', 'O', 'O', 'O', 'O', 'O', 'O']"
1002,2/5/2024,0:45,Gina,Ada yang tahu cara urus data Nomor JKN? Aku lagi butuh info nih.,FALSE,"['Ada', 'yang', 'tahu', 'cara', 'urus', 'data', 'Nomor', 'JKN', 'Aku', 'lagi', 'butuh', 'info', 'nih']","['O', 'O', 'O', 'O', 'O', 'O', 'O', 'O', 'O', 'O', 'O', 'O', 'O']"
1003,2/5/2024,0:50,Cindy,Ada yang tahu cara urus data Status Sosial? Aku lagi butuh info nih.,FALSE,"['Ada', 'yang', 'tahu', 'cara', 'urus', 'data', 'Status', 'Sosial', 'Aku', 'lagi', 'butuh', 'info', 'nih']","['O', 'O', 'O', 'O', 'O', 'O', 'O', 'O', 'O', 'O', 'O', 'O', 'O']"
1004,2/5/2024,0:55,Dina,Ada yang tahu cara urus data Nomor Sertifikat Rumah/Properti? Aku lagi butuh info nih.,FALSE,"['Ada', 'yang', 'tahu', 'cara', 'urus', 'data', 'Nomor', 'Sertifikat', 'Rumah', 'Properti', 'Aku', 'lagi', 'butuh', 'info', 'nih']","['O', 'O', 'O', 'O', 'O', 'O', 'O', 'O', 'O', 'O', 'O', 'O', 'O', 'O', 'O']"
1005,2/5/2024,1:00,Gina,"Data Tempat Lahir aku sudah diverifikasi, jadi gak ada masalah lagi sekarang.",FALSE,"['Data', 'Tempat', 'Lahir', 'aku', 'sudah', 'diverifikasi', 'jadi', 'gak', 'ada', 'masalah', 'lagi', 'sekarang']","['O', 'O', 'O', 'O', 'O', 'O', 'O', 'O', 'O', 'O', 'O', 'O']"
1006,2/5/2024,1:05,Eka,Ada yang tahu cara urus data Merek dan Tipe Alat Elektronik? Aku lagi butuh info nih.,FALSE,"['Ada', 'yang', 'tahu', 'cara', 'urus', 'data', 'Merek', 'dan', 'Tipe', 'Alat', 'Elektronik', 'Aku', 'lagi', 'butuh', 'info', 'nih']","['O', 'O', 'O', 'O', 'O', 'O', 'O', 'O', 'O', 'O', 'O', 'O', 'O', 'O', 'O', 'O']"
1007,2/5/2024,1:10,Cindy,"Data Tanggal Lahir aku sudah diverifikasi, jadi gak ada masalah lagi sekarang.",FALSE,"['Data', 'Tanggal', 'Lahir', 'aku', 'sudah', 'diverifikasi', 'jadi', 'gak', 'ada', 'masalah', 'lagi', 'sekarang']","['O', 'O', 'O', 'O', 'O', 'O', 'O', 'O', 'O', 'O', 'O', 'O']"
1008,2/5/2024,1:15,Eka,Ada yang tahu cara urus data Nomor Kartu Kredit/Debit? Aku lagi butuh info nih.,FALSE,"['Ada', 'yang', 'tahu', 'cara', 'urus', 'data', 'Nomor', 'Kartu', 'Kredit', 'Debit', 'Aku', 'lagi', 'butuh', 'info', 'nih']","['O', 'O', 'O', 'O', 'O', 'O', 'O', 'O', 'O', 'O', 'O', 'O', 'O', 'O', 'O']"
1009,1/10/2024,15:45,Darman,"NISN adikku 6672248132, ada yang tahu gimana ngecek ulang data siswa?",FALSE,"['NISN', 'adikku', '6672248132', ',', 'ada', 'yang', 'tahu', 'gimana', 'ngecek', 'ulang', 'data', 'siswa', '?']","['O', 'O', 'B_SSN', 'O', 'O', 'O', 'O', 'O', 'O', 'O', 'O', 'O', 'O']"
1010,1/17/2024,23:55,Unggul,"Akun media sosialku diubah nih, sekarang username aku hartananashiruddin. Follow ya!",FALSE,"['Akun', 'media', 'sosialku', 'diubah', 'nih', ',', 'sekarang', 'username', 'aku', 'hartananashiruddin', '.', 'Follow', 'ya', '!']","['O', 'O', 'O', 'O', 'O', 'O', 'O', 'O', 'O', 'B_Username', 'O', 'O', 'O', 'O']"
1011,2/2/2024,15:29,Mujur,"Login terakhir terlihat di Bau-Bau, terus riwayat pencarian aku malah nyasar ke hal random wkwk.",FALSE,"['Login', 'terakhir', 'terlihat', 'di', 'Bau', '-', 'Bau', ',', 'terus', 'riwayat', 'pencarian', 'aku', 'malah', 'nyasar', 'ke', 'hal', 'random', 'wkwk', '.']","['O', 'O', 'O', 'O', 'B_Location', 'I_Location', 'I_Location', 'O', 'O', 'O', 'O', 'O', 'O', 'O', 'O', 'O', 'O', 'O', 'O']"
1012,2/5/2024,23:45,Wulan,"Plat motor aku VV 606 JV udah hampir kadaluarsa, kalian bayar pajaknya di mana?",FALSE,"['Plat', 'motor', 'aku', 'VV', '606', 'JV', 'udah', 'hampir', 'kadaluarsa', ',', 'kalian', 'bayar', 'pajaknya', 'di', 'mana', '?']","['O', 'O', 'O', 'B_Plate', 'I_Plate', 'I_Plate', 'O', 'O', 'O', 'O', 'O', 'O', 'O', 'O', 'O', 'O']"
1013,2/10/2024,0:01,Kasusra,Aku mau ganti rekening. Nomor akun lama aku 212925040542. Ada saran bank yang bagus?,FALSE,"['Aku', 'mau', 'ganti', 'rekening', '.', 'Nomor', 'akun', 'lama', 'aku', '212925040542', '.', 'Ada', 'saran', 'bank', 'yang', 'bagus', '?']","['O', 'O', 'O', 'O', 'O', 'O', 'O', 'O', 'O', 'B_Account', 'O', 'O', 'O', 'O', 'O', 'O', 'O']"
1014,2/18/2024,22:46,Najib,KTP saya 9301825981760550. Ini aman kan kalau di-share di grup?,FALSE,"['KTP', 'saya', '9301825981760550', '.', 'Ini', 'aman', 'kan', 'kalau', 'di', '-', 'share', 'di', 'grup', '?']","['O', 'O', 'B_SSN', 'O', 'O', 'O', 'O', 'O', 'O', 'O', 'O', 'O', 'O', 'O']"
1015,3/2/2024,18:04,Wadi,"Tempat lahir aku di Malang, tanggal lahir 1996-07-31. Kenapa ya susah banget daftar NPWP?",FALSE,"['Tempat', 'lahir', 'aku', 'di', 'Malang', ',', 'tanggal', 'lahir', '1996', '-', '07', '-', '31', '.', 'Kenapa', 'ya', 'susah', 'banget', 'daftar', 'NPWP', '?']","['O', 'O', 'O', 'O', 'B_POB', 'O', 'O', 'O', 'B_DOB', 'I_DOB', 'I_DOB', 'I_DOB', 'I_DOB', 'O', 'O', 'O', 'O', 'O', 'O', 'O', 'O']"
1016,3/10/2024,22:18,Gandi,"Aku baru selesai kursus di CV Narpati (Persero) Tbk, durasi 3 bulan. Sertifikatnya udah keluar!",FALSE,"['Aku', 'baru', 'selesai', 'kursus', 'di', 'CV', 'Narpati', '(', 'Persero', ')', 'Tbk', ',', 'durasi', '3', 'bulan', '.', 'Sertifikatnya', 'udah', 'keluar', '!']","['O', 'O', 'O', 'O', 'B_Edu_Hist', 'I_Edu_Hist', 'I_Edu_Hist', 'I_Edu_Hist', 'I_Edu_Hist', 'I_Edu_Hist', 'O', 'B_Edu_Hist', 'I_Edu_Hist', 'O', 'O', 'O', 'O', 'O', 'O', 'O']"
1017,4/12/2024,23:53,Luthfi,"Baru saja bayar pajak kendaraan saya, nomor platnya C 259 DK",FALSE,"['Baru', 'saja', 'bayar', 'pajak', 'kendaraan', 'saya', ',', 'nomor', 'platnya', 'C', '259', 'DK']","['O', 'O', 'O', 'O', 'O', 'O', 'O', 'O', 'O', 'B_Plate', 'I_Plate', 'I_Plate']"
1018,4/26/2024,21:27,Agnes,Ada yang tahu cara cek sertifikat tanah online? Nomor sertifikat tanahku: 2745478912.,FALSE,"['Ada', 'yang', 'tahu', 'cara', 'cek', 'sertifikat', 'tanah', 'online', '?', 'Nomor', 'sertifikat', 'tanahku', ':', '2745478912', '.']","['O', 'O', 'O', 'O', 'O', 'O', 'O', 'O', 'O', 'O', 'O', 'O', 'O', 'B_SSN', 'O']"
1019,5/7/2024,20:54,Cawisono,Aku lagi cari laptop buat kerja. Tapi bingung pilih ASUS atau Lenovo. Kalian rekomendasi apa?,FALSE,"['Aku', 'lagi', 'cari', 'laptop', 'buat', 'kerja', '.', 'Tapi', 'bingung', 'pilih', 'ASUS', 'atau', 'Lenovo', '.', 'Kalian', 'rekomendasi', 'apa', '?']","['O', 'O', 'O', 'O', 'O', 'O', 'O', 'O', 'O', 'O', 'O', 'O', 'O', 'O', 'O', 'O', 'O', 'O']"
1020,7/1/2024,22:40,Panji,Eh aku kuliah di Universitas Aliquid jurusan Armed forces training and education officer. Ini ada NIM aku 6887609.,FALSE,"['Eh', 'aku', 'kuliah', 'di', 'Universitas', 'Aliquid', 'jurusan', 'Armed', 'forces', 'training', 'and', 'education', 'officer', '.', 'Ini', 'ada', 'NIM', 'aku', '6887609', '.']","['O', 'O', 'O', 'O', 'B_Edu_Hist', 'I_Edu_Hist', 'I_Edu_Hist', 'I_Edu_Hist', 'I_Edu_Hist', 'I_Edu_Hist', 'I_Edu_Hist', 'I_Edu_Hist', 'I_Edu_Hist', 'O', 'O', 'O', 'O', 'O', 'B_SSN', 'O']"
1021,8/27/2024,17:09,Luhung,"Login terakhir terlihat di Tanjungpinang, terus riwayat pencarian aku malah nyasar ke hal random wkwk.",FALSE,"['Login', 'terakhir', 'terlihat', 'di', 'Tanjungpinang', ',', 'terus', 'riwayat', 'pencarian', 'aku', 'malah', 'nyasar', 'ke', 'hal', 'random', 'wkwk', '.']","['O', 'O', 'O', 'O', 'B_Location', 'O', 'O', 'O', 'O', 'O', 'O', 'O', 'O', 'O', 'O', 'O', 'O']"
1022,9/8/2024,21:09,Oliva,Ada yang punya tips buat bayar pajak kendaraan? Nomor pajak aku 227123206449,FALSE,"['Ada', 'yang', 'punya', 'tips', 'buat', 'bayar', 'pajak', 'kendaraan', '?', 'Nomor', 'pajak', 'aku', '227123206449']","['O', 'O', 'O', 'O', 'O', 'O', 'O', 'O', 'O', 'O', 'O', 'O', 'B_SSN']"
1023,9/23/2024,6:58,Victoria,"Tempat lahir aku di Bau-Bau, tanggal lahir 1996-04-01. Kenapa ya susah banget daftar NPWP?",FALSE,"['Tempat', 'lahir', 'aku', 'di', 'Bau', '-', 'Bau', ',', 'tanggal', 'lahir', '1996', '-', '04', '-', '01', '.', 'Kenapa', 'ya', 'susah', 'banget', 'daftar', 'NPWP', '?']","[ 'O', 'O', 'O','O', 'B_POB', 'I_POB', 'I_POB', 'O', 'O', 'O', 'O', 'B_DOB', 'I_DOB', 'I_DOB', 'I_DOB', 'I_DOB', 'O', 'O', 'O', 'O', 'O', 'O', 'O']"
1024,9/28/2024,6:18,Jarwi,"Nomor sertifikat rumahku 5837050836, harus aku perpanjang gak ya?",FALSE,"['Nomor', 'sertifikat', 'rumahku', '5837050836', ',', 'harus', 'aku', 'perpanjang', 'gak', 'ya', '?']","[ 'O', 'O', 'O', 'B_Asset', 'O', 'O', 'O', 'O', 'O', 'O', 'O']"
1025,10/9/2024,6:49,Ismail,"Guys, aku beli HP baru, mereknya CV Thamrin Tbk model eius dengan nomor seri 206354895138",FALSE,"['Guys', ',', 'aku', 'beli', 'HP', 'baru', ',', 'mereknya', 'CV', 'Thamrin', 'Tbk', 'model', 'eius', 'dengan', 'nomor', 'seri', '206354895138']","['O', 'O', 'O', 'O', 'B_Asset', 'I_Asset', 'I_Asset', 'I_Asset', 'I_Asset', 'I_Asset', 'I_Asset', 'I_Asset', 'I_Asset', 'I_Asset', 'I_Asset', 'I_Asset', 'I_Asset']"